SO.QBID,total_qi,auffaellig_n,auffaellig_quote,hat_viele_Probleme,SO.Name,SO.Betten,SO.Bundesland,SO.Uni,KH.Träger,KH.Träger.Art,SO.Latitude,SO.Longitude,SO.Standortnummer,fortbildungsquote,aerzte_pro_bett,pflege_pro_bett,ist_konzern
4876,19,18,0.9473684210526315,1,Park-Klinik GmbH,39,Schleswig-Holstein,0,Park-Klinik GmbH,privat,"54,326732","10,125615",773063000,1.0,0.358974358974359,2.4151282051282053,0
4878,2,2,1.0,1,Johanniter Tagesklinik Schwarzenbek,0,Schleswig-Holstein,0,Johanniter-Krankenhaus Geesthacht GmbH,freigemeinnützig,"53,50572","10,478568",772344000,1.0,,,0
4879,24,17,0.7083333333333334,0,Sankt Elisabeth Krankenhaus Kiel,43,Schleswig-Holstein,0,Lubinus-Kliniken GmbH,freigemeinnützig,"54,316855","10,127381",771993000,1.0,0.7999999999999999,0.8283720930232558,0
4880,16,11,0.6875,0,Malteser Krankenhaus St. Franziskus-Hospital,384,Schleswig-Holstein,0,Malteser Norddeutschland gGmbH,freigemeinnützig,"54,792584","9,420238",771320000,0.29850746268656714,0.38971354166666666,1.0222135416666667,0
4881,30,20,0.6666666666666666,0,Klinikum Nordfriesland gGmbH Inselklinik Föhr-Amrum,18,Schleswig-Holstein,0,Kreis Nordfriesland,öffentlich,"54,685194","8,564174",772457000,0.0,0.6622222222222223,1.0588888888888888,0
4882,35,25,0.7142857142857143,0,Lubinus Clinicum,139,Schleswig-Holstein,0,Lubinus-Kliniken GmbH,freigemeinnützig,"54,353175","10,116286",771994000,0.09259259259259259,0.8945323741007194,1.0433093525179857,0
4886,101,79,0.7821782178217822,1,DRK-Krankenhaus Mölln-Ratzeburg gGmbH,167,Schleswig-Holstein,0,DRK-Krankenhaus Mölln-Ratzeburg gGmbH,freigemeinnützig,"53,689611","10,77947",771582000,0.7906976744186046,0.4874850299401197,2.1571257485029935,1
4887,99,67,0.6767676767676768,0,Johanniter-Krankenhaus Geesthacht GmbH,195,Schleswig-Holstein,0,Johanniter-Krankenhaus Geesthacht GmbH,freigemeinnützig,"53,431633","10,385399",772342000,0.7272727272727273,0.5564615384615385,0.5735384615384616,0
4888,119,97,0.8151260504201681,1,DIAKO Klinikum,400,Schleswig-Holstein,0,DIAKO Krankenhaus gGmbH,freigemeinnützig,"54,790534","9,426069",773287000,0.35353535353535354,0.663175,1.3829,0
4889,63,34,0.5396825396825397,0,Klinikum Nordfriesland gGmbH Klinik Niebüll,135,Schleswig-Holstein,0,Kreis Nordfriesland,öffentlich,"54,792926","8,844419",773753000,0.2,0.48474074074074075,1.0817037037037036,0
4890,119,94,0.7899159663865546,1,Klinikum Nordfriesland gGmbH Klinik Husum,263,Schleswig-Holstein,0,Kreis Nordfriesland,öffentlich,"54,482391","9,05106",772465000,0.12307692307692308,0.5261977186311788,1.3677946768060838,0
4892,40,28,0.7,0,Asklepios Nordseeklinik Westerland,84,Schleswig-Holstein,0,Asklepios Kliniken Verwaltungsgesellschaft mbH,privat,"54,925322","8,313498",772802000,0.9565217391304348,0.5679761904761905,1.447142857142857,1
4893,13,9,0.6923076923076923,0,Klinik Dr. Winkler,13,Schleswig-Holstein,0,KLW Krankenhausbetriebsgesellschaft mbH &amp; Co. KG,privat,"54,479906","9,055962",771651000,1.0,0.5384615384615384,2.1553846153846155,0
4894,24,11,0.4583333333333333,0,AMEOS Klinikum Middelburg,120,Schleswig-Holstein,0,AMEOS Krankenhausgesellschaft Ostholstein mbH,privat,"54,082003","10,683575",773004000,0.6470588235294118,0.2535,1.09675,1
4895,5,3,0.6,0,AMEOS Krankenhausgesellschaft Ostholstein mbH - Klinikum Fehmarn,28,Schleswig-Holstein,0,AMEOS Krankenhausgesellschaft Ostholstein mbH,privat,"54,441313","11,175818",773005000,0.7692307692307693,0.6221428571428572,0.6907142857142857,1
4896,112,87,0.7767857142857143,1,AMEOS Krankenhausgesellschaft mbH - Klinikum Eutin,197,Schleswig-Holstein,0,AMEOS Krankenhausgesellschaft Ostholstein mbH,privat,"54,132942","10,601059",773006000,0.43037974683544306,0.7846192893401015,2.257005076142132,1
4897,82,69,0.8414634146341463,1,AMEOS Krankenhausgesellschaft Ostholstein mbH - Klinikum Oldenburg,151,Schleswig-Holstein,0,AMEOS Krankenhausgesellschaft Ostholstein mbH,privat,"54,290437","10,880278",773007000,0.5423728813559322,0.5780132450331126,1.6186754966887416,1
4898,2,2,1.0,1,AMEOS Klinikum Neustadt,162,Schleswig-Holstein,0,AMEOS Krankenhausgesellschaft Holstein mbH,privat,"54,104884","10,797655",772933000,0.125,0.16104938271604935,0.6040123456790123,1
4899,2,2,1.0,1,AMEOS Klinikum Lübeck,89,Schleswig-Holstein,0,AMEOS Krankenhausgesellschaft Holstein mbH,privat,"53,850123","10,6913",772934000,0.0,0.22865168539325845,0.49359550561797755,1
4901,2,2,1.0,1,AMEOS Klinikum Heiligenhafen,214,Schleswig-Holstein,0,AMEOS Krankenhausgesellschaft Holstein mbH,privat,"54,372918","10,963462",772926000,0.8125,0.1511214953271028,0.59,1
4902,2,2,1.0,1,AMEOS Klinikum Kiel,43,Schleswig-Holstein,0,AMEOS Krankenhausgesellschaft Holstein mbH,privat,"54,296553","10,185263",772927000,0.0,0.29790697674418604,0.37837209302325586,1
4903,2,2,1.0,1,AMEOS Klinikum Preetz,71,Schleswig-Holstein,0,AMEOS Krankenhausgesellschaft Holstein mbH,privat,"54,238803","10,276861",772928000,0.0,0.26943661971830984,0.45985915492957746,1
4905,35,6,0.17142857142857143,0,AMEOS Klinikum Oldenburg,23,Schleswig-Holstein,0,AMEOS Krankenhausgesellschaft Holstein mbH,privat,"54,289812","10,879972",773086000,,0.5504347826086956,0.8469565217391303,1
4906,2,2,1.0,1,Sankt Elisabeth Krankenhaus Eutin,118,Schleswig-Holstein,0,Elisabeth Vinzenz Verbund,freigemeinnützig,"54,138097","10,610882",771399000,0.625,0.2271186440677966,0.7844915254237289,0
4907,27,22,0.8148148148148148,1,Helios Agnes Karll Krankenhaus Bad Schwartau [BSC] [BSC],75,Schleswig-Holstein,0,Helios Agnes-Karll-Krankenhaus GmbH,privat,"53,922173","10,694108",771825000,,0.5066666666666667,1.2786666666666666,1
4908,5,4,0.8,1,AUGUST-BIER-KLINIK - Neurologie und Rehabilitation,51,Schleswig-Holstein,0,"AUGUST-BIER-KLINIK, Fachklinik für Neurologie, Neurotraumatologie und Rehabilitation",freigemeinnützig,"54,164136","10,54777",772843000,1.0,0.20745098039215687,0.9133333333333333,0
4909,118,98,0.8305084745762712,1,Regio Kliniken GmbH - Klinikum Pinneberg,268,Schleswig-Holstein,0,Regio Kliniken GmbH,privat,"53,65459","9,811319",772624000,0.9166666666666666,0.6830223880597015,1.034365671641791,0
4910,78,65,0.8333333333333334,1,Regio Kliniken GmbH - Klinikum Elmshorn,499,Schleswig-Holstein,0,Regio Kliniken GmbH,privat,"53,75251","9,681757",772625000,0.5396825396825397,0.4029058116232465,0.6654308617234469,0
4913,72,67,0.9305555555555556,1,Klinik Preetz,172,Schleswig-Holstein,0,Kreis Plön,öffentlich,"54,238952","10,278457",771667000,,0.4493023255813954,0.9111046511627907,0
4915,119,99,0.8319327731092437,1,Schön Klinik Rendsburg,613,Schleswig-Holstein,0,Schön Klinik Rendsburg-Eckernförde SE & Co. KG,privat,"54,297087","9,659487",773201000,0.22289156626506024,0.5431647634584014,0.8061827079934747,0
4916,41,29,0.7073170731707317,0,Schön Klinik Eckernförde,183,Schleswig-Holstein,0,Schön Klinik Rendsburg-Eckernförde SE & Co. KG,privat,"54,482649","9,816604",773202000,0.3333333333333333,0.3888524590163934,0.6402185792349727,0
4917,113,93,0.8230088495575221,1,HELIOS Klinik Schleswig GmbH,307,Schleswig-Holstein,0,HELIOS Klinik Schleswig GmbH ,privat,"54,523068","9,569834",773094000,0.75,0.5912052117263844,1.0475570032573291,1
4924,20,13,0.65,0,Margarethen Klinik GmbH,17,Schleswig-Holstein,0,Stingray Healthcare SA,privat,"54,658511","9,924682",773441000,,0.29411764705882354,0.7776470588235294,0
4925,2,2,1.0,1,Psychiatrisches Krankenhaus Rickling,360,Schleswig-Holstein,0,Landesverein für Innere Mission in Schleswig-Holstein,freigemeinnützig,"53,999535","10,174524",773366000,0.7941176470588235,0.20019444444444445,0.7029444444444444,0
4926,46,14,0.30434782608695654,0,Klinikum Bad Bramstedt GmbH,146,Schleswig-Holstein,0,"DRV Nord 70,57 %, Stadt Bad Bramstedt 12,45 %, Universitätsklinikum Hamburg-Eppendorf (UKE) 16,98 %",,"53,903603","9,893347",771589000,0.75,0.3599315068493151,0.5688356164383562,0
4927,154,119,0.7727272727272727,1,SEGEBERGER KLINIKEN GMBH-Standort Bad Segeberg,521,Schleswig-Holstein,0,SEGEBERGER KLINIKEN GMBH,privat,"53,943459","10,307964",771942000,0.5333333333333333,0.4134548944337812,0.7622840690978886,0
4928,29,28,0.9655172413793104,1,SEGEBERGER KLINIKEN GMBH-Standort Praxisklinik Norderstedt,13,Schleswig-Holstein,0,SEGEBERGER KLINIKEN GMBH,privat,"53,704603","9,994558",771943000,0.5,0.64,0.75,0
4929,115,97,0.8434782608695652,1,Klinikum Itzehoe,601,Schleswig-Holstein,0,Zweckverband des Kreises Steinburg und der Stadt Itzehoe,öffentlich,"53,941633","9,503554",772665000,0.7330316742081447,0.6946755407653911,1.5039600665557404,0
4932,136,95,0.6985294117647058,0,Krankenhaus Reinbek St. Adolf-Stift GmbH,351,Schleswig-Holstein,0,Elisabeth Vinzenz Verbund GmbH,freigemeinnützig,"53,510301","10,241016",772660000,0.6160714285714286,0.684985754985755,1.4265527065527066,0
4933,20,16,0.8,1,"Vamed Ostseeklinik Damp
",179,Schleswig-Holstein,0,Vamed Ostseeklinik Damp GmbH,privat,"54,586144","10,022007",772329000,0.8888888888888888,0.493854748603352,0.641340782122905,1
4935,5,5,1.0,1,Paracelsus-Nordseeklinik Helgoland,24,Schleswig-Holstein,0,Park-Hospital GmbH,privat,"54,178953","7,886474",772807000,1.0,0.2916666666666667,0.7333333333333334,0
4936,115,90,0.782608695652174,1,FEK - Friedrich-Ebert-Krankenhaus Neumünster GmbH,695,Schleswig-Holstein,0,Stadt Neumünster,öffentlich,"54,065914","9,992159",772073000,0.4161490683229814,0.4758561151079137,1.104115107913669,0
4940,64,38,0.59375,0,Westküstenklinikum Brunsbüttel,130,Schleswig-Holstein,0,Kreis Dithmarschen,öffentlich,"53,89993","9,145466",771041000,0.1111111111111111,0.36738461538461537,1.1511538461538462,0
4941,115,75,0.6521739130434783,0,Schön Klinik Neustadt,366,Schleswig-Holstein,0,Schön Klinik Neustadt SE & Co. KG,privat,"54,091062","10,828684",771982000,1.0,0.5068852459016394,1.327896174863388,0
4942,145,106,0.7310344827586207,0,Westküstenklinikum Heide,681,Schleswig-Holstein,0,Kreis Dithmarschen,öffentlich,"54,199695","9,080427",771042000,0.2865853658536585,0.5387518355359765,1.168928046989721,0
4945,2,1,0.5,0,Krankenhaus Rotes Kreuz Lübeck -Geriatriezentrum-,187,Schleswig-Holstein,0,DRK-Schwesternschaft Lübeck e. V. und AMEOS Krankenhausgesellschaft Südholstein mbH,privat,"53,873195","10,708385",771132000,0.2857142857142857,0.2318716577540107,0.6662032085561498,0
4946,79,54,0.6835443037974683,0,Asklepios Klinik Bad Oldesloe,136,Schleswig-Holstein,0,Asklepios Kliniken Gauting GmbH,privat,"53,812444","10,363881",772748000,0.08333333333333333,0.3815441176470588,0.9108088235294118,1
4948,2,2,1.0,1,Klinik für Geriatrie Ratzeburg GmbH,69,Schleswig-Holstein,0,Klinik für Geriatrie Ratzeburg GmbH,privat,"53,682452","10,769003",772645000,0.0,0.20942028985507247,0.7031884057971015,0
4949,33,26,0.7878787878787878,1,Paracelsus-Klinik Henstedt-Ulzburg,143,Schleswig-Holstein,0,Paracelsus-Kliniken Deutschland GmbH & Co. KGaA,privat,"53,749385","10,008264",773582000,1.0,0.41384615384615386,1.5776223776223777,0
4951,17,16,0.9411764705882353,1,Klinik Manhagen,124,Schleswig-Holstein,0,Klinik Manhagen GmbH & Co. KG,privat,"53,663246","10,256983",773452000,0.8979591836734694,0.6029032258064516,1.0558870967741936,0
4952,5,3,0.6,0,Johanniter Geriatrie und Seniorenzentrum Geesthacht GmbH,67,Schleswig-Holstein,0,Johanniter Geriatrie und Seniorenzentrum Geesthacht GmbH,öffentlich,"53,423516","10,385719",772870000,1.0,0.22597014925373135,0.42597014925373133,0
4953,21,21,1.0,1,HELIOS Klinik Kiel,60,Schleswig-Holstein,0,HELIOS Klinik Kiel GmbH,privat,"54,304575","10,116556",772677000,,0.5666666666666667,0.7799999999999999,1
4954,2,2,1.0,1,VAMED Klinik Geesthacht: Akutbereich enthalten sind nur die Daten der Patientinnen/Patienten der besonderen Einrichtung ohne Patientinnen/Patienten aus dem Reha-Bereich,70,Schleswig-Holstein,0,VAMED Klinik Geesthacht GmbH ,privat,"53,427301","10,387481",773466000,0.875,0.25571428571428567,0.7114285714285714,1
4955,66,24,0.36363636363636365,0,UNIVERSITÄTSKLINIKUM Schleswig-Holstein UKSH Kooperation am WKK Heide,1,Schleswig-Holstein,1,Das Land Schleswig-Holstein,öffentlich,"54,19941","9,078391",773087000,,0.8,0.0,1
4956,176,144,0.8181818181818182,1,UNIVERSITÄTSKLINIKUM Schleswig-Holstein Campus Lübeck,937,Schleswig-Holstein,1,Das Land Schleswig-Holstein,öffentlich,"53,835847","10,708595",773447000,0.5270935960591133,1.2444397011739594,3.1353681963713984,1
4957,2,1,0.5,0,Zentrum für Integrative Psychiatrie ZIP gGmbH,251,Schleswig-Holstein,0,Zentrum für Integrative Psychiatrie - ZIP gGmbH,,"54,343112","10,145604",773239000,1.0,0.31047808764940243,0.6756175298804782,0
4958,193,153,0.7927461139896373,1,UNIVERSITÄTSKLINIKUM Schleswig-Holstein Campus Kiel,958,Schleswig-Holstein,1,Das Land Schleswig-Holstein,öffentlich,"54,329667","10,142877",773448000,0.4988399071925754,1.3153444676409187,3.3418997912317328,1
4961,16,15,0.9375,1,Sana Kliniken Lübeck GmbH Praxisklinik Travemünde,27,Schleswig-Holstein,0,Sana Kliniken Lübeck GmbH,privat,"53,962365","10,857538",772497000,0.5714285714285714,0.2896296296296296,0.6907407407407407,1
4962,91,72,0.7912087912087912,1,Sana Kliniken Lübeck GmbH Krankenhaus Süd,400,Schleswig-Holstein,0,Sana Kliniken Lübeck GmbH,privat,"53,8488","10,687593",772498000,0.5826771653543307,0.527,1.217225,1
4963,120,94,0.7833333333333333,1,Städtisches Krankenhaus Kiel GmbH,605,Schleswig-Holstein,0,Landeshauptstadt Kiel,öffentlich,"54,322907","10,117074",772314000,0.6891891891891891,0.601206611570248,1.0984793388429752,0
4965,2,2,1.0,1,Zentrum für Integrative Psychiatrie ZIP gGmbH,175,Schleswig-Holstein,0,Zentrum für Integrative Psychiatrie ZIP gGmbH,,"53,838687","10,706324",773241000,1.0,0.25205714285714287,0.5608,0
4968,19,11,0.5789473684210527,0,Klinik Klosterstraße GmbH,3,Schleswig-Holstein,0,Klinik Klosterstraße GmbH,privat,"54,07876","9,994763",773716000,,1.0,3.1533333333333338,0
4970,197,171,0.868020304568528,1,Universitätsklinikum Hamburg-Eppendorf,1741,Hamburg,1,Freie und Hansestadt Hamburg,öffentlich,"53,589913","9,974762",773675000,0.3359639233370913,1.2045950603101665,1.9318207926479036,1
4971,113,95,0.8407079646017699,1,Asklepios Klinik St. Georg,651,Hamburg,0,Asklepios Kliniken Hamburg GmbH,privat,"53,560322","10,016165",772681000,0.6012269938650306,0.5077572964669739,1.9240860215053763,1
4972,118,100,0.847457627118644,1,Asklepios Klinik Barmbek,662,Hamburg,0,Asklepios Kliniken Hamburg GmbH,privat,"53,606101","10,035914",772584000,0.49375,0.4825075528700907,1.4273413897280967,1
4973,107,68,0.6355140186915887,0,Schön Klinik Hamburg Eilbek,770,Hamburg,0,Schön Klinik Hamburg SE & Co. KG,privat,"53,577924","10,054194",772530000,0.26666666666666666,0.38461038961038957,1.0334285714285714,0
4974,128,84,0.65625,0,Asklepios Klinik Altona,629,Hamburg,0,Asklepios Kliniken Hamburg GmbH,privat,"53,554266","9,901287",773229000,0.5844155844155844,0.47124006359300474,1.170222575516693,1
4977,133,91,0.6842105263157895,0,Asklepios Klinikum Harburg,852,Hamburg,0,Asklepios Kliniken GmbH & Co. KGaA,privat,"53,460712","9,950499",772901000,0.5947136563876652,0.42660798122065724,1.7998708920187794,1
4978,80,61,0.7625,0,Asklepios  Westklinikum Hamburg GmbH,553,Hamburg,0,Asklepios Westklinikum Hamburg GmbH,privat,"53,582462","9,776989",773544000,0.5268817204301075,0.27245931283905966,1.0830198915009042,1
4982,125,89,0.712,0,Asklepios Klinik Wandsbek,515,Hamburg,0,Asklepios Kliniken Hamburg GmbH,privat,"53,569835","10,089033",772924000,0.18446601941747573,0.3237864077669903,1.142252427184466,1
4983,8,7,0.875,1,AKK Altonaer Kinderkrankenhaus gGmbH Neugeborenen Intensiv am Albertinen KH,8,Hamburg,0,AKK Altonaer Kinderkrankenhaus gGmbH,freigemeinnützig,"53,631449","9,905438",773692000,0.2,1.3375,2.0125,0
4984,147,121,0.8231292517006803,1,Albertinen-Krankenhaus / Albertinen-Haus gemeinnützige GmbH,770,Hamburg,0,Immanuel Albertinen Diakonie gGmbH,freigemeinnützig,"53,631362","9,905443",773271000,0.6254980079681275,0.437948051948052,1.6089610389610387,0
4985,21,13,0.6190476190476191,0,AKK Altonaer Kinderkrankenhaus gGmbH,242,Hamburg,0,AKK Altonaer Kinderkrankenhaus gGmbH,freigemeinnützig,"53,55116","9,913027",773693000,0.6542056074766355,0.8264876033057851,1.5531818181818182,0
4986,104,86,0.8269230769230769,1,Evangelisches Amalie Sieveking Krankenhaus,341,Hamburg,0,Ev. Amalie Sieveking Krankenhaus gGmbH,freigemeinnützig,"53,641471","10,151569",772845000,0.7745098039215687,0.530850439882698,1.4493255131964808,0
4987,24,23,0.9583333333333334,1,BG Klinikum Hamburg gGmbH,471,Hamburg,0,BG Klinikum Hamburg gGmbH,öffentlich,"53,506117","10,177214",771495000,0.7631578947368421,0.8293630573248407,1.852335456475584,0
4988,16,16,1.0,1,Evangelisches Krankenhaus Alsterdorf gemeinnützige GmbH,405,Hamburg,0,Evangelisches Krankenhaus Alsterdorf gemeinnützige GmbH,freigemeinnützig,"53,614085","10,024509",771793000,0.6764705882352942,0.2782469135802469,0.6672345679012346,0
4993,2,2,1.0,1,Heinrich Sengelmann Kliniken gGmbH - Krankenhaus für Psychiatrie und Psychotherapie,229,Schleswig-Holstein,0,Evangelische Stiftung Alsterdorf,freigemeinnützig,"53,757848","10,152354",772868000,0.7619047619047619,0.17729257641921398,0.6275109170305676,0
4994,64,48,0.75,0,Israelitisches Krankenhaus in Hamburg,152,Hamburg,0,Stiftung Israelitisches Krankenhaus in Hamburg,freigemeinnützig,"53,605628","9,99068",773032000,0.43137254901960786,0.6736842105263158,1.4530263157894738,0
4995,21,17,0.8095238095238095,1,Katholisches Kinderkrankenhaus Wilhelmstift gGmbH,255,Hamburg,0,Katholische Kinderkrankenhaus gGmbH,freigemeinnützig,"53,586911","10,164346",771668000,0.5540540540540541,0.7212549019607843,0.9485098039215686,0
4997,8,6,0.75,0,Neonatologische Intensivstation (MK),19,Hamburg,0,Katholisches Kinderkrankenhaus Wilhelmstift gGmbH,freigemeinnützig,"53,55932","10,031761",771670000,0.5,1.5578947368421054,1.9205263157894739,0
4998,8,7,0.875,1,Neonatologische Station am AK Wandsbek,4,Hamburg,0,Asklepios Kliniken Hamburg GmbH,privat,"53,569867","10,088879",771671000,0.0,2.4,0.0,0
5000,17,16,0.9411764705882353,1,Helios ENDO-Klinik Hamburg,169,Hamburg,0,Helios ENDO-Klinik Hamburg GmbH,privat,"53,550914","9,95519",771358000,0.7049180327868853,0.7485207100591716,1.5751479289940828,1
5001,19,17,0.8947368421052632,1,Krankenhaus Jerusalem,20,Hamburg,0,Krankenhaus Jerusalem GmbH,privat,"53,569531","9,967286",772063000,,0.8,3.075,0
5002,108,68,0.6296296296296297,0,Helios Mariahilf Klinik Hamburg,176,Hamburg,0,Helios Mariahilf Klinik Hamburg GmbH,privat,"53,47088","9,937646",773111000,0.9024390243902439,0.5954545454545455,1.50625,1
5003,142,102,0.7183098591549296,0,Kath. Marienkrankenhaus gGmbH,578,Hamburg,0,ANSGAR GRUPPE gemeinnützige GmbH,freigemeinnützig,"53,558687","10,030158",772533000,0.6666666666666666,0.593910034602076,1.4282179930795849,0
5004,54,24,0.4444444444444444,0,Wilhelmsburger Krankenhaus Groß-Sand,209,Hamburg,0,"Das Wilhelmsburger Krankenhaus Groß Sand befindet sich als Sondervermögen seit dem 19. September 2021 in der Trägerschaft der katholischen Pfarrei St. Maximilian Kolbe, Hamburg-Wilhelmsburg.",freigemeinnützig,"53,503689","9,985963",771677000,0.5757575757575758,0.38765550239234453,0.958421052631579,0
5005,17,14,0.8235294117647058,1,KLINIK DR. GUTH der Klinikgruppe Dr. Guth GmbH & Co. KG,52,Hamburg,0,Klinikgruppe Dr. Guth GmbH & Co. KG,privat,"53,557026","9,853501",771447000,0.9090909090909091,0.7857692307692308,0.8540384615384615,0
5006,17,14,0.8235294117647058,1,Krankenhaus Tabea,182,Hamburg,0,Artemed SE,privat,"53,564394","9,791365",772380000,0.75,0.3764835164835165,0.5025274725274725,0
5007,5,2,0.4,0,Asklepios Klinik Nord - Ochsenzoll,585,Hamburg,0,Asklepios Kliniken Hamburg GmbH,privat,"53,673676","10,004052",773413000,0.2073170731707317,0.1790940170940171,0.5999487179487178,1
5008,2,2,1.0,1,Asklepios Klinik Nord - Wandsbek,172,Hamburg,0,Asklepios Kliniken Hamburg GmbH,privat,"53,569166","10,086681",773414000,0.1111111111111111,0.35563953488372096,0.7709883720930233,1
5011,129,88,0.6821705426356589,0,Asklepios Klinik Nord - Heidberg,656,Hamburg,0,Asklepios Kliniken Hamburg GmbH,privat,"53,67473","10,029191",773463000,0.35333333333333333,0.5096646341463414,1.6899085365853657,1
5015,13,9,0.6923076923076923,0,Praxis-Klinik Bergedorf,16,Hamburg,0,Praxis-Klinik Bergedorf GmbH,privat,"53,494122","10,206432",771913000,0.10526315789473684,1.7506249999999999,3.02,0
5016,120,87,0.725,0,AGAPLESION BETHESDA KRANKENHAUS BERGEDORF GgmbH,344,Hamburg,0,Agaplesion gemeinnützige Aktiengesellschaft und Evangelische Stiftung Bethesda,freigemeinnützig,"53,48621","10,235928",772680000,0.9647058823529412,0.5113662790697674,1.086046511627907,1
5017,38,32,0.8421052631578947,1,Facharztklinik Hamburg,90,Hamburg,0,AMF Facharztklinik Hamburg GmbH,freigemeinnützig,"53,588397","9,972769",772159000,1.0,0.5057777777777778,0.8711111111111111,0
5018,96,79,0.8229166666666666,1,AGAPLESION DIAKONIEKLINIKUM HAMBURG,385,Hamburg,0,AGAPLESION DIAKONIEKLINIKUM HAMBURG,freigemeinnützig,"53,571186","9,965228",772836000,0.723404255319149,0.6416363636363637,1.1983376623376623,1
5019,82,59,0.7195121951219512,0,Bundeswehrkrankenhaus Hamburg,307,Hamburg,0,Bundesministerium der Verteidigung,öffentlich,"53,594014","10,074613",771803000,0.6966292134831461,1.4417915309446254,0.9733550488599348,0
5020,13,9,0.6923076923076923,0,ATOS Klinik Fleetinsel GmbH & Co. KG,36,Hamburg,0,ATOS Klinik Fleetinsel Hamburg,privat,"53,54837","9,984779",773453000,0.1724137931034483,0.9211111111111112,1.0127777777777778,0
5021,5,5,1.0,1,SKH Stadtteilklinik Hamburg,15,Hamburg,0,alanta med GmbH,privat,"53,529077","10,147964",773426000,1.0,0.6,0.9286666666666666,0
5022,56,27,0.48214285714285715,0,Deister Süntel Klinik,58,Niedersachsen,0,Deister-Süntel-Klinik GmbH,privat,"52,208128","9,473372",772689000,0.0,0.2939655172413793,0.8522413793103448,0
5023,107,64,0.5981308411214953,0,Klinikum Hann. Münden,160,Niedersachsen,0,Klinikum Hann. Münden GmbH,privat,"51,39831","9,658112",773011000,0.7878787878787878,0.44437499999999996,1.3431250000000001,0
5025,103,86,0.8349514563106796,1,AGAPLESION EV. KLINIKUM SCHAUMBURG gGmbH,437,Niedersachsen,0,AGAPLESION EV. KLINIKUM SCHAUMBURG gemeinnützige GmbH,freigemeinnützig,"52,26475","9,105278",771343000,0.8804347826086957,0.3959725400457666,1.5479633867276885,1
5026,113,82,0.7256637168141593,0,Delme-Klinikum Delmenhorst GmbH,289,Niedersachsen,0,Stadt Delmenhorst,öffentlich,"53,044825","8,592883",771245000,0.76,0.5651557093425605,1.241453287197232,0
5027,12,9,0.75,0,Asklepios Harzklinik Bad Harzburg,66,Niedersachsen,0,Asklepios Kliniken Verwaltungsgesellschaft mbH,privat,"51,886155","10,575004",773538000,0.0,0.2893939393939394,0.7406060606060605,1
5028,2,2,1.0,1,Diabeteszentrum Bad Lauterberg,62,Niedersachsen,0,Gemeinnützige Stiftung für Diabetes-Therapie in Bad Lauterberg,freigemeinnützig,"51,627743","10,472389",773567000,1.0,0.25822580645161286,0.48370967741935483,0
5032,88,41,0.4659090909090909,0,Krankenhaus Marienstift,147,Niedersachsen,0,Krankenhaus Marienstift gGmbH,freigemeinnützig,"52,258362","10,545156",772897000,1.0,0.49442176870748306,1.3477551020408163,0
5034,54,27,0.5,0,Stiftung Herzogin Elisabeth Hospital,205,Niedersachsen,0,Stiftung Herzogin Elisabeth Hospital (Stiftung bürgerlichen Rechts),freigemeinnützig,"52,2333","10,526696",772795000,0.7654320987654321,0.7964390243902439,1.965609756097561,0
5035,2,2,1.0,1,Kirchberg-Klinik Bad Lauterberg,35,Niedersachsen,0,Goll&eacute;e GmbH & Co.,privat,"51,626071","10,469239",773576000,1.0,0.19028571428571425,0.38971428571428574,0
5037,31,26,0.8387096774193549,1,Einbecker BürgerSpital GmbH,103,Niedersachsen,0,Einbecker BürgerSpital GmbH,privat,"51,833754","9,86887",772688000,0.875,0.4023300970873786,1.1076699029126214,0
5038,116,97,0.8362068965517241,1,HELIOS Klinikum Gifhorn GmbH,344,Niedersachsen,0,Helios Klinikum Gifhorn GmbH,privat,"52,496605","10,548191",772608000,0.6373626373626373,0.48750000000000004,1.5549418604651162,1
5039,155,125,0.8064516129032258,1,Universitätsmedizin Göttingen,1634,Niedersachsen,1,Georg-August-Universität Göttingen,öffentlich,"51,550536","9,942436",772918000,0.030364372469635626,0.8839902080783354,1.181138310893513,1
5041,2,2,1.0,1,Asklepios Fachklinikum Göttingen,428,Niedersachsen,0,"Asklepios Psychiatrie Niedersachsen GmbH, Rosdorfer Weg 70, 37081 Göttingen",privat,"51,524367","9,916656",773661000,0.7894736842105263,0.19175233644859813,0.8630140186915888,1
5042,94,76,0.8085106382978723,1,Evangelisches Krankenhaus Göttingen-Weende gGmbH,433,Niedersachsen,0,Evangelisches Krankenhaus Göttingen-Weende e.V.,freigemeinnützig,"51,554868","9,943659",772684000,0.8977272727272727,0.4972517321016166,1.489515011547344,0
5043,124,79,0.6370967741935484,0,Asklepios Harzklinik Goslar,269,Niedersachsen,0,Asklepios Kliniken Verwaltungsgesellschaft mbH,privat,"51,928337","10,441874",773543000,0.1346153846153846,0.3287360594795539,1.1402230483271376,1
5045,107,79,0.7383177570093458,0,Helios St. Marienberg Klinik Helmstedt GmbH,263,Niedersachsen,0,Helios St. Marienberg Klinik Helmstedt GmbH,privat,"52,232069","10,999751",772882000,0.7564102564102564,0.5904942965779467,1.2992015209125476,1
5051,2,2,1.0,1,AWO Psychiatriezentrum,741,Niedersachsen,0,AWO Niedersachsen gGmbH,freigemeinnützig,"52,244086","10,812192",773394000,0.5454545454545454,0.09816464237516868,0.5550877192982455,0
5052,2,2,1.0,1,DR. FONTHEIM Mentale Gesundheit Klinik für Psychiatrie Psychotherapie und Psychosomatik,285,Niedersachsen,0,DR. FONTHEIM GmbH & Co. KG,privat,"52,022732","10,433229",771488000,0.46875,0.20712280701754388,0.588280701754386,0
5053,139,85,0.6115107913669064,0,HELIOS Albert-Schweitzer-Klinik Northeim [NOM],210,Niedersachsen,0,HELIOS Albert-Schweitzer-Klinik Northeim GmbH,privat,"51,72942","9,978562",772891000,0.6956521739130435,0.6695238095238095,1.4686666666666668,1
5054,105,77,0.7333333333333333,0,Helios Klinik Herzberg/Osterode,214,Niedersachsen,0,Helios Klinik Herzberg/Osterode GmbH,privat,"51,669421","10,343407",771053000,0.8837209302325582,0.5439252336448598,1.6429906542056076,1
5055,92,74,0.8043478260869565,1,Klinikum Peine gGmbH,275,Niedersachsen,0,Klinikum Peine gGmbH,öffentlich,"52,301799","10,23785",772724000,0.0784313725490196,0.4984363636363636,1.2386909090909093,0
5057,91,65,0.7142857142857143,0,St. Elisabeth-Krankenhaus Salzgitter gGmbH,102,Niedersachsen,0,St. Elisabeth-Krankenhaus Salzgitter gGmbH,freigemeinnützig,"52,045608","10,371264",773694000,0.05555555555555555,0.5154901960784314,1.4531372549019608,0
5058,111,87,0.7837837837837838,1,Helios Klinikum Salzgitter GmbH,296,Niedersachsen,0,Helios Klinikum Salzgitter GmbH,privat,"52,153616","10,318831",772993000,0.8333333333333334,0.5317567567567568,1.3343581081081082,1
5059,37,27,0.7297297297297297,0,Helios Klinik Wittingen GmbH,35,Niedersachsen,0,Helios Klinik Wittingen GmbH,privat,"52,730123","10,739675",771218000,0.6666666666666666,0.4828571428571428,1.8314285714285712,1
5060,107,83,0.7757009345794392,1,Städtisches Klinikum Wolfenbüttel gGmbH,283,Niedersachsen,0,Städtisches Klinikum Wolfenbüttel gGmbH,öffentlich,"52,180352","10,533",771528000,0.1320754716981132,0.6269257950530036,1.8882685512367492,0
5061,9,6,0.6666666666666666,0,Venenzentrum Braunschweig - Zuckerbergweg,16,Niedersachsen,0,Venenzentrum Braunschweig GmbH,privat,"52,241922","10,529373",773727000,0.3333333333333333,1.575,1.38125,0
5062,120,103,0.8583333333333333,1,Klinikum Wolfsburg,547,Niedersachsen,0,Stadt Wolfsburg,öffentlich,"52,413657","10,769417",771722000,0.6142131979695431,0.7125776965265083,1.3027787934186472,0
5063,2,2,1.0,1,Venenzentrum Braunschweig - Kastanienallee,6,Niedersachsen,0,Venenzentrum Braunschweig GmbH,privat,"52,263237","10,543999",773728000,0.3333333333333333,0.8333333333333334,1.0833333333333333,0
5064,60,47,0.7833333333333333,1,Asklepios Klinik Schildautal Seesen,334,Niedersachsen,0,Asklepios Klinik Schildautal Seesen GmbH,privat,"51,88282","10,216297",772540000,0.5,0.18053892215568862,0.9929041916167665,1
5065,71,32,0.4507042253521127,0,Evangelisches Krankenhaus Göttingen-Weende gGmbH - Krankenhaus Neu-Mariahilf,104,Niedersachsen,0,Evangelisches Krankenhaus Göttingen-Weende gGmbH,freigemeinnützig,"51,541793","9,94288",772685000,0.9047619047619048,0.4778846153846154,0.8127884615384615,0
5067,76,55,0.7236842105263158,0,AGAPLESION KRANKENHAUS NEU BETHLEHEM gGmbH,100,Niedersachsen,0,AGAPLESION KRANKENHAUS NEU BETHLEHEM gemeinnützige GmbH,freigemeinnützig,"51,540745","9,943151",772116000,0.9782608695652174,0.6469,1.4546999999999999,1
5068,51,31,0.6078431372549019,0,AMEOS Klinikum Alfeld,125,Niedersachsen,0,AMEOS Gruppe,privat,"51,994454","9,832406",772520000,0.95,0.35736,0.8144,1
5071,54,19,0.35185185185185186,0,Kliniken Landkreis Diepholz gGmbH Klinik Bassum und Zentrum für seelische Gesundheit,250,Niedersachsen,0,Kliniken Landkreis Diepholz gGmbH,freigemeinnützig,"52,844322","8,72839",773073000,0.2,0.36672,0.96088,0
5073,84,73,0.8690476190476191,1,Kliniken Landkreis Diepholz gGmbH Klinik Diepholz,116,Niedersachsen,0,Kliniken Landkreis Diepholz gGmbH,freigemeinnützig,"52,61073","8,376812",772869000,0.16666666666666666,0.5289655172413793,1.234741379310345,0
5074,40,31,0.775,1,Johanniter-Krankenhaus Gronau GmbH,111,Niedersachsen,0,Johanniter-Krankenhaus Gronau GmbH,freigemeinnützig,"52,082623","9,766989",771264000,1.0,0.5028828828828829,0.806036036036036,0
5075,119,102,0.8571428571428571,1,Gesundheitseinrichtungen Hameln-Pyrmont GmbH - Sana Klinikum Hameln-Pyrmont,402,Niedersachsen,0,Sana Kliniken AG,privat,"52,107513","9,352172",771624000,0.38613861386138615,0.5161940298507462,0.722636815920398,0
5076,13,13,1.0,1,Sophienklinik GmbH,117,Niedersachsen,0,Sophienklinik GmbH,privat,"52,362268","9,777482",772573000,,0.5982905982905983,0.7018803418803419,0
5077,86,67,0.7790697674418605,1,DRK-Krankenhaus Clementinenhaus,195,Niedersachsen,0,DRK-Krankenhaus Clementinenhaus - Stiftung des bürgerlichen Rechts -,freigemeinnützig,"52,38695","9,74456",771605000,0.75,0.572,1.3038974358974358,1
5079,8,5,0.625,0,Kinder- und Jugendkrankenhaus AUF DER BULT Perinatalzentrum Hannover,9,Niedersachsen,0,Stiftung Hannoversche Kinderheilanstalt,freigemeinnützig,"52,363217","9,828181",773747000,0.7142857142857143,1.4555555555555555,2.7644444444444445,0
5080,21,18,0.8571428571428571,1,Kinder- und Jugendkrankenhaus AUF DER BULT,251,Niedersachsen,0,Stiftung Hannoversche Kinderheilanstalt,freigemeinnützig,"52,360189","9,77768",772825000,0.6571428571428571,0.6914342629482072,1.4627091633466134,0
5081,71,61,0.8591549295774648,1,DIAKOVERE Henriettenstift ,307,Niedersachsen,0,DIAKOVERE Krankenhaus gGmbH,freigemeinnützig,"52,369844","9,753605",773197000,0.9512195121951219,0.6332247557003258,1.1978175895765473,0
5082,39,27,0.6923076923076923,0,DIAKOVERE Henriettenstift,198,Niedersachsen,0,DIAKOVERE Krankenhaus gGmbH,freigemeinnützig,"52,363263","9,828185",773198000,0.9259259259259259,0.35353535353535354,0.6194949494949495,0
5083,93,69,0.7419354838709677,0,DIAKOVERE Friederikenstift ,428,Niedersachsen,0,DIAKOVERE Krankenhaus gGmbH,freigemeinnützig,"52,370724","9,724569",773199000,0.9595959595959596,0.5850467289719626,1.00303738317757,0
5084,71,61,0.8591549295774648,1,KRH Klinikum Nordstadt,408,Niedersachsen,0,Klinikum Region Hannover GmbH,öffentlich,"52,392685","9,71459",772915000,0.23711340206185566,0.7029166666666667,1.5148284313725489,0
5085,194,167,0.8608247422680413,1,Medizinische Hochschule Hannover,1520,Niedersachsen,1,Land Niedersachsen,öffentlich,"52,38357","9,806128",771519000,0.0,0.8598223684210526,1.3516052631578948,0
5086,119,93,0.7815126050420168,1,Vinzenzkrankenhaus Hannover GmbH,345,Niedersachsen,0,Vinzenzkrankenhaus Hannover GmbH,freigemeinnützig,"52,359112","9,814378",771767000,0.5408163265306123,0.6188115942028986,1.3834782608695653,0
5087,14,11,0.7857142857142857,1,BDH-Klinik Hessisch Oldendorf gGmbH,140,Niedersachsen,0,"BDH, Bundesverband Rehabilitation e. V. Bonn (Alleingesellschafter)",freigemeinnützig,"52,173539","9,249765",773490000,0.65,0.34171428571428575,1.3817857142857144,0
5088,121,99,0.8181818181818182,1,St. Bernward Krankenhaus,508,Niedersachsen,0,St. Bernward Krankenhaus GmbH,,"52,147219","9,947459",772333000,0.7661290322580645,0.6306496062992126,1.1324803149606297,0
5089,145,107,0.7379310344827587,0,Helios Klinikum Hildesheim GmbH,579,Niedersachsen,0,Helios Kliniken GmbH,privat,"52,151615","9,975515",772733000,0.7262569832402235,0.5578583765112263,1.4300518134715026,1
5091,2,2,1.0,1,KRH Psychiatrie Langenhagen,202,Niedersachsen,0,Klinikum Region Hannover Psychiatrie GmbH,öffentlich,"52,442847","9,740296",772931000,0.5789473684210527,0.16821782178217823,0.7252970297029704,0
5092,19,14,0.7368421052631579,0,Paracelsus-Klinik am Silbersee,120,Niedersachsen,0,Paracelsus Kliniken Deutschland GmbH&Co. KG aA,privat,"52,434122","9,757718",771849000,0.8333333333333334,0.42049999999999993,0.8770833333333333,0
5097,2,1,0.5,0,Klinikum Wahrendorff,341,Niedersachsen,0,Klinikum Wahrendorff,privat,"52,34423","9,931095",771006000,0.3333333333333333,0.20486803519061583,0.5081818181818183,0
5103,50,22,0.44,0,Kliniken Landkreis Diepholz gGmbH Klinik Sulingen,127,Niedersachsen,0,Kliniken Landkreis Diepholz gGmbH,freigemeinnützig,"52,683974","8,805476",773000000,0.043478260869565216,0.40125984251968505,1.2977165354330709,0
5104,47,19,0.40425531914893614,0,DIAKOVERE Annastift  ,161,Niedersachsen,0,DIAKOVERE Krankenhaus gGmbH,freigemeinnützig,"52,369657","9,809564",773196000,0.7857142857142857,0.6869565217391304,1.0326086956521738,0
5105,5,4,0.8,1,KRH Geriatrie Langenhagen (Akut-Geriatrie),46,Niedersachsen,0,Klinikum Region Hannover GmbH,öffentlich,"52,444158","9,739902",772952000,1.0,0.2434782608695652,0.6939130434782609,0
5106,104,83,0.7980769230769231,1,Helios Kliniken Mittelweser GmbH,272,Niedersachsen,0,Helios Kliniken Mittelweser GmbH,privat,"52,635514","9,223803",773542000,0.6853932584269663,0.4540441176470588,1.3727941176470588,1
5107,5,5,1.0,1,Helios Kliniken Mittelweser GmbH,53,Niedersachsen,0,Helios Kliniken Mittelweser GmbH,privat,"52,51483","9,068629",773553000,0.7142857142857143,0.22264150943396227,0.5981132075471698,1
5108,135,97,0.7185185185185186,0,KRH Klinikum Robert Koch Gehrden,349,Niedersachsen,0,Klinikum Region Hannover GmbH,öffentlich,"52,303862","9,597914",772731000,0.9705882352941176,0.5492836676217765,1.1544126074498566,0
5109,78,33,0.4230769230769231,0,KRH Klinikum Agnes Karll Laatzen,246,Niedersachsen,0,"Region Hannover, Klinikum Region Hannover GmbH",öffentlich,"52,306873","9,799646",772489000,0.8478260869565217,0.4613008130081301,1.0807723577235773,0
5110,83,49,0.5903614457831325,0,KRH Klinikum Großburgwedel,216,Niedersachsen,0,"Region Hannover,  Klinikum Region Hannover GmbH",öffentlich,"52,496407","9,860764",772488000,0.7441860465116279,0.5177777777777778,1.2909722222222224,0
5111,2,1,0.5,0,AMEOS Klinikum Hildesheim ,382,Niedersachsen,0,AMEOS Krankenhausgesellschaft Niedersachsen Bremen mbH,privat,"52,145005","9,984047",772521000,0.2222222222222222,0.1525392670157068,0.768586387434555,1
5117,121,90,0.743801652892562,0,KRH Klinikum Neustadt am Rübenberge,272,Niedersachsen,0,Klinikum Region Hannover GmbH,öffentlich,"52,493346","9,46541",772823000,0.8307692307692308,0.4991176470588235,1.356470588235294,0
5118,68,35,0.5147058823529411,0,KRH Klinikum Lehrte,158,Niedersachsen,0,"Region Hannover, Klinikum Region Hannover GmbH",öffentlich,"52,379974","9,98296",772487000,0.8181818181818182,0.4641139240506329,1.276012658227848,0
5121,2,0,0.0,0,KRH Psychiatrie Wunstorf,425,Niedersachsen,0,Klinikum Region Hannover Psychiatrie GmbH,öffentlich,"52,42461","9,432765",772946000,0.8431372549019608,0.19087058823529413,0.7183058823529411,0
5125,82,54,0.6585365853658537,0,AGAPLESION EV. BATHILDISKRANKENHAUS gemeinnützige GmbH,243,Niedersachsen,0,AGAPLESION EV. BATHILDISKRANKENHAUS gemeinnützige GmbH,freigemeinnützig,"51,985351","9,273886",772727000,0.9482758620689655,0.6338271604938273,1.1061316872427984,1
5126,86,69,0.8023255813953488,1,KRH Klinikum Siloah ,564,Niedersachsen,0,KRH Klinikum Region Hannover ,öffentlich,"52,359368","9,724133",772721000,0.3464566929133858,0.5673936170212766,1.32177304964539,0
5127,2,2,1.0,1,Psychiatrisch-Psychosomatische Klinik Celle,121,Niedersachsen,0,Psychiatrisch-Psychosomatische Klinik Celle,privat,"52,628259","10,087626",771092000,0.14285714285714285,0.12768595041322314,0.43809917355371897,0
5128,22,21,0.9545454545454546,1,Aller-Weser-Klinik gGmbH Krankenhaus Achim,124,Niedersachsen,0,Aller-Weser-Klinik gGmbH,öffentlich,"53,018198","9,00462",773343000,0.8214285714285714,0.5625,1.1548387096774195,0
5129,5,5,1.0,1,Diana Krankenhausbetriebsgesellschaft mbH,25,Niedersachsen,0,Diana Krankenhausbetriebsgesellschaft mbH,privat,"53,080864","10,589022",771920000,1.0,0.19799999999999998,0.632,0
5131,52,38,0.7307692307692307,0,OsteMed Klinik Bremervörde,162,Niedersachsen,0,OsteMed Kliniken und Pflege gGmbH,öffentlich,"53,471388","9,135576",773364000,1.0,0.39000000000000007,1.2643209876543209,0
5132,120,94,0.7833333333333333,1,Krankenhaus Buchholz,304,Niedersachsen,0,Krankenhaus Buchholz und Winsen gemeinnützige GmbH,öffentlich,"53,33369","9,872075",772558000,1.0,0.6073355263157895,1.4044407894736843,0
5133,101,85,0.8415841584158416,1,Elbe Klinikum Buxtehude,256,Niedersachsen,0,Elbe Kliniken Stade - Buxtehude GmbH,öffentlich,"53,461575","9,675737",771497000,1.0,0.6159375,1.14453125,0
5134,143,105,0.7342657342657343,0,ALLGEMEINES KRANKENHAUS CELLE,614,Niedersachsen,0,ALLGEMEINES KRANKENHAUS CELLE  Stiftung bürgerlichen Rechts,freigemeinnützig,"52,628858","10,085254",772671000,0.5590062111801242,0.530928338762215,1.2242019543973943,0
5135,116,84,0.7241379310344828,0,Helios Klinik Cuxhaven GmbH,246,Niedersachsen,0,Helios Klinik Cuxhaven GmbH,privat,"53,852887","8,692024",772803000,0.8166666666666667,0.5016260162601627,0.9792682926829268,1
5136,86,41,0.47674418604651164,0,Elbe-Jeetzel-Klinik Dannenberg,100,Niedersachsen,0,Elbe-Jeetzel-Klinik Dannenberg GmbH,privat,"53,082453","11,079501",771160000,0.043478260869565216,0.5826,0.9233,0
5137,80,45,0.5625,0,Heidekreis-Klinikum GmbH Krankenhaus Walsrode,236,Niedersachsen,0,Heidekreis-Klinikum gGmbH,öffentlich,"52,859423","9,586056",773225000,0.9814814814814815,0.5102966101694915,0.8060169491525424,0
5138,2,1,0.5,0,Waldklinik Jesteburg Fachklinik für neurologische Frührehabilitation,75,Niedersachsen,0,Waldklinik Jesteburg Aldag GmbH & Co. KG,privat,"53,319584","9,949818",772204000,1.0,0.1908,1.22,0
5140,14,13,0.9285714285714286,1,AMEOS Klinikum Seepark Geestland,252,Niedersachsen,0,AMEOS Klinikum Geestland GmbH,privat,"53,615731","8,631007",772817000,0.03571428571428571,0.25376984126984126,0.43055555555555564,1
5142,56,42,0.75,0,Klinik Lilienthal,109,Niedersachsen,0,Artemed SE,privat,"53,149443","8,907616",773095000,0.7307692307692307,0.6631192660550459,0.9755045871559633,0
5143,2,2,1.0,1,Psychiatrische Klinik Uelzen gemeinnützige GmbH,96,Niedersachsen,0,Psychiatrische Klinik Uelzen gemeinnützige GmbH,freigemeinnützig,"52,966672","10,528473",771066000,0.9333333333333333,0.2810416666666667,0.7073958333333333,0
5144,2,2,1.0,1,Psychiatrische Klinik Lüneburg gemeinnützige GmbH,438,Niedersachsen,0,Psychiatrische Klinik Lüneburg gemeinnützige GmbH,öffentlich,"53,253526","10,386661",773507000,0.4146341463414634,0.2304109589041096,0.5996575342465753,0
5145,120,98,0.8166666666666667,1,Städtisches Klinikum Lüneburg gemeinnützige GmbH,563,Niedersachsen,0,Städtisches Klinikum Lüneburg gemeinnützige GmbH,öffentlich,"53,240545","10,395935",772578000,0.18674698795180722,0.6942806394316163,1.5537300177619893,0
5146,98,56,0.5714285714285714,0,Kreiskrankenhaus Osterholz,128,Niedersachsen,0,Landkreis Osterholz,öffentlich,"53,233443","8,793386",771364000,1.0,0.642109375,1.259765625,0
5147,22,19,0.8636363636363636,1,Krankenhaus Land Hadeln,94,Niedersachsen,0,Krankenhaus Land Hadeln Otterndorf gGmbH,privat,"53,812429","8,888276",771104000,0.96,0.4223404255319149,1.3595744680851065,0
5148,30,2,0.06666666666666667,0,AGAPLESION DIAKONIEKLINIKUM ROTENBURG gemeinnützige GmbH,50,Niedersachsen,0,"AGAPLESION gemeinnützige AG (60%), Evangelisch-lutherisches Diakonissen-Mutterhaus Rotenburg (Wümme) e.V. (40%)",freigemeinnützig,"53,089997","9,363858",773302000,0.0,0.2314,0.31439999999999996,1
5149,143,105,0.7342657342657343,0,AGAPLESION DIAKONIEKLINIKUM ROTENBURG gemeinnützige GmbH,713,Niedersachsen,0,"AGAPLESION gemeinnützige AG (60%), Evangelisch-lutherisches Diakonissen-Mutterhaus Rotenburg (Wümme) e.V. (40%)",freigemeinnützig,"53,104505","9,411837",773303000,0.21395348837209302,0.6982608695652174,1.1960168302945302,1
5150,69,56,0.8115942028985508,1,Heidekreis-Klinikum GmbH Krankenhaus Soltau,133,Niedersachsen,0,Heidekreis-Klinikum gGmbH,öffentlich,"52,989071","9,855869",773195000,1.0,0.434812030075188,0.8854135338345865,0
5151,141,99,0.7021276595744681,0,Elbe Klinikum Stade,561,Niedersachsen,0,Elbe Kliniken Stade-Buxtehude GmbH,öffentlich,"53,59544","9,443377",771503000,1.0,0.5747950089126559,1.0249910873440284,0
5152,95,69,0.7263157894736842,0,Aller-Weser-Klinik gGmbH Krankenhaus Verden,131,Niedersachsen,0,Aller-Weser-Klinik gGmbH,öffentlich,"52,913489","9,231749",773344000,0.8108108108108109,0.7374045801526717,1.4908396946564886,0
5153,99,81,0.8181818181818182,1,Krankenhaus Winsen ( Luhe ),255,Niedersachsen,0,Krankenhaus Buchholz und Winsen gemeinnützige GmbH,öffentlich,"53,350659","10,20085",772482000,1.0,0.5156078431372549,1.5347450980392157,0
5154,2,2,1.0,1,Klinik Fallingbostel,22,Niedersachsen,0,von Graevemeyer GmbH&Co. KG,privat,"52,868827","9,70609",773307000,1.0,0.09090909090909091,0.8168181818181819,0
5155,96,75,0.78125,1,Herz- und Gefäßzentrum Bad Bevensen,175,Niedersachsen,0,Herz-Kreislauf-Klinik Bevensen AG,privat,"53,085719","10,604394",771492000,0.532258064516129,0.8053142857142858,1.8980571428571427,0
5156,2,2,1.0,1,MediClin Klinikum Soltau,61,Niedersachsen,0,MediClin & Co. KG Zweigniederlassung Soltau,privat,"52,994267","9,85746",772350000,0.75,0.36098360655737705,0.86,1
5157,2,2,1.0,1,Klinik Dr. Hancken GmbH,50,Niedersachsen,0,Klinik Dr. Hancken GmbH,privat,"53,595237","9,472477",773313000,1.0,0.6559999999999999,0.8212,0
5158,108,83,0.7685185185185185,0,Helios Klinikum Uelzen GmbH,303,Niedersachsen,0,Helios Klinikum Uelzen GmbH,privat,"52,971665","10,532072",771200000,0.6911764705882353,0.43531353135313533,1.2772277227722773,1
5161,68,39,0.5735294117647058,0,Niels-Stensen-Kliniken Marienhospital Ankum-Bersenbrück GmbH,15,Niedersachsen,0,Niels-Stensen-Kliniken Marienhospital Ankum-Bersenbrück GmbH,freigemeinnützig,"52,540905","7,874186",771557000,1.0,0.3333333333333333,1.9553333333333331,0
5162,109,88,0.8073394495412844,1,Ubbo-Emmius-Klinik gGmbH Klinik Aurich,285,Niedersachsen,0,Trägergesellschaft Aurich Norden Emden mbH,öffentlich,"53,468256","7,497409",772239000,0.3855421686746988,0.5377894736842106,1.6476842105263156,0
5163,91,78,0.8571428571428571,1,Schüchtermann-Klinik,212,Niedersachsen,0,Schüchtermann-Schiller´sche Kliniken Bad Rothenfelde GmbH &amp; Co. KG,privat,"52,112391","8,165302",771901000,0.6986301369863014,0.5099528301886793,1.5001886792452828,0
5165,2,2,1.0,1,Karl-Jaspers-Klinik,450,Niedersachsen,1,Karl-Jaspers-Klinik Psychiatrieverbund Oldenburger Land gGmbH,freigemeinnützig,"53,173216","8,139352",772135000,0.13043478260869565,0.20868888888888887,0.8037777777777779,0
5166,17,14,0.8235294117647058,1,Paulinenkrankenhaus Bad Bentheim,39,Niedersachsen,0,Stiftung Mathias-Spital Rheine,,"52,299091","7,150892",773098000,1.0,0.2564102564102564,0.3971794871794872,0
5167,77,58,0.7532467532467533,0,St. Bernhard-Hospital gemeinnützige GmbH,103,Niedersachsen,0,"Milde Stiftung St. Bernhard-Hospital, Brake",freigemeinnützig,"53,324051","8,482316",772806000,0.78125,0.7661165048543689,1.0165048543689321,0
5168,35,7,0.2,0,Niels-Stensen-Kliniken Bramsche GmbH,100,Niedersachsen,0,Niels-Stensen-Kliniken GmbH,freigemeinnützig,"52,408979","7,985305",771617000,0.7647058823529411,0.3233,0.7700999999999999,0
5169,117,87,0.7435897435897436,0,Krankenhaus St. Elisabeth gGmbH,247,Niedersachsen,0,"Das Krankenhaus St. Elisabeth, gemeinnützige GmbH, ist ein katholisches Krankenhaus der Grund- und Regelversorgung mit derzeit 247 Betten. Von seinem Ursprung her ist es eine Stiftung privaten Rechts und wurde bereits am 16. April 1860 gegründet. Seit dem 1. Januar 2007 wird unser Krankenhaus in der Rechtsform einer gemeinnützigen GmbH geführt, seit Juli 2021 gehören wir dem Verbund der Schwester Euthymia Stiftung an. Unsere 247 Betten erstrecken sich über 7 Fachabteilungen: Innere Medizin mit den Bereichen Gastroenterologie, Kardiologie, Schlafmedizin, Suchtmedizin und Palliativmedizin, Allgemein-, Viszeral- und Unfallchirurgie, Gynäkologie mit zertifiziertem Endometriosezentrum und Geburtshilfe, Neurologie mit zertifizierter Stroke Unit und Neurologischer Frührehabilitation, Orthopädie mit zertifiziertem Endoprothetikzentrum der Maximalversorgung, Anästhesie und Intensivmedizin mit moderner interdisziplinärer Intensivstation, Pädiatrie als Belegabteilung. Zudem stehen uns zur optimalen Patientenversorgung eine Radiologie mit CT und MRT zur Verfügung. Ein im Jahr 2008 gegründetes medizinisches Versorgungszentrum (MVZ) mit den Fachabteilungen Neurologie, Psychiatrie, Psychotherapie, Neurochirurgie, Chirurgie, Orthopädie und Gynäkologie, unterstützt unser Ziel, unseren Patienten ein sektorenübergreifendes Versorgungsangebot in der Region zu bieten.",freigemeinnützig,"52,521027","8,194306",772953000,1.0,0.635668016194332,1.6155465587044535,0
5170,89,37,0.4157303370786517,0,Klinikum Emden - Hans-Susemihl-Krankenhaus gGmbH,390,Niedersachsen,0,Trägergesellschaft Aurich Norden Emden mbH,öffentlich,"53,375644","7,212861",771897000,0.5632183908045977,0.39243589743589746,0.9985641025641027,0
5171,39,33,0.8461538461538461,1,St.-Marien-Hospital gGmbH,115,Niedersachsen,0,St.-Marien-Hospital gemeinnützige GmbH,freigemeinnützig,"53,02202","7,854257",773511000,0.6896551724137931,0.4607826086956522,1.945478260869565,0
5173,5,4,0.8,1,Niels-Stensen-Kliniken St.-Vinzenz-Hospital Haselünne GmbH,200,Niedersachsen,0,Niels-Stensen-Kliniken,freigemeinnützig,"52,670926","7,482884",771625000,0.6,0.25075000000000003,0.76685,0
5174,108,83,0.7685185185185185,0,Klinikum Leer gGmbH,407,Niedersachsen,0,Landkreis Leer,öffentlich,"53,235691","7,458464",772479000,0.9047619047619048,0.45257985257985256,0.8154545454545454,0
5175,89,49,0.550561797752809,0,Borromäus Hospital Leer gGmbH,256,Niedersachsen,0,"Katholische Kirchengemeinde Seliger Hermann Lange, St. Bonifatius Hospitalgesellschaft Lingen e. V., Bischöfliche Stuhl Osnabrück",freigemeinnützig,"53,229123","7,445467",773204000,0.8235294117647058,0.5101953124999999,1.0533984375,0
5176,113,91,0.8053097345132744,1,Bonifatius Hospital Lingen,411,Niedersachsen,0,260340557,freigemeinnützig,"52,524757","7,316119",771658000,0.6779661016949152,0.767007299270073,1.5563260340632603,0
5178,49,40,0.8163265306122449,1,St. Franziskus-Hospital,140,Niedersachsen,0,St. Franziskus-Hospital gGmbH,freigemeinnützig,"52,664678","8,241091",772798000,0.6764705882352942,0.5428571428571428,1.6245714285714286,0
5179,86,56,0.6511627906976745,0,Niels-Stensen-Klinikum Christliches Klinikum Melle,182,Niedersachsen,0,"Rechtlicher Träger: Niels-Stensen-Kliniken GmbH / Gesellschafter: Niels-Stensen-Kliniken GmbH (51% des Stammkapitals) /Kath. Kirchgemeinde St. Matthäus Melle (24,5% des Stammkapitals) / Stiftung Ev.-luth. St. Petri Kirchengemeinde Melle (24,5% des Stammkapitals)",,"52,198413","8,336138",771608000,0.7948717948717948,0.4226373626373626,1.214120879120879,0
5180,142,98,0.6901408450704225,0,Krankenhaus Ludmillenstift,420,Niedersachsen,0,Kuratorium der Stiftung Ludmillenstift,freigemeinnützig,"52,688817","7,292885",773405000,0.5918367346938775,0.6145238095238096,1.3959523809523808,0
5182,60,26,0.43333333333333335,0,Ubbo-Emmius-Klinik gGmbH Klinik Norden,272,Niedersachsen,0,Trägergesellschaft Aurich Norden Emden mbH,öffentlich,"53,600761","7,217869",772238000,0.375,0.18323529411764705,0.714485294117647,0
5183,4,4,1.0,1,Krankenhaus Norderney,64,Niedersachsen,0,Allergie- und Hautklinik gGmbH,freigemeinnützig,"53,716021","7,172549",771684000,1.0,0.205625,0.406875,0
5184,81,57,0.7037037037037037,0,Helios Klinik Wesermarsch,89,Niedersachsen,0,Helios Klinik Wesermarsch,privat,"53,456148","8,44142",772264000,0.8823529411764706,0.5067415730337079,1.003370786516854,1
5185,2,2,1.0,1,Euregio-Klinik Hannoverstraße GmbH,75,Niedersachsen,0,Euregio-Klinik Grafschaft Bentheim Holding GmbH,,"52,442345","7,064598",771704000,0.625,0.3716,0.8025333333333333,0
5186,120,100,0.8333333333333334,1,Euregio-Klinik Albert-Schweitzer-Straße GmbH,387,Niedersachsen,0,Euregio-Klinik Grafschaft Bentheim Holding GmbH,,"52,442744","7,065397",771842000,0.6,0.5465891472868217,1.066950904392765,0
5187,155,128,0.8258064516129032,1,Klinikum Oldenburg AöR,616,Niedersachsen,0,Stadt Oldenburg,öffentlich,"53,112105","8,217822",771936000,0.3875432525951557,1.0053733766233766,1.806185064935065,0
5188,88,49,0.5568181818181818,0,Pius-Hospital Oldenburg Universitätsmedizin Oldenburg,399,Niedersachsen,1,Pius-Hospital Oldenburg,freigemeinnützig,"53,143627","8,21042",771300000,0.7368421052631579,0.7516290726817042,1.049122807017544,0
5190,106,56,0.5283018867924528,0,Evangelisches Krankenhaus Oldenburg,417,Niedersachsen,1,Evangelische Krankenhausstiftung Oldenburg,freigemeinnützig,"53,142668","8,205731",772066000,0.4318181818181818,0.8118465227817746,1.7501438848920865,0
5192,132,86,0.6515151515151515,0,Niels-Stensen-Kliniken Marienhospital Osnabrück,519,Niedersachsen,0,Marienhospital Osnabrück GmbH (mit den Gesellschaftern Niels-Stensen-Kliniken GmbH und Bischöflicher Stuhl zu Osnabrück),freigemeinnützig,"52,27025","8,054364",771583000,0.5725190839694656,0.6679961464354528,1.5252986512524085,0
5193,27,20,0.7407407407407407,0,Niels-Stensen-Kliniken Marienhospital Osnabrück Standort Natruper Holz,111,Niedersachsen,0,Marienhospital Osnabrück GmbH (mit den Gesellschaftern Niels-Stensen-Kliniken GmbH und Bischöflicher Stuhl zu Osnabrück),freigemeinnützig,"52,289222","8,010203",773437000,0.8,0.8772072072072072,1.5314414414414415,0
5194,128,92,0.71875,0,Klinikum Osnabrück GmbH,735,Niedersachsen,0,Stadt Osnabrück,öffentlich,"52,27736","8,00371",773326000,0.018072289156626505,0.6819727891156463,1.4310884353741495,0
5195,62,25,0.4032258064516129,0,Niels-Stensen-Kliniken Krankenhaus St. Raphael Ostercappeln,174,Niedersachsen,0,"Niels- Stensen- Kliniken, Klinikum St. Georg GmbH",freigemeinnützig,"52,344357","8,229504",771559000,0.4423076923076923,0.5767241379310345,1.3515517241379311,0
5197,71,32,0.4507042253521127,0,Niels-Stensen-Kliniken Elisabeth-Krankenhaus Thuine,115,Niedersachsen,0,Niels-Stensen-Kliniken Elisabeth-Krankenhaus Thuine GmbH,freigemeinnützig,"52,497606","7,488681",771573000,0.7727272727272727,0.5044347826086957,1.7289565217391303,0
5198,78,40,0.5128205128205128,0,Hümmling Hospital Sögel gGmbH,140,Niedersachsen,0,Hümmling Hospital Sögel gGmbH,freigemeinnützig,"52,843703","7,519743",772177000,0.875,0.44257142857142856,1.5833571428571427,0
5199,92,69,0.75,0,Friesland Kliniken gGmbH Nordwest-Krankenhaus Sanderbusch,355,Niedersachsen,0,Landkreis Friesland,öffentlich,"53,506764","8,009218",771424000,0.6521739130434783,0.49442253521126756,1.0760845070422536,0
5200,95,56,0.5894736842105263,0,Friesland Kliniken gGmbH St. Johannes-Hospital,155,Niedersachsen,0,Landkreis Friesland,öffentlich,"53,39255","8,139644",771998000,0.14705882352941177,0.5151612903225806,0.5470967741935484,0
5201,110,95,0.8636363636363636,1,St. Marienhospital Vechta,310,Niedersachsen,0,St. Marienhospital Vechta gemeinnützige GmbH,freigemeinnützig,"52,725877","8,286904",772818000,0.6944444444444444,0.5860322580645162,1.1963225806451614,0
5202,5,3,0.6,0,Krankenhaus Rheiderland,60,Niedersachsen,0,Landkreis Leer,öffentlich,"53,168469","7,3536",772480000,0.8888888888888888,0.8019999999999999,1.74,0
5203,111,61,0.5495495495495496,0,Krankenhaus Johanneum,144,Niedersachsen,0,Stiftung Johanneum,freigemeinnützig,"52,893336","8,431987",771716000,1.0,0.5605555555555556,1.4586805555555555,0
5204,72,34,0.4722222222222222,0,Krankenhaus Wittmund gGmbH,152,Niedersachsen,0,Krankenhaus Wittmund gGmbH in Trägerschaft des Landkreises Wittmund,öffentlich,"53,572064","7,78842",773173000,0.6538461538461539,0.5001315789473685,1.3301315789473684,0
5205,113,93,0.8230088495575221,1,Klinikum Wilhelmshaven gGmbH ,597,Niedersachsen,0,Stadt Wilhelmshaven,öffentlich,"53,54529","8,08276",773203000,1.0,0.3337353433835846,0.6970016750418759,0
5207,109,81,0.7431192660550459,0,St. Josefs-Hospital Cloppenburg,252,Niedersachsen,0,St. Josefs-Hospital gemeinnützige GmbH,freigemeinnützig,"52,847305","8,040312",772295000,0.6197183098591549,0.5912698412698413,1.7309126984126983,0
5208,97,80,0.8247422680412371,1,Ammerland-Klinik Westerstede,375,Niedersachsen,0,Landkreis Ammerland,öffentlich,"53,258855","7,917847",772466000,0.6796116504854369,0.7022400000000001,1.4178933333333332,0
5209,96,52,0.5416666666666666,0,Niels-Stensen-Kliniken Franziskus-Hospital Harderberg,287,Niedersachsen,0,Klinikum St. Georg GmbH,freigemeinnützig,"52,237684","8,071093",771558000,0.8390804597701149,0.605609756097561,1.3935540069686412,0
5210,2,0,0.0,0,MediClin Hedon Klinik,120,Niedersachsen,0,"MediClin GmbH & Co. KG, Zweigniederlassung Lingen (Ems)",privat,"52,512133","7,358424",773351000,0.0,0.1925,1.0366666666666666,1
5213,102,82,0.803921568627451,1,Marien Hospital Papenburg Aschendorf gGmbH Standort Papenburg,275,Niedersachsen,0,Marien Hospital Papenburg Aschendorf gGmbH,freigemeinnützig,"53,077565","7,396796",771524000,0.9069767441860465,0.434,1.0545090909090908,0
5214,50,26,0.52,0,Westerstede,135,Niedersachsen,0,Bundesrepublik Deutschland,öffentlich,"53,258816","7,918362",771638000,0.3230769230769231,0.7796296296296297,1.626814814814815,0
5215,21,18,0.8571428571428571,1,Christliches Kinderhospital Osnabrück,132,Niedersachsen,0,Christliche Kinderhospital Osnabrück GmbH,freigemeinnützig,"52,270038","8,05305",771127000,0.6666666666666666,0.5351515151515152,1.356818181818182,0
5216,8,7,0.875,1,Christliches Kinderhospital Osnabrück - Am Finkenhügel,14,Niedersachsen,0,Christliche Kinderhospital Osnabrück GmbH,freigemeinnützig,"52,277394","8,003276",771128000,1.0,0.6,1.3928571428571428,0
5217,5,5,1.0,1,Inselkrankenhaus Borkum,8,Niedersachsen,0,NL Holding GmbH,privat,"53,584882","6,671117",772024000,0.75,0.585,0.85,0
5218,13,9,0.6923076923076923,0,STENUM Ortho GmbH,51,Niedersachsen,0,STENUM Ortho GmbH,privat,"53,07948","8,555723",771081000,0.5384615384615384,0.4992156862745098,1.2225490196078432,0
5219,2,2,1.0,1,AMEOS Klinikum Osnabrück,382,Niedersachsen,0,AMEOS Krankenhausgesellschaft Niedersachsen mbH,privat,"52,288342","8,051655",773382000,0.5882352941176471,0.12361256544502618,0.6877486910994763,1
5220,114,90,0.7894736842105263,1,Klinikum Bremen-Mitte,877,Bremen,0,Klinikum Bremen-Mitte ,öffentlich,"53,075136","8,837437",772995000,0.6521739130434783,0.7216989737742303,1.2691562143671606,0
5221,64,42,0.65625,0,Klinikum Bremen-Ost,716,Bremen,0,"Gesundheit Nord gGmbH-Klinikverbund Bremen, Klinikum Bremen Ost",öffentlich,"53,064513","8,940361",772978000,0.7647058823529411,0.38984636871508377,1.3127513966480449,0
5222,102,73,0.7156862745098039,0,Klinikum Bremen-Nord,415,Bremen,0,"Gesundheit Nord Klinikverbund Bremen gGmbH, Klinikum Bremen-Nord ",öffentlich,"53,18226","8,594549",772828000,0.6363636363636364,0.5128915662650603,1.1730843373493975,0
5223,2,2,1.0,1,Psychiatrisches Behandlungszentrum Bremen-Nord,49,Bremen,0,"Gesundheit Nord Klinikverbund Bremen gGmbH, Klinikum Bremen-Nord ",öffentlich,"53,174098","8,620839",772838000,1.0,0.3812244897959184,0.993673469387755,0
5224,127,98,0.7716535433070866,1,Klinikum Links der Weser,377,Bremen,0,Gesundheit Nord gGmbH - Klinikverbund Bremen,öffentlich,"53,035988","8,818876",772827000,0.6942148760330579,0.6964721485411141,1.2909814323607427,0
5225,84,66,0.7857142857142857,1,Krankenhaus St. Joseph-Stift Bremen GmbH,456,Bremen,0,St. Franziskus-Stiftung Münster und Verein für das St. Joseph-Stift,freigemeinnützig,"53,08351","8,836107",772438000,0.6826923076923077,0.5458333333333334,0.9348684210526315,0
5226,80,64,0.8,1,DIAKO Ev. Diakonie-Krankenhaus gemeinnützige GmbH,388,Bremen,0,DIAKO Ev. Diakonie-Krankenhaus gemeinnützige GmbH,freigemeinnützig,"53,125808","8,745809",771615000,0.9285714285714286,0.5055154639175258,1.1621649484536083,0
5227,94,71,0.7553191489361702,0,Rotes Kreuz Krankenhaus Bremen gGmbH,302,Bremen,0,Rotes Kreuz Krankenhaus Bremen gGmbH,freigemeinnützig,"53,069195","8,80289",773155000,0.45098039215686275,0.48503311258278153,1.186026490066225,0
5228,13,12,0.9230769230769231,1,Roland Klinik gGmbH,141,Bremen,0,Roland Klinik gemeinnützige GmbH,freigemeinnützig,"53,056582","8,823367",771520000,0.9210526315789473,0.40602836879432624,0.8866666666666666,0
5229,2,2,1.0,1,AMEOS Klinikum Bremen,201,Bremen,0,AMEOS Krankenhausgesellschaft Bremen mbH,privat,"53,076619","8,940385",773377000,0.42105263157894735,0.22407960199004975,0.5003482587064677,1
5230,13,10,0.7692307692307693,0,Paracelsus-Klinik Bremen,105,Bremen,0,Paracelsus-Kliniken Deutschland GmbH & Co. KGaA,privat,"53,079661","8,87759",772070000,0.90625,0.3885714285714286,0.5344761904761905,0
5231,119,93,0.7815126050420168,1,Klinikum Bremerhaven-Reinkenheide gGmbH,792,Bremen,0,Stadt Bremerhaven (Träger der gGmbH),öffentlich,"53,537687","8,636878",771101000,0.28654970760233917,0.4580555555555555,1.177537878787879,0
5233,40,19,0.475,0,AMEOS Klinikum Am Bürgerpark Bremerhaven,164,Bremen,0,AMEOS Klinikum Bremerhaven GmbH,privat,"53,532428","8,604313",772678000,0.05263157894736842,0.25359756097560976,2.1233536585365855,1
5234,90,59,0.6555555555555556,0,AMEOS Klinikum Mitte Bremerhaven,182,Bremen,0,AMEOS Klinikum Bremerhaven GmbH,privat,"53,552164","8,575079",772690000,0.0,0.2978021978021978,1.1331868131868132,1
5236,7,3,0.42857142857142855,0,Neurologisches Rehabilitationszentrum Godeshöhe GmbH,40,Nordrhein-Westfalen,0,Neurologisches Rehazentrum Godeshöhe GmbH,öffentlich,"50,682313","7,137631",773245000,1.0,0.25,1.613,0
5237,2,1,0.5,0,Rheinisch-Westfälisches Zentrum für Frührehabilitation und Beatmung,20,Nordrhein-Westfalen,0,Dr. Becker Klinikgesellschaft SE & Co. KG,privat,"50,90741","7,54938",773603000,0.25,0.27549999999999997,0.8615,0
5238,72,52,0.7222222222222222,0,Schön Klinik Düsseldorf SE & Co. KG,202,Nordrhein-Westfalen,0,Schön Klinik SE & Co. KG,privat,"51,231458","6,727645",772646000,0.7564102564102564,0.5248019801980197,1.1175742574257426,0
5239,53,41,0.7735849056603774,1,Maria-Josef-Hospital Greven GmbH,182,Nordrhein-Westfalen,0,Maria-Josef-Hospital Greven GmbH,freigemeinnützig,"52,088556","7,610746",771965000,0.5238095238095238,0.5311538461538462,1.279835164835165,0
5240,7,4,0.5714285714285714,0,St. Mauritius Therapieklinik,30,Nordrhein-Westfalen,0,"St. Mauritius Therapieklinik Meerbusch gGmbH
Amalienstr. 9
40472 Düsseldorf",freigemeinnützig,"51,279307","6,627281",772373000,0.625,0.5690000000000001,2.0816666666666666,0
5241,127,88,0.6929133858267716,0,AGAPLESION Klinikum Hagen gem. GmbH,486,Nordrhein-Westfalen,0,AGAPLESION gAG und Stiftung Klinikum Hagen,freigemeinnützig,"51,354402","7,465772",772088000,0.20618556701030927,0.47561728395061725,1.5479423868312756,1
5242,2,2,1.0,1,UKM Marienhospital Steinfurt GmbH,54,Nordrhein-Westfalen,0,UKM Marienhospital Steinfurt GmbH,freigemeinnützig,"52,169738","7,533651",772515000,0.0,0.2944444444444444,0.4527777777777778,0
5243,82,51,0.6219512195121951,0,UKM Marienhospital GmbH,201,Nordrhein-Westfalen,0,UKM Marienhospital GmbH,freigemeinnützig,"52,126666","7,401269",772516000,0.08620689655172414,0.6692039800995024,1.167412935323383,0
5245,2,2,1.0,1,RehaNova Köln gGmbH,20,Nordrhein-Westfalen,0,RehaNova Köln gGmbH,öffentlich,"50,938115","7,050706",773782000,0.5,0.687,1.4404999999999997,0
5246,60,35,0.5833333333333334,0,St. Marien-Hospital Lüdinghausen GmbH,164,Nordrhein-Westfalen,0,eine Einrichtung der St. Franziskus-Stiftung Münster in gemeinsamer Trägerschaft mit der Vestischen Caritas-Kliniken GmbH,freigemeinnützig,"51,769246","7,447484",771618000,0.8181818181818182,0.48841463414634145,1.2458536585365854,0
5247,87,59,0.6781609195402298,0,Herz-Jesu-Krankenhaus Hiltrup GmbH,347,Nordrhein-Westfalen,0,Herz-Jesu-Krankenhaus Hiltrup GmbH,freigemeinnützig,"51,90861","7,634223",771527000,0.7090909090909091,0.6917867435158501,1.25821325648415,0
5248,161,129,0.8012422360248447,1,Universitätsklinikum Düsseldorf,1247,Nordrhein-Westfalen,1,Land Nordrhein-Westfalen,öffentlich,"51,196352","6,789506",773410000,0.09563758389261745,1.0045950280673617,1.679831595829992,1
5249,77,62,0.8051948051948052,1,Sana Kliniken Düsseldorf Standort Gerresheim,180,Nordrhein-Westfalen,0,Sana Kliniken Düsseldorf GmbH,privat,"51,243215","6,855117",772275000,0.5076923076923077,0.6081111111111112,1.859111111111111,1
5250,110,65,0.5909090909090909,0,Sana Kliniken Düsseldorf Standort Benrath,177,Nordrhein-Westfalen,0,Sana Kliniken Düsseldorf GmbH,privat,"51,152611","6,870934",772276000,0.9787234042553191,0.5743502824858757,1.7075706214689266,1
5251,24,19,0.7916666666666666,1,St. Martinus-Krankenhaus Düsseldorf,209,Nordrhein-Westfalen,0,"Alexianer St. Martinus GmbH, Gladbacher Str. 26, 40219 Düsseldorf, Handelsregister: Münster, HRB 21122",freigemeinnützig,"51,211802","6,760554",772419000,0.717391304347826,0.3892822966507177,1.0599521531100478,0
5252,68,52,0.7647058823529411,0,Marien Hospital Düsseldorf GmbH,461,Nordrhein-Westfalen,0,Marien Hospital Düsseldorf GmbH,freigemeinnützig,"51,235825","6,78536",772246000,0.6666666666666666,0.472646420824295,0.6727765726681129,0
5253,80,64,0.8,1,Florence-Nightingale-Krankenhaus,556,Nordrhein-Westfalen,0,Kaiserswerther Diakonie,freigemeinnützig,"51,300318","6,7494",772846000,0.6605504587155964,0.490953237410072,1.1498381294964028,0
5254,5,4,0.8,1,Paracelsus Klinik Düsseldorf Golzheim,84,Nordrhein-Westfalen,0,Paracelsus-Kliniken Deutschland GmbH&Co. KGaA,privat,"51,254308","6,759437",772595000,0.8333333333333334,0.39880952380952384,0.8171428571428572,0
5255,102,85,0.8333333333333334,1,Evangelisches Krankenhaus Düsseldorf,513,Nordrhein-Westfalen,0,Stiftung Evangelisches Krankenhaus Düsseldorf,freigemeinnützig,"51,212615","6,773146",773140000,0.08333333333333333,0.5106237816764132,1.1415009746588691,0
5256,2,2,1.0,1,LVR-Klinikum Düsseldorf - Kliniken der Heinrich-Heine-Universität Düsseldorf,679,Nordrhein-Westfalen,1,Landschaftsverband Rheinland. Das LVR-Klinikum Düsseldorf ist gleichzeitig Universitätsklinik der Heinrich-Heine-Universität.,öffentlich,"51,24407","6,848201",771570000,0.09195402298850575,0.21767304860088366,0.6116347569955818,0
5257,2,2,1.0,1,Bertha Krankenhaus,81,Nordrhein-Westfalen,0,260510212,privat,"51,39664","6,700816",773002000,0.2222222222222222,0.31308641975308643,0.9637037037037037,1
5258,99,74,0.7474747474747475,0,Wedau Kliniken,565,Nordrhein-Westfalen,0,260510212,privat,"51,396955","6,783369",773003000,0.43283582089552236,0.5106194690265486,0.878141592920354,1
5259,34,23,0.6764705882352942,0,BG Klinikum Duisburg gGmbH,330,Nordrhein-Westfalen,0,BG-Klinikum Duisburg gGmbH,öffentlich,"51,380676","6,785429",773308000,0.40336134453781514,0.6954242424242425,0.9239393939393941,0
5260,113,76,0.672566371681416,0,Helios St. Johannes Klinik,574,Nordrhein-Westfalen,0,Helios Klinikum Duisburg GmbH,privat,"51,489914","6,761254",771548000,0.6824324324324325,0.4613240418118467,0.9062717770034844,1
5261,42,23,0.5476190476190477,0,Helios Marien Klinik,374,Nordrhein-Westfalen,0,Helios Klinikum Duisburg GmbH,privat,"51,41282","6,754675",771549000,0.6727272727272727,0.2625668449197861,0.5885026737967914,1
5262,82,40,0.4878048780487805,0,Evangelisches Krankenhaus Duisburg Nord,351,Nordrhein-Westfalen,0,Stiftung zur Förderung Evangelischer Krankenhäuser - Verband zur Förderung evangelischer Krankenhäuser,freigemeinnützig,"51,514986","6,766582",771251000,0.881578947368421,0.5521652421652422,1.407065527065527,0
5263,40,10,0.25,0,Johanniter Krankenhaus Oberhausen,361,Nordrhein-Westfalen,0,Stiftung zur Förderung Evangelischer Krankenhäuser - Verband zur Förderung evangelischer Krankenhäuser,freigemeinnützig,"51,509681","6,854188",771252000,0.8285714285714286,0.24373961218836562,0.9235457063711913,0
5264,91,64,0.7032967032967034,0,Herzzentrum Duisburg,270,Nordrhein-Westfalen,0,Stiftung zur Förderung Evangelischer Krankenhäuser - Verband zur Förderung evangelischer Krankenhäuser,freigemeinnützig,"51,462366","6,77576",771253000,0.9032258064516129,0.5208888888888888,1.2297407407407406,0
5265,50,29,0.58,0,Evangelisches Krankenhaus Dinslaken,292,Nordrhein-Westfalen,0,Stiftung zur Förderung Evangelischer Krankenhäuser - Verband zur Förderung evangelischer Krankenhäuser,freigemeinnützig,"51,558857","6,731306",771258000,0.918918918918919,0.30773972602739724,0.8966438356164383,0
5266,46,34,0.7391304347826086,0,Universitätsklinikum Essen - Herzzentrum Essen-Huttrop,25,Nordrhein-Westfalen,1,Universitätsklinikum Essen,öffentlich,"51,445432","7,034262",771966000,0.125,0.9944,1.5515999999999999,1
5267,63,54,0.8571428571428571,1,Evangelisches Krankenhaus Bethesda zu Duisburg,413,Nordrhein-Westfalen,0,Ev. Krankenhaus Bethesda zu Duisburg gGmbH,freigemeinnützig,"51,416586","6,761754",773551000,0.881578947368421,0.41048426150121065,0.8663922518159806,0
5268,180,156,0.8666666666666667,1,Universitätsklinikum Essen (AöR),1161,Nordrhein-Westfalen,1,Ministerium für Kultur und Wissenschaft des Landes NRW,öffentlich,"51,436267","6,989787",771967000,0.3801801801801802,1.1988027562446166,1.6509130060292851,1
5269,2,2,1.0,1,Klinik für Nuklearmedizin am Bethesda Krankenhaus Duisburg,8,Nordrhein-Westfalen,1,Ministerium für Kultur und Wissenschaft des Landes NRW,öffentlich,"51,416888","6,760297",773872000,,0.1125,0.75125,0
5270,53,29,0.5471698113207547,0,St. Josef Krankenhaus Essen-Werden GmbH,162,Nordrhein-Westfalen,0,"St. Josef Krankenhaus Essen-Werden GmbH, ein Unternehmen der Universitätsmedizin Essen",öffentlich,"51,389033","7,005952",772016000,0.9583333333333334,0.6907407407407408,1.3800000000000001,0
5271,126,84,0.6666666666666666,0,Elisabeth-Krankenhaus Essen,531,Nordrhein-Westfalen,0,Elisabeth-Krankenhaus Essen GmbH,freigemeinnützig,"51,445465","7,033164",771980000,0.72,0.5254048964218456,1.8594726930320151,0
5272,50,39,0.78,1,Alfried Krupp Krankenhaus Steele,320,Nordrhein-Westfalen,0,Ev. Krankenhaus Lutherhaus gGmbH,freigemeinnützig,"51,449908","7,09154",772133000,0.7530864197530864,0.4523125,1.381375,0
5273,26,19,0.7307692307692307,0,KEM  Evang. Kliniken Essen-Mitte Evang. Krankenhaus Essen-Werden,233,Nordrhein-Westfalen,0,KEM | Evang. Kliniken Essen-Mitte gGmbH,freigemeinnützig,"51,389826","7,005736",773166000,0.4,0.3107296137339056,0.3844635193133047,0
5274,5,5,1.0,1,KEM  Evang. Kliniken Essen-Mitte Evang. Krankenhaus Essen-Steele,257,Nordrhein-Westfalen,0,KEM | Evang. Kliniken Essen-Mitte gGmbH,freigemeinnützig,"51,44219","7,061728",773167000,0.5405405405405406,0.3426459143968872,0.5827237354085603,0
5275,40,30,0.75,0,KEM  Evang. Kliniken Essen-Mitte Evang. Huyssens-Stiftung Essen-Huttrop,438,Nordrhein-Westfalen,0,KEM | Evang. Kliniken Essen-Mitte gGmbH,freigemeinnützig,"51,441965","7,030423",773168000,0.4186046511627907,0.79,1.3582648401826485,0
5276,100,62,0.62,0,Alfried Krupp Krankenhaus Rüttenscheid,529,Nordrhein-Westfalen,0,Alfried Krupp von Bohlen und Halbach Krankenhaus gemeinnützige GmbH ,freigemeinnützig,"51,426312","7,007736",771601000,0.7448275862068966,0.6669565217391304,1.322703213610586,0
5277,1,0,0.0,0,LVR-Klinikum Essen,322,Nordrhein-Westfalen,1,Landschaftsverband Rheinland,öffentlich,"51,433784","6,986943",771539000,0.9555555555555556,0.17282608695652174,0.38555900621118017,0
5279,47,34,0.723404255319149,0,Helios Cäcilien-Hospital Hüls,112,Nordrhein-Westfalen,0,Helios Klinikum Krefeld GmbH,privat,"51,376168","6,514596",772315000,0.5757575757575758,0.42589285714285713,0.9866071428571429,1
5280,34,25,0.7352941176470589,0,Helios St. Josefshospital Uerdingen,179,Nordrhein-Westfalen,0,Helios Klinikum Krefeld GmbH,privat,"51,352861","6,6481",772603000,0.6440677966101694,0.5312849162011173,1.175418994413408,1
5281,2,2,1.0,1,Klinik Königshof Tagesklinik Melanchthonstraße am Helios Krefeld,12,Nordrhein-Westfalen,0,St. Augustinus Fachkliniken gGmbH,freigemeinnützig,"51,321891","6,567988",773100000,1.0,0.06166666666666667,0.2333333333333333,0
5282,136,114,0.8382352941176471,1,Helios Klinikum Krefeld,1153,Nordrhein-Westfalen,0,Helios Klinikum Krefeld GmbH,privat,"51,319886","6,565842",772782000,0.4528735632183908,0.6542931483087597,1.1472679965307893,1
5283,2,1,0.5,0,Klinik Königshof,128,Nordrhein-Westfalen,0,"St. Augustinus-Kliniken
St. Augustinus Fachkliniken gGmbh",freigemeinnützig,"51,313843","6,573895",773101000,1.0,0.30359375,0.850390625,0
5284,2,2,1.0,1,Klinik Königshof Tagesklinik Hüls am Cäcilien-Hospital Helios Hüls,14,Nordrhein-Westfalen,0,St. Augustinus Fachkliniken gGmbH,freigemeinnützig,"51,376273","6,514628",773757000,1.0,0.08285714285714287,0.14357142857142854,0
5285,75,54,0.72,0,Alexianer Krefeld GmbH - Krankenhaus Maria-Hilf,575,Nordrhein-Westfalen,0,Alexianer Krefeld GmbH,freigemeinnützig,"51,325715","6,584743",771123000,0.6571428571428571,0.37269565217391304,0.8415304347826087,0
5286,126,81,0.6428571428571429,0,Städtische Kliniken Mönchengladbach GmbH,554,Nordrhein-Westfalen,0,Städtische Kliniken Mönchengladbach GmbH,öffentlich,"51,158093","6,420086",772941000,0.5031055900621118,0.6010108303249098,1.2830324909747293,0
5287,110,54,0.4909090909090909,0,Kliniken Maria Hilf GmbH,754,Nordrhein-Westfalen,0,Kliniken Maria Hilf GmbH,freigemeinnützig,"51,218465","6,419625",771555000,0.23222748815165878,0.5571352785145889,1.1195888594164458,0
5288,61,50,0.819672131147541,1,Johanniter GmbH - Ev. Krankenhaus Bethesda Mönchengladbach,226,Nordrhein-Westfalen,0,"Johanniter GmbH
Ev. Krankenhaus Bethesda in Mönchengladbach",freigemeinnützig,"51,198902","6,425375",772781000,0.2125,0.5929646017699115,1.257079646017699,0
5290,2,1,0.5,0,LVR-Klinik Mönchengladbach,216,Nordrhein-Westfalen,0,Landschaftsverband Rheinland,öffentlich,"51,171125","6,437149",771353000,0.1111111111111111,0.11824074074074074,0.6098148148148148,0
5291,60,49,0.8166666666666667,1,St. Marien-Hospital Mülheim an der Ruhr GmbH,393,Nordrhein-Westfalen,0,St. Marien-Hospital Mülheim an der Ruhr GmbH,freigemeinnützig,"51,425864","6,887204",773176000,0.7652173913043478,0.3707888040712468,1.175674300254453,0
5292,94,73,0.776595744680851,1,Evangelisches Krankenhaus Mülheim an der Ruhr GmbH,602,Nordrhein-Westfalen,0,Evangelisches Krankenhaus Mülheim an der Ruhr GmbH,freigemeinnützig,"51,424696","6,882789",771889000,0.7699115044247787,0.3961794019933555,1.5985049833887042,0
5293,34,22,0.6470588235294118,0,HELIOS St. Elisabeth Klinik Oberhausen,199,Nordrhein-Westfalen,0,Helios St. Elisabeth-Klinik Oberhausen GmbH,privat,"51,461969","6,85454",773060000,0.7894736842105263,0.5517587939698493,1.2025125628140703,1
5294,2,2,1.0,1,AMEOS Klinikum St. Marien Oberhausen,123,Nordrhein-Westfalen,0,AMEOS Krankenhausgesellschaft Oberhausen mbH,privat,"51,50223","6,888737",772081000,1.0,0.038699186991869916,0.03642276422764228,1
5295,99,69,0.696969696969697,0,AMEOS Klinikum St. Clemens Oberhausen,325,Nordrhein-Westfalen,0,AMEOS Krankenhausgesellschaft Oberhausen mbH,privat,"51,517306","6,844844",772080000,0.6923076923076923,0.37538461538461537,0.7814769230769232,1
5296,12,10,0.8333333333333334,1,AMEOS Klinikum St. Josef Oberhausen,281,Nordrhein-Westfalen,0,AMEOS Krankenhausgesellschaft Oberhausen mbH,privat,"51,477335","6,8628",772082000,0.375,0.05501779359430605,0.22249110320284698,1
5297,127,90,0.7086614173228346,0,Evangelisches Krankenhaus Oberhausen GmbH,455,Nordrhein-Westfalen,0,Evangelisches Krankenhaus Oberhausen GmbH,freigemeinnützig,"51,47423","6,866135",771679000,0.6974789915966386,0.5503956043956044,2.5421538461538464,0
5298,126,82,0.6507936507936508,0,Sana-Klinikum Remscheid GmbH,526,Nordrhein-Westfalen,0,Sana Kliniken AG,privat,"51,161622","7,188715",771259000,0.3870967741935484,0.48840304182509503,0.9232509505703422,1
5300,2,2,1.0,1,Psychaitrische Klinik Wuppertal,68,Nordrhein-Westfalen,0,Evangelische Stiftung Tannenhof,freigemeinnützig,"51,273043","7,170935",772776000,0.2,0.09955882352941176,0.7782352941176471,0
5303,2,2,1.0,1,Psychiatrische Klinik Langenberg,76,Nordrhein-Westfalen,0,Evangelische Stiftung Tannenhof,freigemeinnützig,"51,352077","7,113075",772779000,0.2222222222222222,0.18881578947368424,0.8851315789473684,0
5305,5,2,0.4,0,Evangelische Stiftung Tannenhof,312,Nordrhein-Westfalen,0,Evangelische Stiftung Tannenhof,freigemeinnützig,"51,20642","7,227871",773220000,0.05128205128205128,0.20980769230769233,0.8458974358974359,0
5306,9,5,0.5555555555555556,0,Krankenhaus Bethanien gGmbH,159,Nordrhein-Westfalen,0,Krankenhaus Bethanien gGmbH,freigemeinnützig,"51,137943","7,012585",773165000,0.47058823529411764,0.2966037735849057,1.2259119496855346,0
5307,102,84,0.8235294117647058,1,QB Solingen 2023 ,658,Nordrhein-Westfalen,0,Stadt Solingen,öffentlich,"51,185502","7,069405",771176000,0.10714285714285714,0.6132370820668693,1.1396048632218845,0
5308,90,70,0.7777777777777778,1,Helios Klinikum Wuppertal GmbH Campus Elberfeld,150,Nordrhein-Westfalen,1,Helios Universitätsklinikum Wuppertal GmbH,privat,"51,250319","7,13394",772692000,0.6,0.678,1.2272666666666667,1
5309,74,59,0.7972972972972973,1,Helios Universitätsklinikum Wuppertal GmbH,877,Nordrhein-Westfalen,1,Helios Universitätsklinikum Wuppertal,privat,"51,273844","7,174431",772691000,0.6408045977011494,0.6424857468643101,1.253363740022805,1
5310,2,2,1.0,1,Helios Universitätsklinikum Wuppertal -Schmerzklinik Bergisch Land,24,Nordrhein-Westfalen,1,Helios Universitätsklinikum Wuppertal,privat,"51,224834","7,174624",773416000,1.0,0.425,1.1208333333333333,1
5311,99,61,0.6161616161616161,0,Cellitinnen-Krankenhaus St. Petrus,436,Nordrhein-Westfalen,0,Klinikverbund St. Antonius und St. Josef GmbH,freigemeinnützig,"51,275535","7,191768",771562000,0.5882352941176471,0.5676376146788991,0.9598853211009174,0
5312,41,27,0.6585365853658537,0,Cellitinnen-Krankenhaus St. Josef,186,Nordrhein-Westfalen,0,Klinikverbund St. Antonius und St. Josef GmbH,freigemeinnützig,"51,260171","7,143888",771563000,0.5116279069767442,0.719516129032258,1.1234408602150536,0
5313,119,71,0.5966386554621849,0,AGAPLESION BETHESDA KRANKENHAUS WUPPERTAL gemeinnützige GmbH,358,Nordrhein-Westfalen,0,AGAPLESION BETHESDA KRANKENHAUS WUPPERTAL gemeinnützige GmbH,freigemeinnützig,"51,268151","7,130714",772234000,1.0,0.5876256983240223,1.2387988826815644,1
5314,5,4,0.8,1,LVR-Klinik Bedburg-Hau,382,Nordrhein-Westfalen,0,Landschaftsverband Rheinland (LVR),öffentlich,"51,756847","6,176297",772019000,0.12,0.14099476439790576,0.6645549738219896,0
5315,2,2,1.0,1,Sternbuschklinik Kleve,34,Nordrhein-Westfalen,0,Landschaftsverband Rheinland,öffentlich,"51,774942","6,139757",772020000,0.0,0.4594117647058824,0.8529411764705882,0
5316,41,32,0.7804878048780488,1,St. Willibrord-Spital Emmerich-Rees gGmbH,271,Nordrhein-Westfalen,0,St. Willibrord-Spital Emmerich-Rees gGmbH,freigemeinnützig,"51,832763","6,240158",772151000,0.7555555555555555,0.34833948339483395,0.63,0
5317,79,63,0.7974683544303798,1,St.-Clemens-Hospital Geldern,305,Nordrhein-Westfalen,0,cusanus trägergesellschaft trier mbH,freigemeinnützig,"51,5285","6,327309",773026000,0.7435897435897436,0.4261639344262296,1.5104918032786885,0
5318,27,13,0.48148148148148145,0,Katholisches Karl-Leisner Klinikum Standort Wilhelm-Anton Hospital,173,Nordrhein-Westfalen,0,Katholisches Karl-Leisner-Klinikum gGmbH,freigemeinnützig,"51,677209","6,181284",772768000,0.6190476190476191,0.493121387283237,1.5276878612716764,0
5319,2,2,1.0,1,St. Nikolaus-Hospital,74,Nordrhein-Westfalen,0,Kath. Karl-Leisner-Trägergesellschaft mbH Kleve,freigemeinnützig,"51,739827","6,293403",772769000,0.75,0.35445945945945945,0.8186486486486487,0
5320,74,53,0.7162162162162162,0,Katholisches Karl-Leisner Klinikum gGmbH Standort Marienhospital Kevelaer,210,Nordrhein-Westfalen,0,Katholisches Karl-Leisner-Klinikum gGmbH Kleve,freigemeinnützig,"51,584052","6,249994",772767000,0.723404255319149,0.5072380952380953,1.3069523809523809,0
5321,90,78,0.8666666666666667,1,Katholisches-Karl-Leisner-Klinikum gGmbH  Standort St.-Antonius-Hospital,342,Nordrhein-Westfalen,0,"Katholisches Karl-Leisner-Klinikum gGmbH, Kleve",freigemeinnützig,"51,773302","6,136408",772766000,0.84,0.5758187134502925,1.3159064327485381,0
5322,63,42,0.6666666666666666,0,St. Martinus Krankenhaus,179,Nordrhein-Westfalen,0,Gemeinnützige Gesellschaft der Franziskanerinnen zu Olpe mbH (GFO),freigemeinnützig,"51,130517","6,942113",771247000,0.84375,0.5886033519553072,0.7696089385474861,0
5323,2,2,1.0,1,LVR-Klinik Langenfeld,310,Nordrhein-Westfalen,0,"Landschaftsverband Rheinland, 50663 Köln",öffentlich,"51,096269","6,965812",771324000,0.20588235294117646,0.22967741935483868,1.1240967741935484,0
5324,2,2,1.0,1,LVR-Klinik Langenfeld Behandlungszentrum Solingen,60,Nordrhein-Westfalen,0,"Landschaftsverband-Rheinland, 50663 Köln",öffentlich,"51,184695","7,072769",771327000,0.125,0.242,0.7041666666666667,0
5325,2,2,1.0,1,LVR-Klinik Langenfeld Behandlungszentrum Leverkusen,82,Nordrhein-Westfalen,0,"Landschaftsverband Rheinland, 50663 Köln",öffentlich,"51,032173","7,030511",773809000,0.18181818181818182,0.23426829268292684,0.5989024390243902,0
5326,91,65,0.7142857142857143,0,Evangelisches Krankenhaus Mettmann GmbH,245,Nordrhein-Westfalen,0,Evangelisches Krankenhaus Mettmann GmbH,freigemeinnützig,"51,25074","6,970764",771265000,0.3508771929824561,0.5758775510204082,0.9331836734693877,0
5327,13,12,0.9230769230769231,1,Fachklinik 360&deg,120,Nordrhein-Westfalen,0,Fachklinik 360&deg; GmbH,privat,"51,300277","6,858804",772265000,0.8372093023255814,0.4658333333333333,1.272,0
5328,2,1,0.5,0,Fliedner Krankenhaus Ratingen / Klinik für Psychiatrie und Psychotherapie Gerontopsychiatrie und Suchtmedizin,160,Nordrhein-Westfalen,0,Theodor Fliedner Stiftung,freigemeinnützig,"51,332768","6,818469",772190000,1.0,0.2006875,0.616125,0
5329,46,26,0.5652173913043478,0,Rheinland Klinikum Grevenbroich Elisabethkrankenhaus,308,Nordrhein-Westfalen,0,Rheinland Klinikum Neuss GmbH,öffentlich,"51,090445","6,593625",771861000,0.9142857142857143,0.3230844155844156,0.7238311688311688,0
5330,90,69,0.7666666666666667,0,Rheinland Klinikum Dormagen,294,Nordrhein-Westfalen,0,Rheinland Klinikum Neuss GmbH,öffentlich,"51,072726","6,808673",771862000,0.95,0.5243877551020407,0.9226190476190477,0
5331,99,75,0.7575757575757576,0,Johanna-Etienne-Krankenhaus,415,Nordrhein-Westfalen,0,St. Augustinus Gruppe ,freigemeinnützig,"51,213668","6,658748",771507000,0.5869565217391305,0.6419518072289155,1.0206506024096387,0
5337,2,1,0.5,0,Alexius/Josef Krankenhaus,353,Nordrhein-Westfalen,0,St. Augustinus-Fachkliniken gGmbH,freigemeinnützig,"51,191089","6,700852",772719000,0.08163265306122448,0.3821813031161473,0.7475920679886685,0
5339,72,52,0.7222222222222222,0,Hospital zum Heiligen Geist Kempen GmbH & Co. KG,243,Nordrhein-Westfalen,0,Artemed SE,privat,"51,363014","6,411148",773342000,0.5596330275229358,0.6652263374485597,1.2407818930041152,0
5340,33,28,0.8484848484848485,1,Städtisches Krankenhaus Nettetal GmbH,175,Nordrhein-Westfalen,0,Stadt Nettetal,öffentlich,"51,309348","6,271489",771516000,0.6666666666666666,0.5783428571428572,1.4834285714285715,0
5341,17,12,0.7058823529411765,0,LVR-Klinik für Orthopädie Viersen,78,Nordrhein-Westfalen,0,Landschaftsverband Rheinland,öffentlich,"51,291006","6,351467",771230000,0.5625,0.53,0.7734615384615385,0
5342,41,28,0.6829268292682927,0,St. Irmgardis-Krankenhaus Viersen-Süchteln GmbH,160,Nordrhein-Westfalen,0,St. Irmgardis-Krankenhaus Süchteln GmbH,freigemeinnützig,"51,285717","6,375237",771451000,0.8,0.44331250000000005,0.7805,0
5343,89,72,0.8089887640449438,1,Allgemeines Krankenhaus Viersen GmbH,315,Nordrhein-Westfalen,0,Allgemeines Krankenhaus Viersen GmbH,freigemeinnützig,"51,251205","6,382836",771955000,1.0,0.5814603174603175,1.5942857142857145,0
5344,2,1,0.5,0,LVR-Klinik Viersen Viersen Johannisstrasse,334,Nordrhein-Westfalen,0,Landschaftsverband Rheinland,öffentlich,"51,290409","6,356102",771879000,0.36363636363636365,0.24305389221556883,0.8038922155688623,0
5352,78,66,0.8461538461538461,1,St. Vinzenz Hospital,476,Nordrhein-Westfalen,0,Gemeinnützige Gesellschaft der Franziskanerinnen zu Olpe mbH (GFO),freigemeinnützig,"51,559244","6,726081",771827000,0.8617021276595744,0.39010504201680674,0.7589915966386555,0
5354,2,2,1.0,1,St. Camillus,52,Nordrhein-Westfalen,0,gemeinnützige Gesellschaft der Franziskanerinnen zu Olpe mbH,freigemeinnützig,"51,531148","6,708177",771829000,1.0,0.14653846153846153,0.8334615384615384,0
5355,98,70,0.7142857142857143,0,St. Josef Krankenhaus GmbH Moers - Betriebsstätte St. Josef Krankenhaus Moers,376,Nordrhein-Westfalen,0,"Stiftung St. Josef Krankenhaus Moers, Gemeinnützige Gesellschaft der Franziskanerinnen zu Olpe mbH",freigemeinnützig,"51,445547","6,639752",771226000,0.5428571428571428,0.6453191489361703,0.9624202127659575,0
5356,6,4,0.6666666666666666,0,St. Josef Krankenhaus GmbH Moers - Betriebsstätte St. Nikolaus Hospital,118,Nordrhein-Westfalen,0,Stiftung St. Josef Krankenhaus Moers,freigemeinnützig,"51,541608","6,608258",771227000,0.4444444444444444,0.22576271186440677,0.6006779661016949,0
5357,102,79,0.7745098039215687,1,Krankenhaus Bethanien für die Grafschaft Moers,519,Nordrhein-Westfalen,0,Stiftung Krankenhaus Bethanien für die Grafschaft Moers,freigemeinnützig,"51,460971","6,633981",772474000,0.6319444444444444,0.5099229287090559,1.2706358381502891,0
5358,54,47,0.8703703703703703,1,Evangelisches Krankenhaus Wesel ,349,Nordrhein-Westfalen,0,Evangelisches Krankenhaus Wesel GmbH,freigemeinnützig,"51,660077","6,654884",771102000,0.8,0.3213753581661891,0.6842406876790831,0
5359,127,81,0.6377952755905512,0,Marien-Hospital gGmbH,432,Nordrhein-Westfalen,0,pro homine Krankenhäuser und Senioreneinrichtungen Wesel-Emmerich/Rees gGmbH,freigemeinnützig,"51,655657","6,611606",772359000,0.5789473684210527,0.4627777777777778,0.9076157407407407,0
5360,33,27,0.8181818181818182,1,Sankt Josef-Hospital GmbH,160,Nordrhein-Westfalen,0,Sankt Josef-Hospital GmbH,freigemeinnützig,"51,643185","6,452771",771079000,1.0,0.38625,1.0196875,0
5362,85,49,0.5764705882352941,0,Johanniter-Krankenhaus Rheinhausen GmbH,245,Nordrhein-Westfalen,0,Johanniter-Krankenhaus Rheinhausen GmbH,freigemeinnützig,"51,412116","6,699273",772209000,0.7777777777777778,0.5004489795918368,1.1610204081632653,0
5363,2,2,1.0,1,Bergman Clinics Klinik im Park,48,Nordrhein-Westfalen,0,Bergman Deutsche Clinics GmbH,privat,"51,164303","6,937714",771054000,1.0,0.28229166666666666,0.3641666666666667,0
5365,60,49,0.8166666666666667,1,Krankenhaus Neuwerk Maria von den Aposteln gGmbH,310,Nordrhein-Westfalen,0,St. Augustinus-Kliniken gGmbH,freigemeinnützig,"51,22439","6,470276",772425000,0.6507936507936508,0.48638709677419356,0.7893870967741936,0
5366,119,72,0.6050420168067226,0,Rheinland Klinikum Lukaskrankenhaus Neuss,537,Nordrhein-Westfalen,0,Rheinland Klinikum Neuss GmbH,öffentlich,"51,190298","6,673051",772188000,0.8070175438596491,0.6141340782122905,1.1690316573556796,0
5367,89,51,0.5730337078651685,0,Augusta-Krankenhaus,200,Nordrhein-Westfalen,0,Krankenhaus Mörsenbroich-Rath GmbH,freigemeinnützig,"51,266621","6,824413",771311000,0.6779661016949152,0.6615000000000001,0.94505,0
5368,16,8,0.5,0,Krankenhaus Elbroich,115,Nordrhein-Westfalen,0,Krankenhaus Mörsenbroich-Rath GmbH,freigemeinnützig,"51,174584","6,824878",771455000,0.9,0.23521739130434785,0.5507826086956522,0
5369,39,33,0.8461538461538461,1,St. Vinzenz-Krankenhaus,322,Nordrhein-Westfalen,0,Krankenhaus Mörsenbroich-Rath GmbH,freigemeinnützig,"51,2423","6,790982",772331000,0.7068965517241379,0.40686335403726703,0.4916149068322982,0
5370,60,49,0.8166666666666667,1,Philippusstift Essen GmbH,592,Nordrhein-Westfalen,0,"Katholisches Klinikum Essen GmbH, in 2024 Umbenennung in Philippusstift Essen GmbH",freigemeinnützig,"51,475767","6,950351",773500000,0.23529411764705882,0.2480743243243243,0.925337837837838,0
5371,2,2,1.0,1, Helios Klinikum Niederberg Tagesklinik für Psychiatrie,16,Nordrhein-Westfalen,0,Helios Klinikum Niederberg GmbH,privat,"51,323695","6,966521",771584000,1.0,0.11875,0.16875,1
5372,90,74,0.8222222222222222,1,Helios Klinikum Niederberg,467,Nordrhein-Westfalen,0,Helios Klinikum Niederberg GmbH,privat,"51,350371","7,011749",771585000,0.5981308411214953,0.393576017130621,1.058458244111349,1
5373,2,2,1.0,1,Katholische Kliniken Ruhrhalbinsel (Fachklinik Kamillushaus GmbH),30,Nordrhein-Westfalen,0,"Contilia GmbH (St. Elisabeth Stiftung Essen, Stiftung St. Marienhospital zu Mülheim, St. Josef-Kuratorium e.V.)",freigemeinnützig,"51,373972","7,017752",772606000,1.0,0.39166666666666666,0.6256666666666667,0
5374,2,2,1.0,1,Katholische Kliniken Ruhrhalbinsel (St. Elisabeth Krankenhaus Niederwenigern),174,Nordrhein-Westfalen,0,"Contilia GmbH (St. Elisabeth Stiftung Essen, Stiftung St. Marienhospital zu Mülheim, St. Josef-Kuratorium e.V.)",freigemeinnützig,"51,403157","7,135053",773059000,0.9230769230769231,0.16925287356321841,0.5745977011494252,0
5375,63,41,0.6507936507936508,0,Katholische Kliniken Ruhrhalbinsel (St. Josef-Krankenhaus Kupferdreh),302,Nordrhein-Westfalen,0,"Contilia GmbH (St. Elisabeth Stiftung Essen, Stiftung St. Marienhospital zu Mülheim, St. Josef-Kuratorium e.V.)",freigemeinnützig,"51,391509","7,085933",773058000,0.6915887850467289,0.5099668874172185,1.2329139072847684,0
5376,19,14,0.7368421052631579,0,Luisenkrankenhaus GmbH &amp Co.KG,20,Nordrhein-Westfalen,0,RH Diagnostik und Therapie GmbH,privat,"51,234306","6,820707",772620000,0.0,0.33999999999999997,1.079,0
5378,13,9,0.6923076923076923,0,Rheintor Klinik,18,Nordrhein-Westfalen,0,Rheinland Klinikum Neuss GmbH - Rheintor Klinik,öffentlich,"51,202433","6,69102",773217000,1.0,0.8566666666666666,1.7183333333333333,0
5379,100,58,0.58,0,St. Bernhard-Hospital Kamp-Lintfort GmbH,356,Nordrhein-Westfalen,0,St. Bernhard-Hospital Kamp-Lintfort GmbH,freigemeinnützig,"51,492186","6,516324",772083000,0.44285714285714284,0.4544101123595506,0.8542977528089888,0
5380,13,10,0.7692307692307693,0,St. Elisabeth-Hospital Meerbusch-Lank,88,Nordrhein-Westfalen,0,St. Elisabeth-Hospital Meerbusch-Lank,freigemeinnützig,"51,304789","6,677385",772084000,0.5757575757575758,0.6301136363636364,0.7954545454545454,0
5381,17,12,0.7058823529411765,0,Sana Fabricius-Klinik Remscheid GmbH,105,Nordrhein-Westfalen,0,Sana Kliniken AG,privat,"51,180263","7,180976",772117000,1.0,0.17295238095238094,0.5083809523809524,1
5382,119,73,0.6134453781512605,0,Helios St. Anna Klinik Duisburg,382,Nordrhein-Westfalen,0,Helios Rhein-Ruhr Kliniken GmbH,privat,"51,364504","6,754267",772651000,0.8529411764705882,0.46753926701570686,1.0557591623036648,1
5383,48,27,0.5625,0,Uniklinik RWTH Aachen - Franziskus,182,Nordrhein-Westfalen,1,Land Nordrhein-Westfalen,öffentlich,"50,765452","6,069213",771173000,0.0,0.5351648351648352,0.8677472527472528,0
5384,34,26,0.7647058823529411,0,Helios Klinik Duisburg-Homberg,267,Nordrhein-Westfalen,0,Helios Rhein-Ruhr Kliniken GmbH,privat,"51,453313","6,7103",772652000,0.7647058823529411,0.2887640449438202,0.8561797752808988,1
5385,175,131,0.7485714285714286,0,Uniklinik RWTH Aachen,1488,Nordrhein-Westfalen,1,Land Nordrhein-Westfalen,öffentlich,"50,776222","6,043888",771450000,0.0395738203957382,0.8691666666666666,1.1445430107526882,1
5386,127,85,0.6692913385826772,0,Marienhospital Aachen,310,Nordrhein-Westfalen,0,Marienhospital Aachen GmbH,freigemeinnützig,"50,762184","6,095329",771888000,0.7835051546391752,0.6193548387096774,1.0780967741935483,0
5387,89,66,0.7415730337078652,0,Luisenhospital Aachen,490,Nordrhein-Westfalen,0,Evangelischer Krankenhausverein zu Aachen von 1867,freigemeinnützig,"50,767603","6,076466",772078000,0.8266666666666667,0.4642857142857143,0.8895918367346939,0
5390,2,2,1.0,1,Alexianer Aachen GmbH,218,Nordrhein-Westfalen,0,Alexianer Aachen GmbH,freigemeinnützig,"50,77216","6,082216",771158000,0.8235294117647058,0.2909633027522936,0.8872018348623854,0
5392,167,122,0.7305389221556886,0,Universitätsklinikum Bonn,1306,Nordrhein-Westfalen,1,"Universitätsklinikum Bonn, AöR",öffentlich,"50,701534","7,102468",772247000,0.262861169837914,1.0212787136294028,1.8058728943338436,1
5393,109,67,0.6146788990825688,0,Gemeinschaftskrankenhaus Bonn St. Elisabeth St. Petrus St. Johannes gGmbH,425,Nordrhein-Westfalen,0,Gemeinschaftskrankenhaus Bonn St. Elisabeth St. Petrus St. Johannes gGmbH,freigemeinnützig,"50,728405","7,098664",772222000,0.7807017543859649,0.6020235294117647,0.8216470588235294,0
5394,98,52,0.5306122448979592,0,Helios Klinikum Bonn/Rhein-Sieg,381,Nordrhein-Westfalen,0,Helios Klinikum Siegburg GmbH ,privat,"50,70735","7,031853",772686000,0.7727272727272727,0.4763779527559055,0.631758530183727,1
5395,42,35,0.8333333333333334,1,GFO Kliniken Bonn - Betriebstätte St. Josef,210,Nordrhein-Westfalen,0,Gemeinnützige Gesellschaft der Franziskanerinnen zu Olpe mbH (GFO),freigemeinnützig,"50,736054","7,11822",771850000,0.8235294117647058,0.5107619047619048,0.6230476190476191,0
5396,112,72,0.6428571428571429,0,GFO Kliniken Bonn - Betriebstätte St. Marien-Hospital,324,Nordrhein-Westfalen,0,Gemeinnützige Gesellschaft der Franziskanerinnen zu Olpe mbH (GFO),freigemeinnützig,"50,716739","7,093688",771851000,0.7207207207207207,0.7108333333333333,0.8787037037037037,0
5397,48,34,0.7083333333333334,0,GFO Kliniken Bonn - Betriebsstätte CURA Krankenhaus Bad Honnef,166,Nordrhein-Westfalen,0,Gemeinnützige Gesellschaft der Franziskanerinnen zu Olpe mbH (GFO),freigemeinnützig,"50,647175","7,226161",771852000,0.625,0.378855421686747,0.5278915662650603,0
5398,5,4,0.8,1,MediClin Robert Janker Klinik,54,Nordrhein-Westfalen,0,Dr. Höfer Janker GmbH & Co. Klinik KG,privat,"50,704294","7,110635",771189000,1.0,0.5112962962962962,0.4968518518518519,1
5399,61,44,0.7213114754098361,0,Johanniter GmbH - Waldkrankenhaus Bonn ,265,Nordrhein-Westfalen,0,Johanniter GmbH ,freigemeinnützig,"50,682167","7,128064",771937000,0.4186046511627907,0.5867169811320755,0.864,0
5400,35,27,0.7714285714285715,1,Johanniter GmbH - Johanniter Krankenhaus Bonn,332,Nordrhein-Westfalen,0,Johanniter GmbH ,freigemeinnützig,"50,712826","7,131837",771938000,0.5,0.46081325301204823,0.8404216867469879,0
5401,13,5,0.38461538461538464,0,LVR-Klinik Bonn,705,Nordrhein-Westfalen,0,Landschaftsverband Rheinland,öffentlich,"50,745334","7,089146",772178000,0.7934782608695652,0.194709219858156,0.7767092198581559,0
5404,2,2,1.0,1,LVR-Klinik Bonn / Dependance Eitorf,40,Nordrhein-Westfalen,0,Landschaftsverband Rheinland,öffentlich,"50,767875","7,452923",772181000,0.3333333333333333,0.227,0.466,0
5407,46,26,0.5652173913043478,0,CardioCliniC Köln,15,Nordrhein-Westfalen,1,Universitätsklinikum Köln - Anstalt des öffentlichen Rechts,öffentlich,"50,941208","7,008974",772616000,0.7,1.492,2.025333333333333,1
5408,167,132,0.7904191616766467,1,Universitätsklinikum Köln,1522,Nordrhein-Westfalen,1,Universitätsklinikum Köln - Anstalt des öffentlichen Rechts,öffentlich,"50,923309","6,917503",773491000,0.30341463414634146,1.0229566360052562,1.482713534822602,1
5409,46,37,0.8043478260869565,1,Kliniken der Stadt Köln gGmbH - Krankenhaus Holweide,407,Nordrhein-Westfalen,0,Stadt Köln,öffentlich,"50,966948","7,055555",772851000,0.7798165137614679,0.5173710073710074,1.2657002457002458,0
5410,89,54,0.6067415730337079,0,Eduardus-Krankenhaus gGmbH,212,Nordrhein-Westfalen,0,Eduardus-Krankenhaus,freigemeinnützig,"50,932751","6,980268",772193000,0.75,0.6441981132075472,0.8940094339622642,0
5411,6,5,0.8333333333333334,1,Cellitinnen-Marienborn St. Agatha Fachklinik für Seelische Gesundheit,76,Nordrhein-Westfalen,0,MARIENBORN gGmbH,freigemeinnützig,"50,987308","6,960581",772647000,0.0,0.3036842105263158,1.180921052631579,0
5412,80,52,0.65,0,Cellitinnen-Krankenhaus Heilig Geist,291,Nordrhein-Westfalen,0,Cellitinnen-Krankenhaus Heilig Geist,freigemeinnützig,"50,992216","6,923839",772936000,0.8653846153846154,0.5372164948453608,1.1872852233676976,0
5413,119,73,0.6134453781512605,0,Cellitinnen-Severinsklösterchen Krankenhaus der Augustinerinnen,300,Nordrhein-Westfalen,0,Augustinerinnen Krankenhäuser gGmbH,freigemeinnützig,"50,925213","6,956298",772871000,0.6533333333333333,0.6759000000000001,1.1082666666666667,0
5414,14,8,0.5714285714285714,0,Cellitinnen-Krankenhaus St. Marien,226,Nordrhein-Westfalen,0,St. Marien-Hospital GmbH,freigemeinnützig,"50,94732","6,96253",771981000,0.5833333333333334,0.34168141592920354,1.1642477876106194,0
5415,92,58,0.6304347826086957,0,Cellitinnen-Krankenhaus St. Vinzenz,370,Nordrhein-Westfalen,0,St. Vinzenz-Hospital GmbH,freigemeinnützig,"50,967159","6,947",771696000,0.6037735849056604,0.7161621621621622,1.0885405405405406,0
5416,57,48,0.8421052631578947,1,Cellitinnen-Krankenhaus St. Antonius gGmbH,222,Nordrhein-Westfalen,0,"St. Antonius Krankenhaus, Köln, gGmbH",freigemeinnützig,"50,910195","6,966396",771640000,0.40540540540540543,0.48792792792792794,1.0219369369369369,0
5417,48,37,0.7708333333333334,1,Cellitinnen-Krankenhaus St. Franziskus,300,Nordrhein-Westfalen,0,St. Franziskus-Hospital GmbH,freigemeinnützig,"50,954","6,917175",772075000,0.8048780487804879,0.584,0.9270333333333334,0
5418,87,58,0.6666666666666666,0,St. Elisabeth-Krankenhaus GmbH,392,Nordrhein-Westfalen,0,"St. Elisabeth-Krankenhaus GmbH. Gesellschafter sind der Diözesan-Caritasverband für das Erzbistum Köln e. V. und die Caritas-Trägergesellschaft West gGmbH, Düren",freigemeinnützig,"50,92395","6,897684",772347000,0.6620689655172414,0.7019387755102041,1.176811224489796,0
5419,85,65,0.7647058823529411,0,Evangelisches Krankenhaus Kalk gGmbH,325,Nordrhein-Westfalen,0,Evangelisches Krankenhaus Kalk gGmbH,freigemeinnützig,"50,941368","7,009345",771183000,0.13333333333333333,0.6073846153846154,0.7914461538461539,0
5420,67,51,0.7611940298507462,0,Evangelisches Klinikum Köln Weyertal GmbH,190,Nordrhein-Westfalen,0,Evangelisches Klinikum  Köln Weyertal GmbH,freigemeinnützig,"50,927604","6,925034",771243000,0.8771929824561403,0.6041578947368421,1.2205263157894737,0
5421,126,73,0.5793650793650794,0,Krankenhaus Porz am Rhein gGmbH,420,Nordrhein-Westfalen,0,&quot;KRANKENHAUS PORZ AM RHEIN&quot; gGmbH,freigemeinnützig,"50,892673","7,051347",771240000,0.10752688172043011,0.6502857142857142,1.069357142857143,0
5422,2,1,0.5,0,LVR-Klinik Köln,452,Nordrhein-Westfalen,0,Landschaftsverband Rheinland,öffentlich,"50,935611","7,051654",771484000,0.10227272727272728,0.21690265486725663,0.774070796460177,0
5427,2,0,0.0,0,Alexianer Krankenhaus Porz,177,Nordrhein-Westfalen,0,Alexianer Köln GmbH im Verbund der Alexianer GmbH,freigemeinnützig,"50,897613","7,042614",771468000,1.0,0.19084745762711866,0.6899435028248587,0
5428,127,87,0.6850393700787402,0,Klinikum Leverkusen gGmbH,740,Nordrhein-Westfalen,0,Klinikum Leverkusen gGmbH,öffentlich,"51,031982","7,033404",771766000,0.5153374233128835,0.5315540540540541,0.8153108108108107,0
5429,41,32,0.7804878048780488,1,Alexianer St. Remigius Krankenhaus Opladen,251,Nordrhein-Westfalen,0,Katholische Kranken- und Pflegeeinrichtungen Leverkusen GmbH,freigemeinnützig,"51,068081","7,004954",771680000,0.8163265306122449,0.4639442231075697,0.7087250996015936,0
5430,110,73,0.6636363636363637,0,St.-Antonius-Hospital gGmbh,386,Nordrhein-Westfalen,0,Stiftung Katholische Kirchengemeinde St. Peter und Paul,freigemeinnützig,"50,818603","6,264196",772187000,0.10619469026548672,0.6089378238341969,1.3364248704663213,0
5431,62,45,0.7258064516129032,0,Eifelklinik St. Brigida GmbH & Co. KG,125,Nordrhein-Westfalen,0,Artemed SE,privat,"50,604975","6,301682",772720000,0.8076923076923077,1.32328,2.01976,0
5432,62,50,0.8064516129032258,1,Bethlehem Gesundheitszentrum Stolberg,263,Nordrhein-Westfalen,0,Bethlehem Gesundheitszentrum Stolberg gGmbH,freigemeinnützig,"50,772767","6,229546",771699000,0.7721518987341772,0.6232319391634981,1.1690114068441064,0
5433,94,68,0.723404255319149,0,Krankenhaus Düren gem. GmbH,449,Nordrhein-Westfalen,0,Artemed SE,privat,"50,808026","6,496522",772534000,0.671875,0.5560133630289532,1.2579732739420937,0
5434,79,62,0.7848101265822784,1,St. Marien-Hospital gGmbH,381,Nordrhein-Westfalen,0,Josefs-Gesellschaft gAG,freigemeinnützig,"50,822419","6,46668",771262000,0.20430107526881722,0.396745406824147,0.8793175853018372,0
5435,58,39,0.6724137931034483,0,St. Augustinus Krankenhaus gGmbH,288,Nordrhein-Westfalen,0,Josefs-Gesellschaft gGmbH ,freigemeinnützig,"50,770355","6,487881",771115000,0.2,0.4678125000000001,1.005451388888889,0
5436,2,2,1.0,1,Therapiezentrum Bergheim,88,Nordrhein-Westfalen,0,Landschaftsverband Rheinland,öffentlich,"50,952498","6,638186",771797000,0.8333333333333334,0.20454545454545456,0.5305681818181818,0
5437,2,2,1.0,1,LVR-Klinik Düren,453,Nordrhein-Westfalen,0,Landschaftsverband Rheinland,öffentlich,"50,816568","6,483099",771800000,0.7457627118644068,0.18944812362030902,0.6671743929359824,0
5438,42,31,0.7380952380952381,0,St. Hubertus-Stift GmbH,80,Nordrhein-Westfalen,0,St. Hubertus-Stift GmbH,freigemeinnützig,"50,997882","6,576905",772394000,0.05,0.38575,0.61075,0
5439,85,52,0.611764705882353,0,Cellitinnen-Krankenhaus Maria-Hilf,182,Nordrhein-Westfalen,0,"Maria-Hilf-Krankenhaus, Bergheim/Erft gGmbH",freigemeinnützig,"50,952567","6,638103",772261000,0.17647058823529413,0.4642857142857143,1.0475274725274726,0
5440,93,72,0.7741935483870968,1,GFO Klinik Brühl - Marienhospital,216,Nordrhein-Westfalen,0,GFO Klinik Brühl - Marienhospital,freigemeinnützig,"50,827335","6,900974",771641000,0.8723404255319149,0.6335648148148147,0.6235648148148148,0
5442,106,62,0.5849056603773585,0,St.-Katharinen-Hospital GmbH,431,Nordrhein-Westfalen,0,St.-Katharinen-Hospital GmbH,freigemeinnützig,"50,923156","6,80863",772393000,0.10576923076923077,0.4397911832946636,0.7038283062645011,0
5443,60,49,0.8166666666666667,1,Sana-Krankenhaus Hürth,140,Nordrhein-Westfalen,0,Sana-Krankenhaus Hürth GmbH,privat,"50,883974","6,887294",772062000,1.0,0.5170714285714286,0.7778571428571429,1
5444,53,37,0.6981132075471698,0,Dreifaltigkeits-Krankenhaus Wesseling,186,Nordrhein-Westfalen,0,Katharina Kasper ViaSalus GmbH,freigemeinnützig,"50,822335","6,986638",771510000,0.0,0.4808602150537634,0.8113440860215053,0
5445,94,78,0.8297872340425532,1,Marien-Hospital,440,Nordrhein-Westfalen,0,Stiftung Marien-Hospital Euskirchen,freigemeinnützig,"50,641933","6,790845",771698000,0.6923076923076923,0.4546136363636364,0.8321136363636363,0
5446,46,24,0.5217391304347826,0,Krankenhaus Schleiden,105,Nordrhein-Westfalen,0,Kreiskrankenhaus Mechernich GmbH,öffentlich,"50,533354","6,486921",771847000,1.0,0.5354285714285714,1.0070476190476192,0
5447,102,74,0.7254901960784313,0,Krankenhaus Mechernich,418,Nordrhein-Westfalen,0,Kreiskrankenhaus Mechernich GmbH,öffentlich,"50,592775","6,650274",771848000,0.14285714285714285,0.4649760765550239,1.1274162679425836,0
5448,2,2,1.0,1,MARIENBORN Fachklinik für Psychiatrie und Psychotherapie,175,Nordrhein-Westfalen,0,"MARIENBORN gGmbH, Kartäuserhof 45, 50678 Köln",freigemeinnützig,"50,683875","6,64486",771612000,0.5,0.2333714285714286,1.0969714285714285,0
5450,86,69,0.8023255813953488,1,Hermann-Josef-Krankenhaus,409,Nordrhein-Westfalen,0,Hermann-Josef-Stiftung,,"51,07512","6,313207",771574000,0.8352941176470589,0.5743031784841076,0.9280195599022005,0
5451,2,2,1.0,1,ViaNobis - Die Fachklinik am Standort Gangelt,133,Nordrhein-Westfalen,0,Katharina Kasper ViaNobis GmbH,freigemeinnützig,"50,992709","5,992056",772220000,1.0,0.40067669172932335,0.8237593984962406,0
5452,64,44,0.6875,0,St. Elisabeth-Krankenhaus Geilenkirchen gemeinnützige Gesellschaft mbH,245,Nordrhein-Westfalen,0,St. Elisabeth-Krankenhaus Geilenkirchen gemeinnützige Gesellschaft mbH,freigemeinnützig,"50,965686","6,123836",771072000,0.125,0.5335102040816326,1.2075102040816326,0
5453,80,56,0.7,0,Städtisches Krankenhaus Heinsberg GmbH,215,Nordrhein-Westfalen,0,Das Städtische Krankenhaus Heinsberg wird seit dem 1.1.1981 in der Rechtsform einer GmbH geführt. Alleinige Gesellschafterin ist die Stadt Heinsberg.,öffentlich,"51,064831","6,09453",772072000,0.6976744186046512,0.5266511627906977,1.0646511627906976,0
5454,41,34,0.8292682926829268,1,GFO Klinik Engelskirchen St. Josef Krankenhaus,265,Nordrhein-Westfalen,0,Gemeinnützige Gesellschaft der Franziskanerinnen zu Olpe mbH,freigemeinnützig,"50,985779","7,378701",771620000,1.0,0.4036603773584906,0.619056603773585,0
5455,2,2,1.0,1,Zentrum für Seelische Gesundheit Marienheide -Klinik Marienheide-,177,Nordrhein-Westfalen,0,Kreiskliniken Gummersbach - Waldbröl GmbH,öffentlich,"51,076002","7,523481",772123000,0.3157894736842105,0.22367231638418078,0.6163841807909605,0
5456,67,47,0.7014925373134329,0,Kreiskrankenhaus Waldbröl,320,Nordrhein-Westfalen,0,Kreiskliniken Gummersbach- Waldbröl GmbH,öffentlich,"50,87795","7,630743",772124000,0.2153846153846154,0.30521875,0.82465625,0
5457,67,60,0.8955223880597015,1,Kreiskrankenhaus Gummersbach,537,Nordrhein-Westfalen,0,Kreiskliniken Gummersbach-Waldbröl GmbH,öffentlich,"51,015407","7,568194",772125000,0.2682926829268293,0.3978957169459963,1.0928305400372438,0
5459,54,39,0.7222222222222222,0,Sana Krankenhaus Radevormwald gGmbH,140,Nordrhein-Westfalen,0,Sana Kliniken AG,privat,"51,19861","7,35101",771457000,0.56,0.33585714285714285,0.48628571428571427,1
5460,57,47,0.8245614035087719,1,Vinzenz Pallotti Hospital,233,Nordrhein-Westfalen,0,Gemeinnützige Gesellschaft der Franziskanerinnen zu Olpe mbH,freigemeinnützig,"50,961934","7,175029",771642000,0.5,0.5150643776824034,0.5876394849785407,0
5461,17,12,0.7058823529411765,0,Marien-Krankenhaus ,310,Nordrhein-Westfalen,0,Gemeinnützige Gesellschaft der Franziskanerinnen zu Olpe mbH,freigemeinnützig,"50,993832","7,13059",771643000,0.6923076923076923,0.40883870967741937,0.6630000000000001,0
5462,102,73,0.7156862745098039,0,Evangelisches Krankenhaus Bergisch Gladbach gGmbH,409,Nordrhein-Westfalen,0,Evangelische Kliniken Rheinland gemeinnützige GmbH,freigemeinnützig,"50,990031","7,137549",773200000,0.8548387096774194,0.4178484107579462,0.9372860635696822,0
5463,60,42,0.7,0,Krankenhaus Wermelskirchen GmbH,180,Nordrhein-Westfalen,0,Krankenhaus Wermelskirchen GmbH,öffentlich,"51,134738","7,221927",771266000,1.0,0.49922222222222223,0.8023333333333332,0
5464,2,2,1.0,1,Rhein-Klinik,94,Nordrhein-Westfalen,0,Evangelisches Johanneswerk gGmbH,freigemeinnützig,"50,644901","7,222306",773260000,0.5,0.2020212765957447,0.29829787234042554,0
5465,33,27,0.8181818181818182,1,St. Franziskus Krankenhaus GmbH,95,Nordrhein-Westfalen,0,SFE GmbH,privat,"50,767635","7,452225",772883000,0.6,0.33421052631578946,1.0674736842105264,0
5466,54,34,0.6296296296296297,0,GFO Kliniken Troisdorf - St. Johannes Krankenhaus,236,Nordrhein-Westfalen,0,Gemeinnützige Gesellschaft der Franziskanerinnen zu Olpe mbH (GFO),freigemeinnützig,"50,797372","7,117432",772395000,0.7254901960784313,0.473135593220339,0.5949576271186441,0
5467,2,2,1.0,1,Klinik Alteburger Straße gGmbH,109,Nordrhein-Westfalen,0,Klinik Alteburger Straße gGmbH,freigemeinnützig,"50,922023","6,961371",771063000,0.6666666666666666,0.22844036697247705,0.47669724770642197,0
5468,50,47,0.94,1,GFO Kliniken Troisdorf - St. Josef Hospital,324,Nordrhein-Westfalen,0,Gemeinnützige Gesellschaft der Franziskanerinnen zu Olpe mbH (GFO),freigemeinnützig,"50,817426","7,159311",772396000,0.6376811594202898,0.5249074074074074,0.6769135802469135,0
5469,2,2,1.0,1,Psychosomatische Klinik Bergisch Gladbach,47,Nordrhein-Westfalen,0,PSK Psychosomatische Klinik Bergisch Land gGmbH,öffentlich,"50,978103","7,0984",772086000,0.2,0.26872340425531915,0.7682978723404256,0
5470,100,60,0.6,0,Rhein-Maas Klinikum GmbH,577,Nordrhein-Westfalen,0,StädteRegion Aachen und Deutsche Rentenversicherung Knappschaft-Bahn-See,öffentlich,"50,815378","6,142894",772113000,0.6220472440944882,0.5344540727902947,1.848318890814558,0
5471,2,2,1.0,1,Augenklinik Dardenne SE,21,Nordrhein-Westfalen,0,Augenklinik Dardenne SE,privat,"50,680476","7,158771",772076000,1.0,0.9099999999999999,1.0404761904761906,0
5472,135,76,0.562962962962963,0,Kliniken der Stadt Köln gGmbH - Krankenhaus Merheim,724,Nordrhein-Westfalen,0,Stadt Köln,öffentlich,"50,938275","7,053504",772819000,0.6954314720812182,0.6519337016574586,1.3723480662983425,0
5473,21,17,0.8095238095238095,1,Kliniken der Stadt Köln gGmbH - Kinderkrankenhaus Amsterdamer Straße,204,Nordrhein-Westfalen,0,Stadt Köln,öffentlich,"50,962863","6,966713",773533000,0.7230769230769231,0.6444117647058824,1.5561274509803922,0
5474,2,2,1.0,1,Klinik für Kinder- und Jugendpsychiatrie und Psychotherapie,78,Nordrhein-Westfalen,0,Stadt Köln,öffentlich,"50,965095","7,056777",773534000,0.5,0.2475641025641026,0.5780769230769232,0
5475,43,34,0.7906976744186046,1,Cellitinnen-Krankenhaus St. Hildegardis,233,Nordrhein-Westfalen,0,Augustinerinnen Krankenhäuser gGmbH,freigemeinnützig,"50,931088","6,923667",772687000,0.8421052631578947,0.5710729613733906,1.0415021459227467,0
5476,109,89,0.8165137614678899,1,HELIOS Klinikum Siegburg,354,Nordrhein-Westfalen,0,HELIOS Klinikum Siegburg GmbH,privat,"50,799012","7,205888",772322000,0.8163265306122449,0.6319209039548023,1.361892655367232,1
5477,24,16,0.6666666666666666,0,Asklepios Klinik Sankt Augustin GmbH,216,Nordrhein-Westfalen,0,Asklepios Klinik Sankt Augustin GmbH,privat,"50,775113","7,18126",772114000,0.19444444444444445,0.6035648148148148,0.9568518518518518,1
5478,53,32,0.6037735849056604,0,Krankenhaus Jülich GmbH,156,Nordrhein-Westfalen,0,Krankenhaus Jülich GmbH,öffentlich,"50,925638","6,363384",772277000,0.696969696969697,0.4892307692307692,1.1792307692307693,0
5479,13,10,0.7692307692307693,0,Sana Dreifaltigkeits-Krankenhaus Köln GmbH,100,Nordrhein-Westfalen,0,Sana Kliniken AG,privat,"50,936776","6,904641",772833000,0.725,0.6788,0.7086,1
5480,50,39,0.78,1,Helios Klinik Wipperfürth ,151,Nordrhein-Westfalen,0,Helios Klinik Wipperfürth GmbH,privat,"51,11321","7,385229",771944000,0.8387096774193549,0.47284768211920536,1.062384105960265,1
5481,5,3,0.6,0,Elisabeth-Krankenhaus GmbH,223,Nordrhein-Westfalen,0,Elisabeth-Krankenhaus GmbH,freigemeinnützig,"51,563127","7,084764",771656000,0.7222222222222222,0.2031390134529148,0.6835874439461883,0
5482,127,73,0.5748031496062992,0,Marienhospital Gelsenkirchen GmbH,568,Nordrhein-Westfalen,0,Marienhospital Gelsenkirchen GmbH,freigemeinnützig,"51,49534","7,101418",771657000,0.6106194690265486,0.513855633802817,1.0215669014084507,0
5483,71,55,0.7746478873239436,1,Sankt Marien-Hospital Buer GmbH,257,Nordrhein-Westfalen,0,Sankt Marien-Hospital Buer GmbH,freigemeinnützig,"51,581515","7,048549",771647000,0.85,0.4566926070038911,1.0289883268482491,0
5484,110,73,0.6636363636363637,0,Ev. Klinikum Gelsenkirchen GmbH,435,Nordrhein-Westfalen,0,Evangelisches Klinikum Gelsenkirchen GmbH,freigemeinnützig,"51,509896","7,089297",772790000,0.8172043010752689,0.5157241379310344,0.917632183908046,0
5485,171,131,0.7660818713450293,0,Universitätsklinikum Münster,1621,Nordrhein-Westfalen,1,Land Nordrhein-Westfalen,öffentlich,"51,961204","7,595886",772432000,0.0944372574385511,0.9635842072794572,1.1989697717458359,1
5486,126,78,0.6190476190476191,0,Ludgerus-Kliniken Münster GmbH-Standort Clemenshospital,385,Nordrhein-Westfalen,0,Ludgerus-Kliniken Münster GmbH,freigemeinnützig,"51,932868","7,614611",772873000,0.6305732484076433,0.7056883116883117,1.3337142857142859,0
5487,42,31,0.7380952380952381,0,EVK Münster - Alexianer Johannisstift GmbH,161,Nordrhein-Westfalen,0,Alexianer Johannisstift GmbH,freigemeinnützig,"51,972621","7,624718",771116000,0.7391304347826086,0.5291304347826087,1.5811801242236025,0
5488,54,45,0.8333333333333334,1,Ludgerus-Kliniken Münster GmbH-Standort Raphaelsklinik,261,Nordrhein-Westfalen,0,Ludgerus-Kliniken Münster GmbH,freigemeinnützig,"51,958991","7,630168",773050000,0.7758620689655172,0.4188122605363985,0.9131034482758621,0
5489,2,2,1.0,1,LWL-Klinik Münster,356,Nordrhein-Westfalen,0,Landschaftsverband Westfalen-Lippe (LWL),öffentlich,"51,976124","7,618356",773649000,0.5689655172413793,0.28016853932584274,2.390056179775281,0
5490,12,4,0.3333333333333333,0,Fachklinik Hornheide,140,Nordrhein-Westfalen,0,Fachklinik Hornheide e. V.,freigemeinnützig,"52,013264","7,709049",771779000,0.5428571428571428,0.5785,1.1415714285714285,0
5492,2,2,1.0,1,Alexianer Krankenhaus Münster,106,Nordrhein-Westfalen,0,Alexianer Münster GmbH,freigemeinnützig,"51,876961","7,564593",771135000,1.0,0.2358490566037736,0.6981132075471698,0
5493,119,80,0.6722689075630253,0,St. Marien-Krankenhaus Ahaus,284,Nordrhein-Westfalen,0,Klinikum Westmünsterland GmbH,freigemeinnützig,"52,068805","6,992941",771284000,0.06593406593406594,0.6188380281690141,1.3304225352112677,0
5494,5,5,1.0,1,St. Marien-Hospital Vreden,110,Nordrhein-Westfalen,0,Klinikum Westmünsterland GmbH,freigemeinnützig,"52,046841","6,812771",771285000,0.0,0.24281818181818182,0.6550909090909091,0
5495,127,87,0.6850393700787402,0,St. Agnes-Hospital Bocholt,463,Nordrhein-Westfalen,0,Klinikum Westmünsterland GmbH,freigemeinnützig,"51,855219","6,627452",771286000,0.048,0.5710367170626349,1.0405183585313176,0
5496,2,2,1.0,1,St. Vinzenz-Hospital Rhede,170,Nordrhein-Westfalen,0,Klinikum Westmünsterland GmbH,freigemeinnützig,"51,840207","6,692903",771287000,0.0,0.1792941176470588,0.5534117647058824,0
5497,49,34,0.6938775510204082,0,St. Marien-Hospital Borken,316,Nordrhein-Westfalen,0,Klinikum Westmünsterland GmbH,freigemeinnützig,"51,842004","6,861078",771288000,0.03896103896103896,0.522120253164557,0.9285759493670886,0
5498,94,62,0.6595744680851063,0,St. Antonius-Hospital Gronau GmbH,266,Nordrhein-Westfalen,0,St. Antonius-Hospital Gronau GmbH,freigemeinnützig,"52,208309","7,02068",771299000,0.6984126984126984,0.6370676691729323,0.9997368421052631,0
5499,5,4,0.8,1,Evangelisches Lukas-Krankenhaus Gronau gGmbH,155,Nordrhein-Westfalen,0,Evangelisches Lukas-Krankenhaus Gronau gGmbH,freigemeinnützig,"52,217011","7,030823",771114000,0.3684210526315789,0.22587096774193546,0.492258064516129,0
5500,2,2,1.0,1,Augustahospital Anholt,112,Nordrhein-Westfalen,0,Alexianer Misericordia GmbH,freigemeinnützig,"51,849036","6,433017",771376000,1.0,0.15098214285714287,0.46017857142857144,0
5501,99,80,0.8080808080808081,1,Christophorus Kliniken Coesfeld – Dülmen – Nottuln Standort Coesfeld,330,Nordrhein-Westfalen,0,Christophorus-Kliniken GmbH,freigemeinnützig,"51,944033","7,170287",771191000,0.6796875,0.7678181818181818,1.222787878787879,0
5502,47,29,0.6170212765957447,0,Christophorus Kliniken Coesfeld – Dülmen – Nottuln Standort Dülmen,158,Nordrhein-Westfalen,0,Christophorus-Kliniken GmbH,freigemeinnützig,"51,827417","7,280107",771192000,0.5862068965517241,0.534493670886076,1.091012658227848,0
5503,7,5,0.7142857142857143,0,Christophorus Kliniken  Coesfeld – Dülmen – Nottuln Standort Nottuln,100,Nordrhein-Westfalen,0,Christophorus-Kliniken GmbH,freigemeinnützig,"51,933384","7,353879",771193000,0.29411764705882354,0.32059999999999994,0.5922,0
5504,2,2,1.0,1,Christophorus Klinik am Schlossgarten Dülmen,127,Nordrhein-Westfalen,0,Klinik am Schlossgarten GmbH,freigemeinnützig,"51,826592","7,28185",771465000,0.6,0.2615748031496063,0.64,0
5505,2,2,1.0,1,Christophorus Klinik am Schlossgarten Standort Nottuln,33,Nordrhein-Westfalen,0,Klinik am Schlossgarten GmbH,freigemeinnützig,"51,934449","7,354484",771466000,0.5,0.22212121212121214,0.9712121212121213,0
5506,77,56,0.7272727272727273,0,Ev. Krankenhaus Castrop-Rauxel gGmbH,398,Nordrhein-Westfalen,0,Ev. Krankenhausgemeinschaft Herne | Castrop-Rauxel gGmbH,freigemeinnützig,"51,567318","7,319482",773650000,0.6555555555555556,0.40819095477386935,1.1344472361809046,0
5507,13,13,1.0,1,Vestische Kinder- und Jugendklinik Datteln - Universität Witten/Herdecke,244,Nordrhein-Westfalen,0,Vestische Caritas-Kliniken GmbH,freigemeinnützig,"51,642544","7,338056",771639000,0.05747126436781609,0.5854098360655737,1.2098770491803277,0
5508,91,73,0.8021978021978022,1,St. Vincenz-Krankenhaus,316,Nordrhein-Westfalen,0,Vestische Caritas-Kliniken GmbH,freigemeinnützig,"51,652309","7,344831",771891000,0.2727272727272727,0.7241139240506329,1.40753164556962,0
5509,2,2,1.0,1,St. Antonius-Krankenhaus,120,Nordrhein-Westfalen,0,Katholische Kliniken Emscher-Lippe GmbH -KKEL-,freigemeinnützig,"51,605776","6,922705",771305000,1.0,0.2025,0.8105,0
5510,75,51,0.68,0,St. Barbara-Hospital,323,Nordrhein-Westfalen,0,Katholische Kliniken Emscher-Lippe GmbH -KKEL-,freigemeinnützig,"51,574207","6,987963",771306000,0.9215686274509803,0.4053250773993808,1.3484829721362228,0
5511,2,2,1.0,1,St. Josef-Hospital,75,Nordrhein-Westfalen,0,Katholische Kliniken Emscher-Lippe GmbH -KKEL-,freigemeinnützig,"51,541002","7,02744",771307000,1.0,0.26026666666666665,0.7055999999999999,0
5519,92,71,0.7717391304347826,1,Stiftungsklinikum PROSELIS gGmbH Standort Prosper-Hospital,463,Nordrhein-Westfalen,0,Stiftungsklinikum PROSELIS gGmbH,freigemeinnützig,"51,606482","7,191815",772358000,0.0,0.44930885529157666,1.1410799136069116,0
5520,64,51,0.796875,1,Stiftungsklinikum PROSELIS gGmbH Standort St. Elisabeth-Hospital Herten,310,Nordrhein-Westfalen,0,Stiftungsklinikum PROSELIS gGmbH,freigemeinnützig,"51,592054","7,124288",773709000,0.6896551724137931,0.44306451612903225,0.8450322580645162,0
5521,110,56,0.509090909090909,0,Elisabeth Krankenhaus Recklinghausen,230,Nordrhein-Westfalen,0,Elisabeth Krankenhaus GmbH,freigemeinnützig,"51,568421","7,208084",772452000,0.6545454545454545,0.5726086956521739,1.142391304347826,0
5522,5,5,1.0,1,St.-Laurentius-Stift,147,Nordrhein-Westfalen,0,Vestische Caritas-Kliniken GmbH,freigemeinnützig,"51,620983","7,387683",772069000,0.0,0.2773469387755102,1.0753061224489795,0
5523,2,2,1.0,1,St. Antonius Krankenhaus Hörstel - Klinik für Suchtmedizin und Psychotherapie,64,Nordrhein-Westfalen,0,Alexianer St. Antonius GmbH,freigemeinnützig,"52,301981","7,584188",771368000,1.0,0.046875,0.23421875,0
5524,2,2,1.0,1,LWL-Klinik Lengerich Standort Rheine,60,Nordrhein-Westfalen,0,Landschaftsverband Westfalen-Lippe (LWL),öffentlich,"52,273075","7,444909",771169000,0.23076923076923078,0.34983333333333333,0.8696666666666667,0
5525,2,2,1.0,1,LWL-Klinik Lengerich,261,Nordrhein-Westfalen,0,Landschaftsverband Westfalen-Lippe (LWL),öffentlich,"52,194174","7,852326",771205000,0.4,0.3216858237547893,0.8142145593869732,0
5526,102,80,0.7843137254901961,1,Klinikum Rheine,687,Nordrhein-Westfalen,0,Stiftung Mathias-Spital Rheine,,"52,276554","7,424584",773430000,0.949238578680203,0.5930276564774382,0.7778602620087336,0
5527,77,51,0.6623376623376623,0,St. Franziskus-Hospital Ahlen,260,Nordrhein-Westfalen,0,St. Franziskus-Hospital Ahlen GmbH,freigemeinnützig,"51,766903","7,885046",772804000,0.3076923076923077,0.5639615384615384,1.0926923076923079,0
5528,40,35,0.875,1,St. Elisabeth-Hospital Beckum GmbH,220,Nordrhein-Westfalen,0,St. Elisabeth-Hospital Beckum GmbH,freigemeinnützig,"51,752706","8,038718",771974000,0.7307692307692307,0.4034090909090909,0.9079999999999999,0
5529,17,16,0.9411764705882353,1,St. Josef-Stift Sendenhorst,359,Nordrhein-Westfalen,0,St. Josef-Stift Sendenhorst,freigemeinnützig,"51,843295","7,821975",772589000,0.7727272727272727,0.4701114206128134,1.0446796657381616,0
5532,2,2,1.0,1,St. Rochus-Hospital Telgte GmbH,233,Nordrhein-Westfalen,0,"St. Franziskus-Stiftung Münster, St. Mauritz-Freiheit 46, 48145 Münster",freigemeinnützig,"51,977963","7,764253",771846000,0.8461538461538461,0.20824034334763947,0.9325751072961374,0
5533,75,61,0.8133333333333334,1,Josephs-Hospital Warendorf,241,Nordrhein-Westfalen,0,Stiftung Josephs-Hospital Warendorf,freigemeinnützig,"51,960421","8,002353",771077000,0.6753246753246753,0.6786307053941908,1.6241908713692947,0
5534,92,59,0.6413043478260869,0,Knappschaft Kliniken Bottrop GmbH ,372,Nordrhein-Westfalen,0,Knappschaft Kliniken Bottrop GmbH ,öffentlich,"51,514924","6,907341",771728000,0.725,0.5213440860215054,0.7936559139784947,0
5535,82,53,0.6463414634146342,0,Knappschaft Kliniken Gelsenkirchen -Buer GmbH ,336,Nordrhein-Westfalen,0,Knappschaft Kliniken Gelsenkirchen Buer GmbH (Bergmannsheil und Kinderklinik Buer GmbH),öffentlich,"51,571312","7,060217",772550000,0.8539325842696629,0.6972619047619047,1.0376190476190477,0
5536,50,48,0.96,1,Knappschaft Kliniken Vest GmbH Paracelsus Marl,285,Nordrhein-Westfalen,0,Klinikum Vest GmbH,öffentlich,"51,662106","7,123744",772472000,0.325,0.3820350877192982,1.123859649122807,0
5537,100,64,0.64,0,Knappschaft Kliniken Vest GmbH Recklinghausen ,483,Nordrhein-Westfalen,0,Klinikum Vest GmbH,öffentlich,"51,62032","7,175755",772473000,0.4418604651162791,0.5898757763975154,1.2212629399585921,0
5538,2,2,1.0,1,LWL-Klinik Herten,228,Nordrhein-Westfalen,0,Landschaftsverband Westfalen - Lippe (LWL),öffentlich,"51,591794","7,127196",771458000,0.8,0.2646491228070175,0.7099122807017543,0
5541,80,54,0.675,0,Klinikum Ibbenbüren,415,Nordrhein-Westfalen,0,Stiftung Mathias-Spital Rheine,,"52,278697","7,713697",773391000,0.9509803921568627,0.5751807228915662,0.8293975903614459,0
5542,127,83,0.6535433070866141,0,St. Franziskus-Hospital GmbH Münster,598,Nordrhein-Westfalen,0,St. Franziskus Stiftung Münster,freigemeinnützig,"51,960632","7,648671",772191000,0.8133333333333334,0.7173244147157191,1.3604347826086955,0
5543,52,37,0.7115384615384616,0,Helios Klinik Lengerich,136,Nordrhein-Westfalen,0,Helios Kliniken Lengerich GmbH,privat,"52,198791","7,843792",771304000,0.7868852459016393,0.6507352941176471,1.2809558823529412,1
5544,94,82,0.8723404255319149,1,Marienhospital Bottrop gGmbH,310,Nordrhein-Westfalen,0,Marienhospital Bottrop gGmbH,freigemeinnützig,"51,534731","6,917582",771988000,0.6923076923076923,0.46680645161290324,0.9490322580645161,0
5545,86,74,0.8604651162790697,1,St. Elisabeth-Krankenhaus Dorsten,300,Nordrhein-Westfalen,0,KKRN Katholisches Klinikum Ruhrgebiet Nord GmbH,freigemeinnützig,"51,657105","6,956028",772049000,0.7432432432432432,0.49180000000000007,1.2433,0
5546,54,45,0.8333333333333334,1,St. Sixtus-Hospital Haltern,170,Nordrhein-Westfalen,0,KKRN Katholisches Klinikum Ruhrgebiet Nord GmbH,freigemeinnützig,"51,745667","7,194133",772050000,0.8,0.42317647058823527,1.3541176470588234,0
5547,66,49,0.7424242424242424,0,Marien-Hospital Marl,281,Nordrhein-Westfalen,0,KKRN Katholisches Klinikum Ruhrgebiet Nord GmbH,freigemeinnützig,"51,652449","7,083755",772051000,0.6792452830188679,0.4435231316725978,1.6321708185053379,0
5548,43,24,0.5581395348837209,0,Gertrudis-Hospital Westerholt,155,Nordrhein-Westfalen,0,KKRN Katholisches Klinikum Ruhrgebiet Nord GmbH,freigemeinnützig,"51,599935","7,085793",772052000,0.8095238095238095,0.2595483870967742,1.2021935483870967,0
5549,41,33,0.8048780487804879,1,Klinikum Bielefeld gem. GmbH Standort Halle/Westfalen,170,Nordrhein-Westfalen,1,Klinikum Bielefeld gem.GmbH,öffentlich,"52,0548","8,355353",772829000,0.92,0.3128235294117647,1.165764705882353,0
5550,42,31,0.7380952380952381,0,Klinikum Bielefeld Standort Rosenhöhe,309,Nordrhein-Westfalen,1,Klinikum Bielefeld gem.GmbH,öffentlich,"51,982677","8,532294",772830000,0.9038461538461539,0.3783171521035599,0.9324271844660195,0
5551,127,80,0.6299212598425197,0,Klinikum Bielefeld gem. GmbH,661,Nordrhein-Westfalen,1,Klinikum Bielefeld gem.GmbH,öffentlich,"52,014345","8,544199",772831000,0.9554140127388535,0.5946898638426626,1.3976399394856278,0
5552,24,19,0.7916666666666666,1,Evangelisches Klinikum Bethel gGmbH - Standort Johannesstift,485,Nordrhein-Westfalen,1,Evangelische Klinikum Bethel gGmbH,freigemeinnützig,"52,041683","8,541192",771239000,0.5391304347826087,0.4307216494845361,0.8026804123711341,0
5553,127,81,0.6377952755905512,0,Evangelisches Klinikum Bethel gGmbH Standort Bethel,1040,Nordrhein-Westfalen,1,Evangelische Klinikum Bethel gGmbH,freigemeinnützig,"52,013456","8,525701",773641000,0.4161490683229814,0.44067307692307695,1.2727884615384615,0
5554,28,25,0.8928571428571429,1,Klinik Dr. Hartog,13,Nordrhein-Westfalen,0,Moritz Hartog,privat,"52,023021","8,521576",772065000,,0.3076923076923077,1.2307692307692308,0
5555,94,77,0.8191489361702128,1,Klinikum Gütersloh,410,Nordrhein-Westfalen,0,Klinikum Gütersloh gemeinnützige GmbH,öffentlich,"51,89766","8,383385",771179000,0.8372093023255814,0.6019512195121951,1.0292682926829269,0
5556,5,4,0.8,1,LWL-Klinikum Gütersloh,419,Nordrhein-Westfalen,0,Landschaftsverband Westfalen-Lippe,öffentlich,"51,894589","8,351727",772630000,0.7321428571428571,0.19427207637231506,0.7039379474940334,0
5557,5,3,0.6,0,Ev. Krankenhaus Enger,73,Nordrhein-Westfalen,0,Ev. Krankenhaus Enger gemeinnützige Betriebsgessellschaft mbH,freigemeinnützig,"52,139738","8,56466",771443000,1.0,0.196027397260274,0.723013698630137,0
5558,62,43,0.6935483870967742,0,Kreiskliniken Herford-Bünde (AÖR) Standort Lukas-Krankenhaus Bünde,281,Nordrhein-Westfalen,0,Kreisklinikum Herford-Bünde Anstalt des öffentlichen Rechts (AÖR),öffentlich,"52,198264","8,593986",771078000,0.7368421052631579,0.475693950177936,0.7958362989323843,0
5559,127,88,0.6929133858267716,0,Klinikum Herford AöR,755,Nordrhein-Westfalen,0,Kreiskliniken Herford-Bünde - Anstalt des öffentlichen Rechts-,öffentlich,"52,126395","8,700473",773235000,0.4503311258278146,0.49056953642384105,1.1347814569536423,0
5562,102,76,0.7450980392156863,0,St. Ansgar Krankenhaus Höxter,371,Nordrhein-Westfalen,0,Katholische Hospitalvereinigung Weser-Egge gGmbH,freigemeinnützig,"51,785366","9,365724",773298000,0.2345679012345679,0.45261455525606475,1.143611859838275,0
5563,20,19,0.95,1,St. Vincenz Hospital Brakel,138,Nordrhein-Westfalen,0,Katholische Hospitalvereinigung Weser-Egge gGmbH,freigemeinnützig,"51,7277","9,18061",773299000,0.23529411764705882,0.2710869565217391,0.6704347826086956,0
5564,66,44,0.6666666666666666,0,St. Josef Hospital Bad Driburg,247,Nordrhein-Westfalen,0,Katholische Hospitalvereinigung Weser-Egge gGmbH,freigemeinnützig,"51,741993","9,010452",773300000,0.13793103448275862,0.27368421052631575,0.7221862348178137,0
5565,5,4,0.8,1,St. Rochus Krankenhaus Steinheim,112,Nordrhein-Westfalen,0,Katholische Hospitalvereinigung Weser-Egge gGmbH,freigemeinnützig,"51,856601","9,089313",773301000,0.2,0.14017857142857143,0.6121428571428572,0
5566,67,51,0.7611940298507462,0,Helios Klinikum Warburg GmbH,139,Nordrhein-Westfalen,0,Helios Klinikum Warburg GmbH,privat,"51,487499","9,140362",771663000,0.1875,0.4712230215827338,1.0683453237410072,1
5567,2,2,1.0,1,AMEOS Klinikum Bad Salzuflen,131,Nordrhein-Westfalen,0,AMEOS Klinikum Bad Salzuflen GmbH &amp;amp; Co. KG,privat,"52,086238","8,752636",771377000,0.3333333333333333,0.06519083969465649,0.4215267175572519,1
5571,48,34,0.7083333333333334,0,Klinikum Lippe Lemgo,444,Nordrhein-Westfalen,1,Klinikum Lippe GmbH (Gesellschafter Kreis Lippe),öffentlich,"52,037597","8,900977",771162000,0.5416666666666666,0.3928378378378378,0.587972972972973,0
5572,127,82,0.6456692913385826,0,Klinikum Lippe Detmold,650,Nordrhein-Westfalen,1,Klinikum Lippe GmbH (Gesellschafter Kreis Lippe),öffentlich,"51,941692","8,879155",771184000,0.6694214876033058,0.5426,0.5693538461538462,0
5573,47,32,0.6808510638297872,0,MKK Krankenhaus Bad Oeynhausen,240,Nordrhein-Westfalen,0,Kreis Minden-Lübbecke,öffentlich,"52,193268","8,797191",772361000,0.4444444444444444,0.43070833333333336,1.08825,0
5574,13,10,0.7692307692307693,0,MKK Auguste Viktoria Klinik,104,Nordrhein-Westfalen,0,Mühlenkreiskliniken (AÖR),öffentlich,"52,206763","8,787187",772375000,0.5,0.47701923076923075,0.6723076923076923,0
5575,101,78,0.7722772277227723,1,Herz- und Diabeteszentrum NRW,500,Nordrhein-Westfalen,1,Krankenhausbetriebsgesellschaft Bad Oeynhausen mbH,öffentlich,"52,191836","8,795144",771056000,0.7380952380952381,0.7136,1.6236000000000002,0
5576,2,2,1.0,1,Rheuma-Klinik Dr. Lauven,30,Nordrhein-Westfalen,0,Rheuma-Klinik Dr. Lauven e. V.,freigemeinnützig,"52,201249","8,799993",772730000,0.0,0.19266666666666668,0.28833333333333333,0
5579,71,56,0.7887323943661971,1,Krankenhaus Lübbecke,451,Nordrhein-Westfalen,0,Kreis Minden-Lübbecke,öffentlich,"52,296241","8,603555",772139000,0.8983050847457628,0.352549889135255,1.0445454545454544,0
5580,127,86,0.6771653543307087,0,Johannes Wesling Klinikum,864,Nordrhein-Westfalen,1,Kreis Minden-Lübbecke,öffentlich,"52,260866","8,890478",772283000,0.52,0.6253240740740741,1.0355787037037036,0
5581,7,5,0.7142857142857143,0,Krankenhaus Rahden,78,Nordrhein-Westfalen,0,Kreis Minden-Lübbecke,öffentlich,"52,430508","8,610681",773638000,1.0,0.19448717948717947,0.4058974358974359,0
5582,5,5,1.0,1,Karl-Hansen-Klinik GmbH,201,Nordrhein-Westfalen,0,Karl-Hansen-Klinik GmbH,freigemeinnützig,"51,78248","8,826894",771354000,0.2222222222222222,0.41965174129353233,0.7523383084577113,0
5583,127,89,0.7007874015748031,0,St. Vincenz-Krankenhaus,587,Nordrhein-Westfalen,0,Kongregation der Barmherzigen Schwestern vom hl. Vincenz von Paul zu Paderborn,freigemeinnützig,"51,718586","8,759052",772673000,0.8347826086956521,0.5979897785349233,1.197137989778535,0
5584,51,45,0.8823529411764706,1,St. Josefs-Krankenhaus,213,Nordrhein-Westfalen,0,St. Vincenz-Krankenhaus GmbH,freigemeinnützig,"51,677743","8,617555",772674000,0.9090909090909091,0.1836619718309859,0.8152582159624413,0
5585,66,45,0.6818181818181818,0,Brüderkrankenhaus St. Josef Paderborn,402,Nordrhein-Westfalen,0,Barmherzige Brüder Trier gGmbH,freigemeinnützig,"51,710482","8,759544",771201000,0.423728813559322,0.5619651741293532,1.2076616915422884,0
5586,58,43,0.7413793103448276,0,St. Johannisstift Ev. Krankenhaus Paderborn gGmbH,208,Nordrhein-Westfalen,0,St. Johannisstift Ev. Krankenhaus gGmbH,freigemeinnützig,"51,722803","8,747578",771887000,1.0,0.34802884615384616,0.7000961538461538,0
5587,2,2,1.0,1,LWL-Klinik Paderborn - Standort Agathastraße,220,Nordrhein-Westfalen,0,Landschaftsverband Westfalen-Lippe,öffentlich,"51,719488","8,762956",772631000,0.8490566037735849,0.27095454545454545,0.8000909090909092,0
5588,2,2,1.0,1,Artemed Fachklinik Prof.Dr.Dr.Salfeld GmbH und Co.KG,91,Nordrhein-Westfalen,0,Artemed Fachklinik Prof. Dr. Dr. Salfeld GmbH und Co. KG,privat,"52,204142","8,804649",772633000,1.0,0.2967032967032967,0.5494505494505495,1
5589,33,21,0.6363636363636364,0,Krankenhaus Mara gGmbH,177,Nordrhein-Westfalen,1,Krankenhaus Mara gGmbH,freigemeinnützig,"52,006632","8,528418",771241000,0.4642857142857143,0.3830508474576271,1.0937853107344635,0
5590,53,39,0.7358490566037735,0,Marienhospital Oelde,170,Nordrhein-Westfalen,0,Katholische Hospitalvereinigung Ostwestfalen gem. GmbH,freigemeinnützig,"51,821503","8,142901",772475000,1.0,0.33552941176470585,1.1058235294117646,0
5591,9,4,0.4444444444444444,0,Sankt Elisabeth Hospital St. Lucia Hospital Harsewinkel,80,Nordrhein-Westfalen,0,Katholische Hospitalvereinigung Ostwestfalen gGmbH,freigemeinnützig,"51,963095","8,225016",772476000,0.5,0.21000000000000002,0.546125,0
5592,81,60,0.7407407407407407,0,Sankt Elisabeth Hospital,331,Nordrhein-Westfalen,0,Katholische Hospitalvereinigung Ostwestfalen gem. GmbH,freigemeinnützig,"51,882742","8,381512",772477000,0.4782608695652174,0.4150755287009064,1.1127794561933535,0
5593,77,60,0.7792207792207793,1,Franziskus Hospital Bielefeld,616,Nordrhein-Westfalen,0,Katholische Hospitalvereinigung Ostwestfalen gem. GmbH,freigemeinnützig,"52,023234","8,523211",773289000,0.5079365079365079,0.22616883116883116,0.4289285714285714,0
5594,119,79,0.6638655462184874,0,Mathilden Hospital,616,Nordrhein-Westfalen,0,Katholische Hospitalvereinigung Ostwestfalen gem. GmbH,freigemeinnützig,"52,112178","8,675174",773290000,0.47058823529411764,0.12605519480519478,0.3206655844155844,0
5595,60,46,0.7666666666666667,0,Sankt Vinzenz Hospital Rheda-Wiedenbrück,616,Nordrhein-Westfalen,0,Katholische Hospitalvereinigung Ostwestfalen gem. GmbH,freigemeinnützig,"51,833003","8,330377",773291000,0.41379310344827586,0.08547077922077922,0.20631493506493506,0
5596,2,2,1.0,1,gpz GmbH Gemeindepsychiatrisches Zentrum GmbH,125,Nordrhein-Westfalen,0,Gemeindepsychiatrisches Zentrum gpz GmbH,öffentlich,"51,945245","8,891151",771147000,0.25,0.17776,0.69712,0
5598,2,2,1.0,1,LWL-Universitätsklinikum Bochum,219,Nordrhein-Westfalen,1,Landschaftsverband Westfalen-Lippe (LWL),öffentlich,"51,490007","7,229311",771461000,0.5925925925925926,0.2889497716894977,0.5625570776255708,0
5600,119,82,0.6890756302521008,0,Berufsgenossenschaftliches Universitätsklinikum Bergmannsheil gGmbH,512,Nordrhein-Westfalen,0,Berufsgenossenschaftliches Universitätsklinikum Bergmannsheil gGmbH,freigemeinnützig,"51,46814","7,212013",773238000,0.46099290780141844,0.7799804687499999,1.14685546875,1
5601,92,70,0.7608695652173914,0,St. Josef-Hospital,645,Nordrhein-Westfalen,1,Katholisches Klinikum Bochum gGmbH,freigemeinnützig,"51,493923","7,228268",772744000,0.6244541484716157,0.7506666666666667,1.3186976744186045,0
5602,2,2,1.0,1,Klinik Blankenstein Hattingen,135,Nordrhein-Westfalen,0,Katholisches Klinikum Bochum gGmbH,freigemeinnützig,"51,404843","7,222519",772746000,0.92,0.24592592592592594,0.6194814814814814,0
5603,43,37,0.8604651162790697,1,St. Elisabeth-Hospital,214,Nordrhein-Westfalen,1,Katholisches Klinikum Bochum gGmbH,freigemeinnützig,"51,482509","7,22189",772745000,0.5869565217391305,0.5446728971962617,1.1999532710280374,0
5604,28,21,0.75,0,Marien-Hospital Wattenscheid,463,Nordrhein-Westfalen,0,Katholisches Klinikum Bochum gGmbH,freigemeinnützig,"51,483319","7,139646",772747000,0.6666666666666666,0.3136069114470842,0.985766738660907,0
5605,112,67,0.5982142857142857,0,Augusta-Kranken-Anstalt gGmbH Bochum,448,Nordrhein-Westfalen,0,Evangelische Stiftung Augusta,freigemeinnützig,"51,485216","7,222675",771915000,0.5797101449275363,0.6281919642857143,1.239575892857143,0
5606,6,5,0.8333333333333334,1,Augusta-Kranken-Anstalt gGmbH Bochum-Linden,51,Nordrhein-Westfalen,0,Evangelische Stfitung Augusta,freigemeinnützig,"51,424051","7,158077",771916000,0.75,0.29745098039215684,0.8807843137254903,0
5607,30,30,1.0,1,Augusta-Kranken-Anstalt gGmbH Evangelisches Krankenhaus Hattingen,215,Nordrhein-Westfalen,0,Evangelische Stiftung Augusta,freigemeinnützig,"51,394184","7,192779",773738000,0.6666666666666666,0.5316279069767442,1.2556744186046513,0
5608,132,102,0.7727272727272727,1,Klinikum Dortmund Mitte,963,Nordrhein-Westfalen,0,Klinikum Dortmund gGmbH,öffentlich,"51,508734","7,456813",773659000,0.5698924731182796,0.7501142263759086,1.3866666666666665,0
5609,37,26,0.7027027027027027,0,Klinikum Dortmund Nord,445,Nordrhein-Westfalen,0,Klinikum Dotmund gGmbH,öffentlich,"51,534029","7,454065",773660000,0.7788461538461539,0.4108089887640449,1.0073258426966292,0
5610,71,53,0.7464788732394366,0,St. Josefs Hospital Dortmund-Hörde,293,Nordrhein-Westfalen,0,SLG St. Paulus GmbH,freigemeinnützig,"51,484835","7,504728",772089000,0.28205128205128205,0.472320819112628,1.17481228668942,0
5611,72,52,0.7222222222222222,0,St. Rochus-Hospital Castrop-Rauxel (Einrichtung des St. Lukas Klinikums),204,Nordrhein-Westfalen,0,SLG St. Paulus GmbH,freigemeinnützig,"51,546554","7,315627",772090000,0.3,0.4539705882352941,1.0125,0
5612,54,33,0.6111111111111112,0,Katholisches Krankenhaus Dortmund-West (Einrichtung des St. Lukas Klinikums),263,Nordrhein-Westfalen,0,SLG St. Paulus GmbH,freigemeinnützig,"51,524257","7,368413",772091000,0.3333333333333333,0.23547528517110267,0.7280988593155894,0
5613,10,7,0.7,0,Knappschaftskrankenhaus Lütgendortmund Klinikum Westfalen GmbH,291,Nordrhein-Westfalen,0,"Klinikum Westfalen GmbH mit den Gesellschaftern Deutsche Rentenversicherung Knappschaft-Bahn-See, Stadt Lünen, Stadt Kamen & Stiftung Volmarstein",öffentlich,"51,501973","7,330101",771105000,0.2894736842105263,0.285807560137457,0.7339518900343643,0
5614,5,3,0.6,0,Hüttenhospital Dortmund gGmbH,174,Nordrhein-Westfalen,0,Hüttenhospital gGmbH,freigemeinnützig,"51,480678","7,509635",771739000,0.7272727272727273,0.2093103448275862,0.7062643678160919,0
5615,2,1,0.5,0,LWL-Klinik Dortmund inkl. Tagesklinik Allerstraße und Krisentagesklinik,565,Nordrhein-Westfalen,0,Landschaftsverband Westfalen Lippe (LWL),öffentlich,"51,507921","7,549341",773040000,0.2571428571428571,0.20561061946902656,0.8289734513274336,0
5616,2,1,0.5,0,LWL-Klinik Dortmund Psychiatrie - Psychotherapie - Psychosomatische Medizin - Rehabilitation - Prävention,60,Nordrhein-Westfalen,0,LWL,öffentlich,"51,532924","7,677068",773041000,0.75,0.13266666666666665,0.48133333333333334,0
5617,54,42,0.7777777777777778,1,St. Marien-Hospital Hamm gem. GmbH,330,Nordrhein-Westfalen,0,St. Marien-Hospital Hamm gem. GmbH,freigemeinnützig,"51,688148","7,849152",772119000,0.3968253968253968,0.27036363636363636,0.8212121212121212,0
5618,28,23,0.8214285714285714,1,St. Marien-Hospital Hamm gem. GmbH,197,Nordrhein-Westfalen,0,St. Marien-Hospital Hamm gem. GmbH,freigemeinnützig,"51,679443","7,818176",772120000,0.4074074074074074,0.47725888324873095,1.004213197969543,0
5619,52,39,0.75,0,HAMM,425,Nordrhein-Westfalen,0,Ev. Krankenhaus Hamm gGmbH,freigemeinnützig,"51,669985","7,827076",773164000,0.5714285714285714,0.41421176470588233,0.8923529411764706,0
5626,2,2,1.0,1,Klinik für Manuelle Therapie,154,Nordrhein-Westfalen,0,Klinik für Manuelle Therapie e. V.,freigemeinnützig,"51,689856","7,843389",773744000,1.0,0.24467532467532468,0.21694805194805192,0
5627,126,65,0.5158730158730159,0,Marien Hospital Herne Klinikum der Ruhr-Universität Bochum,535,Nordrhein-Westfalen,1,St. Elisabeth Gruppe GmbH - Katholische Kliniken Rhein-Ruhr,freigemeinnützig,"51,528863","7,225762",772372000,0.1826086956521739,0.511607476635514,0.8499252336448597,0
5628,63,52,0.8253968253968254,1,St. Anna Hospital Herne,380,Nordrhein-Westfalen,0,St. Elisabeth Gruppe - Katholische Kliniken Rhein-Ruhr GmbH,freigemeinnützig,"51,537445","7,158938",772418000,0.1506849315068493,0.5029473684210527,1.3700526315789474,0
5629,2,2,1.0,1,St. Marien Hospital Eickel,212,Nordrhein-Westfalen,0,St. Elisabeth Gruppe GmbH - Katholische Kliniken Rhein-Ruhr,freigemeinnützig,"51,514947","7,182262",772458000,0.14285714285714285,0.11900943396226414,0.6982547169811321,0
5630,15,11,0.7333333333333333,0,Evangelisches Krankenhaus Herne - Standort Eickel,135,Nordrhein-Westfalen,0,Evangelische Krankenhausgemeinschaft Herne | Castrop-Rauxel gGmbH,freigemeinnützig,"51,510657","7,175529",771999000,0.625,0.41807407407407404,0.9324444444444444,0
5631,110,65,0.5909090909090909,0,Evangelisches Krankenhaus Herne - Standort Herne-Mitte,310,Nordrhein-Westfalen,0,Evangelische Krankenhausgemeinschaft Herne | Castrop-Rauxel gGmbH,freigemeinnützig,"51,534454","7,230587",772000000,0.7093023255813954,0.5118064516129032,1.4565483870967741,0
5632,2,2,1.0,1,Rheumazentrum Ruhrgebiet,148,Nordrhein-Westfalen,1,St. Elisabeth Gruppe Katholische Kliniken Rhein-Ruhr GmbH,freigemeinnützig,"51,53539","7,16332",772435000,0.038461538461538464,0.40432432432432436,0.7008108108108108,0
5633,96,72,0.75,0,Gemeinschaftskrankenhaus Herdecke,528,Nordrhein-Westfalen,0,Gemeinschaftskrankenhaus Herdecke gGmbH,freigemeinnützig,"51,41124","7,399306",772009000,0.38016528925619836,0.34979166666666667,1.1335416666666667,0
5635,94,65,0.6914893617021277,0,Helios Klinikum Schwelm,371,Nordrhein-Westfalen,0,Helios Klinikum Schwelm GmbH,privat,"51,293447","7,311883",771535000,0.9,0.4787061994609164,0.9282479784366576,1
5636,17,13,0.7647058823529411,0,Orthopädische Klinik Volmarstein,110,Nordrhein-Westfalen,0,Evangelische Stiftung Volmarstein,freigemeinnützig,"51,369036","7,375201",771872000,0.8055555555555556,0.8295454545454546,1.3115454545454546,0
5637,127,84,0.6614173228346457,0,Marien Hospital Witten,342,Nordrhein-Westfalen,0,St. Elisabeth Gruppe - Katholische Kliniken Rhein-Ruhr,freigemeinnützig,"51,445243","7,337106",772434000,0.08888888888888889,0.8026023391812865,1.5624561403508772,0
5638,53,36,0.6792452830188679,0,Ev. Krankenhaus Witten gGmbH,279,Nordrhein-Westfalen,0,Ev. Krankenhausgemeinschaft Herne | Castrop-Rauxel gGmbH,freigemeinnützig,"51,445604","7,343876",771997000,0.5303030303030303,0.4110035842293907,1.0489605734767027,0
5639,83,58,0.6987951807228916,0,Städt. Krankenhaus Maria-Hilf Brilon gGmbH,200,Nordrhein-Westfalen,0,Stadt Brilon,öffentlich,"51,386305","8,582633",773218000,,0.39055,1.2595500000000002,0
5640,41,30,0.7317073170731707,0,St.-Marien-Hospital Marsberg,125,Nordrhein-Westfalen,0,Barmherzige Brüder Trier gGmbH,freigemeinnützig,"51,465178","8,844096",771209000,1.0,0.30832000000000004,1.00968,0
5641,2,1,0.5,0,LWL-Klinik Marsberg - Standort Marsberg,127,Nordrhein-Westfalen,0,Landschaftsverband Westfalen-Lippe (LWL),öffentlich,"51,457381","8,856786",773015000,0.55,0.26125984251968504,0.7191338582677165,0
5649,20,20,1.0,1,Elisabeth-Klinik gGmbH,190,Nordrhein-Westfalen,0,Elisabeth-Klinik gGmbH,freigemeinnützig,"51,356929","8,473465",771935000,0.8181818181818182,0.3502105263157895,0.7027368421052632,0
5650,14,8,0.5714285714285714,0,Fachkrankenhaus Kloster Grafschaft GmbH,205,Nordrhein-Westfalen,0,"Kongregation der Schwestern vom heiligen Karl Borromäus, Mutterhaus Kloster Grafschaft",freigemeinnützig,"51,144134","8,325611",771166000,1.0,0.3170731707317073,1.6097560975609757,0
5651,2,2,1.0,1,Sauerlandklinik Hachen gGmbH,125,Nordrhein-Westfalen,0,Sauerlandklinik Hachen gGmbH,freigemeinnützig,"51,383483","7,974103",772087000,1.0,0.17648000000000003,0.55184,0
5652,2,2,1.0,1,Neurologische Klinik Sorpesee GmbH & Co. KG,54,Nordrhein-Westfalen,0,Neurologische Klinik Sorpesee GmbH & Co. KG,privat,"51,349565","7,950531",772514000,0.0,0.23296296296296293,0.4692592592592593,0
5653,48,30,0.625,0,St. Franziskus-Hospital,100,Nordrhein-Westfalen,0,St. Franziskus-Hospital gGmbH,privat,"51,19331","8,538109",772118000,0.9166666666666666,0.3418,1.0466000000000002,0
5654,53,39,0.7358490566037735,0,DGD Stadtklinik Hemer,134,Nordrhein-Westfalen,0,DGD Stadtklinik Hemer gGmbH,freigemeinnützig,"51,389903","7,757627",772939000,1.0,0.47044776119402987,0.6885820895522389,0
5655,2,1,0.5,0,LWL-Klinik Hemer-/Hans-Prinzhorn-Klinik,342,Nordrhein-Westfalen,0,Landschaftsverband Westfalen-Lippe,öffentlich,"51,344868","7,76009",772502000,1.0,0.1697953216374269,0.8368421052631578,0
5656,5,5,1.0,1,DGD Lungenklinik Hemer,223,Nordrhein-Westfalen,0,DGD Stiftung gGmbH,freigemeinnützig,"51,392818","7,765916",771071000,0.3225806451612903,0.4457847533632287,0.8232286995515695,0
5657,126,83,0.6587301587301587,0,Klinikum Lüdenscheid Märkische Kliniken GmbH,938,Nordrhein-Westfalen,0,Märkische Kliniken GmbH,öffentlich,"51,207208","7,662002",773051000,0.4726027397260274,0.4567484008528785,0.9758742004264392,0
5658,13,13,1.0,1,Sportklinik Hellersen,260,Nordrhein-Westfalen,0,Sporthilfe NRW e.V.,freigemeinnützig,"51,208234","7,657808",771900000,0.9661016949152542,0.40138461538461534,0.559,0
5659,31,28,0.9032258064516129,1,radprax Krankenhaus Plettenberg GmbH,118,Nordrhein-Westfalen,0,radprax Krankenhaus Plettenberg GmbH,privat,"51,213421","7,886491",772160000,0.7857142857142857,0.39330508474576276,0.9806779661016949,0
5660,48,33,0.6875,0,Stadtklinik Werdohl Märkische Kliniken GmbH,95,Nordrhein-Westfalen,0,Märkische Kliniken GmbH,öffentlich,"51,256854","7,76501",773052000,0.5833333333333334,0.3332631578947368,0.709578947368421,0
5661,72,47,0.6527777777777778,0,Helios Klinik Attendorn,268,Nordrhein-Westfalen,0,Krankenhaus St. Barbara Attendorn GmbH,privat,"51,125864","7,897001",771970000,0.5348837209302325,0.25410447761194027,0.7155970149253731,1
5662,101,77,0.7623762376237624,0,Katholische Hospitalgesellschaft Südwestfalen gGmbH - St. Martinus-Hospital,373,Nordrhein-Westfalen,0,Katholische Hospitalgesellschaft Südwestfalen gGmbH ,freigemeinnützig,"51,027457","7,846918",772205000,0.7222222222222222,0.4268632707774799,0.9636193029490617,0
5663,42,36,0.8571428571428571,1,Katholische Hospitalgesellschaft Südwestfalen gGmbH - St. Josefs-Hospital,187,Nordrhein-Westfalen,0,Katholische Hospitalgesellschaft Südwestfalen gGmbH,freigemeinnützig,"51,107795","8,069856",772206000,1.0,0.32272727272727275,0.8328342245989305,0
5665,2,2,1.0,1,Klinik Wittgenstein,130,Nordrhein-Westfalen,0,Evangelisches Johanneswerk gGmbH,freigemeinnützig,"51,059282","8,408435",773571000,0.7142857142857143,0.1733076923076923,0.6266923076923077,0
5666,74,53,0.7162162162162162,0,Kreisklinikum Siegen GmbH,593,Nordrhein-Westfalen,0,Kreisklinikum Siegen GmbH,öffentlich,"50,903041","8,020399",772174000,0.4444444444444444,0.43541315345699827,1.1183473861720068,0
5667,2,2,1.0,1,Kreisklinikum Siegen GmbH - Standort Wellersbergstraße,15,Nordrhein-Westfalen,0,Kreisklinikum Siegen GmbH,öffentlich,"50,884099","8,019036",772175000,0.6666666666666666,0.2,0.06666666666666667,0
5668,119,81,0.680672268907563,0,St. Marien-Krankenhaus Siegen ,429,Nordrhein-Westfalen,0,Marien Gesellschaft Siegen gGmbH,freigemeinnützig,"50,879456","8,03042",772061000,0.7391304347826086,0.5857342657342658,1.0896037296037295,0
5669,10,9,0.9,1,DRK-Kinderklinik Siegen gGmbH,158,Nordrhein-Westfalen,0,DRK-Kinderklinik Siegen gGmbH,freigemeinnützig,"50,884083","8,019025",773584000,0.21212121212121213,0.5789873417721518,1.4346835443037975,1
5670,8,7,0.875,1,PNZ der Kinderklinik Siegen,10,Nordrhein-Westfalen,0,DRK,freigemeinnützig,"50,851537","8,01807",773585000,0.21212121212121213,1.9509999999999998,2.495,1
5671,14,10,0.7142857142857143,0,Hospital zum Heiligen Geist ,65,Nordrhein-Westfalen,0,Hospital zum Hl. Geist gem GmbH,freigemeinnützig,"51,63661","8,510186",772756000,0.08333333333333333,0.3732307692307692,1.2264615384615385,0
5672,74,55,0.7432432432432432,0,Dreifaltigkeits-Hospital gem. GmbH,452,Nordrhein-Westfalen,0,Dreifaltigkeits-Hospital gem. GmbH,freigemeinnützig,"51,673275","8,338461",772754000,0.13559322033898305,0.3457743362831858,0.9326991150442477,0
5673,27,16,0.5925925925925926,0,Marien-Hospital,452,Nordrhein-Westfalen,0,Dreifaltigkeits-Hospital gem. GmbH,freigemeinnützig,"51,61505","8,339356",772755000,0.12,0.09134955752212391,0.2922566371681416,0
5674,58,49,0.8448275862068966,1,Evangelisches Krankenhaus Lippstadt,328,Nordrhein-Westfalen,0,Evangelisches Krankenhaus Lippstadt gemeinnützige GmbH,freigemeinnützig,"51,684976","8,343058",771769000,0.29333333333333333,0.4373170731707317,1.0277134146341464,0
5677,2,2,1.0,1,LWL-Klinik für Psychiatrie und Psychotherapie Lippstadt,147,Nordrhein-Westfalen,0,"Landschaftsverband Westfalen-Lippe, Münster",öffentlich,"51,655965","8,23489",773215000,0.043478260869565216,0.24673469387755104,0.8773469387755102,0
5678,102,87,0.8529411764705882,1,KlinikumStadtSoest gGmbH,316,Nordrhein-Westfalen,0,Stadt Soest,öffentlich,"51,565145","8,078619",772657000,0.651685393258427,0.5860443037974683,1.3520569620253164,0
5679,56,33,0.5892857142857143,0,Krankenhaus Maria Hilf,136,Nordrhein-Westfalen,0,Altor EP Stockholm,privat,"51,441749","8,355967",772614000,0.8888888888888888,0.2560294117647059,0.4007352941176471,0
5680,2,2,1.0,1,LWL-Klinik für Psychiatrie und Psychotherapie Warstein,209,Nordrhein-Westfalen,0,"Landschaftsverband Westfalen-Lippe, Münster",öffentlich,"51,45983","8,364731",773216000,0.058823529411764705,0.18157894736842106,0.7888516746411484,0
5681,38,23,0.6052631578947368,0,Mariannen-Hospital ,156,Nordrhein-Westfalen,0,Mariannen-Hospital gGmbH,freigemeinnützig,"51,551901","7,906319",772253000,0.5714285714285714,0.3198076923076923,1.1076282051282051,0
5682,56,40,0.7142857142857143,0,KLW St. Paulus GmbH St. Christophorus Krankenhaus Werne,241,Nordrhein-Westfalen,0,KLW St. Paulus GmbH,freigemeinnützig,"51,675433","7,617157",771396000,1.0,0.5091286307053942,1.134813278008299,0
5683,119,82,0.6890756302521008,0,KLW St. Paulus GmbH  St. Marien Hospital Lünen,578,Nordrhein-Westfalen,0,KLW St. Paulus GmbH,freigemeinnützig,"51,619059","7,519006",771395000,1.0,0.5561937716262976,1.1332006920415225,0
5684,81,59,0.7283950617283951,0,Marienkrankenhaus Schwerte,373,Nordrhein-Westfalen,0,MKS St. Paulus GmbH,freigemeinnützig,"51,443762","7,567519",771493000,1.0,0.37292225201072393,1.3314209115281501,0
5685,96,57,0.59375,0,Christliches Klinikum Unna gGmbH,372,Nordrhein-Westfalen,0,Christliches Klinikum Unna gGmbH,freigemeinnützig,"51,536823","7,685192",772252000,0.6704545454545454,0.5680645161290322,1.1710752688172044,0
5687,37,29,0.7837837837837838,1,Christliches Klinikum Unna gGmbH,320,Nordrhein-Westfalen,0,Christliches Klinikum Unna gGmbH,freigemeinnützig,"51,533209","7,677077",773210000,0.7049180327868853,0.48293749999999996,0.91228125,0
5688,99,74,0.7474747474747475,0,Knappschaft Kliniken Universitätsklinikum Bochum GmbH,479,Nordrhein-Westfalen,1,Knappschaft Kliniken Universitätsklinikum Bochum GmbH,öffentlich,"51,464353","7,327428",772932000,0.5533333333333333,0.6523173277661795,0.8886012526096033,1
5689,44,29,0.6590909090909091,0,Hellmig-Krankenhaus Kamen Klinikum Westfalen GmbH,207,Nordrhein-Westfalen,0,"Klinikum Westfalen GmbH mit den Gesellschaftern Deutsche Rentenversicherung Knappschaft-Bahn-See, Stadt Lünen, Stadt Kamen & Stiftung Volmarstein",öffentlich,"51,595414","7,662746",771106000,0.2702702702702703,0.4468115942028985,0.650144927536232,0
5690,30,22,0.7333333333333333,0,Klinik am Park Lünen Klinikum Westfalen GmbH,160,Nordrhein-Westfalen,0,"Klinikum Westfalen GmbH mit den Gesellschaftern Deutsche Rentenversicherung Knappschaft-Bahn-See, Stadt Lünen, Stadt Kamen & Stiftung Volmarstein",öffentlich,"51,58996","7,441501",771107000,0.2647058823529412,0.5331875,1.0790000000000002,0
5691,119,72,0.6050420168067226,0,Knappschaftskrankenhaus Dortmund Klinikum Westfalen GmbH,451,Nordrhein-Westfalen,0,"Klinikum Westfalen GmbH mit den Gesellschaftern Deutsche Rentenversicherung Knappschaft-Bahn-See, Stadt Lünen, Stadt Kamen & Stiftung Volmarstein",öffentlich,"51,519954","7,533111",771108000,0.29310344827586204,0.7337250554323724,1.0449889135254988,0
5693,2,2,1.0,1,Katholisches Krankenhaus Hagen gem. GmbH -Zentrum für Seelische Gesundheit Elsey,77,Nordrhein-Westfalen,0,Katholisches Krankenhaus Hagen gem. GmbH,freigemeinnützig,"51,358641","7,566454",773280000,0.6666666666666666,0.35545454545454547,1.7616883116883117,0
5694,48,24,0.5,0,Katholisches Krankenhaus Hagen gem. GmbH -St. Josefs-Hospital-,367,Nordrhein-Westfalen,0,Katholisches Krankenhaus Hagen gem. GmbH,freigemeinnützig,"51,366996","7,466377",773279000,0.6417910447761194,0.4697275204359673,0.8543324250681198,0
5695,49,31,0.6326530612244898,0,Katholisches Krankenhaus Hagen gem. GmbH -St. Johannes-Hospital-,126,Nordrhein-Westfalen,0,Katholisches Krankenhaus Hagen gem. GmbH,freigemeinnützig,"51,395961","7,473507",773506000,0.6666666666666666,0.24785714285714286,0.5464285714285714,0
5696,119,71,0.5966386554621849,0,St. Barbara-Klinik Hamm GmbH,448,Nordrhein-Westfalen,0,St. Franziskus-Stiftung Münster (www.st-franziskus-stiftung.de),freigemeinnützig,"51,70824","7,841748",772561000,0.6842105263157895,0.6376116071428571,1.5525223214285713,0
5697,5,5,1.0,1,VAMED Klinik Hagen Ambrock,80,Nordrhein-Westfalen,0,VAMED Klinik Hagen-Ambrock GmbH; Sitz Hagen,privat,"51,314572","7,514856",773499000,1.0,0.36124999999999996,1.185,1
5698,83,66,0.7951807228915663,1,VAMED Klinik Bad Berleburg GmbH,127,Nordrhein-Westfalen,0,VAMED Klinik Bad Berleburg GmbH,privat,"51,060569","8,402625",771727000,0.8461538461538461,0.46062992125984253,0.9133858267716536,1
5699,74,59,0.7972972972972973,1,Marienkrankenhaus gGmbH,294,Nordrhein-Westfalen,0,Marienkrankenhaus gGmbH,freigemeinnützig,"51,574741","8,112002",772259000,0.5411764705882353,0.5483673469387755,1.248299319727891,0
5700,94,70,0.7446808510638298,0,Katholische Kliniken im Märkischen Kreis - St. Elisabeth Hospital Bethanien Krankenhaus Iserlohn,383,Nordrhein-Westfalen,0,Kath. Kliniken im Märkischen Kreis gem. GmbH,freigemeinnützig,"51,379447","7,69069",773277000,0.5454545454545454,0.3423759791122715,1.199556135770235,0
5701,75,44,0.5866666666666667,0,Katholische Kliniken im Märkischen Kreis - St. Vincenz Krankenhaus,227,Nordrhein-Westfalen,0,Kath. Kliniken im Märkischen Kreis gem. GmbH,freigemeinnützig,"51,437039","7,799817",773278000,0.40476190476190477,0.36422907488986783,1.0344933920704846,0
5702,77,66,0.8571428571428571,1,Ev. Krankenhaus Hagen-Haspe,265,Nordrhein-Westfalen,0,Evangelisches Krankenhaus Hagen-Haspe gem. GmbH (Tochtergesellschaft der Evangelischen Stiftung Volmarstein),freigemeinnützig,"51,347493","7,412242",771964000,0.7924528301886793,0.5725660377358491,1.091056603773585,0
5703,127,83,0.6535433070866141,0,Diakonie Klinikum Jung-Stilling,483,Nordrhein-Westfalen,0,Diakonie in Südwestfalen gGmbH,freigemeinnützig,"50,85121","8,018404",771580000,0.06666666666666667,0.7185093167701864,1.230952380952381,0
5704,37,21,0.5675675675675675,0,Diakonie Klinikum Krankenhaus Bethesda,168,Nordrhein-Westfalen,0,Diakonie in Südwestfalen gGmbH,freigemeinnützig,"50,899589","7,864718",771581000,0.2857142857142857,0.39577380952380947,0.8730952380952381,0
5705,113,91,0.8053097345132744,1,St.-Johannes-Hospital Dortmund,604,Nordrhein-Westfalen,0,SJG St. Paulus GmbH,freigemeinnützig,"51,511523","7,457699",772099000,0.6416184971098265,0.6678311258278146,1.7597350993377485,0
5706,5,4,0.8,1,St.-Elisabeth-Krankenhaus,85,Nordrhein-Westfalen,0,SJG St. Paulus GmbH,freigemeinnützig,"51,554195","7,582902",772095000,0.875,0.16729411764705882,0.5850588235294117,0
5707,2,2,1.0,1,Marien Hospital,175,Nordrhein-Westfalen,0,SJG St. Paulus GmbH,freigemeinnützig,"51,478529","7,441745",771425000,0.7777777777777778,0.4342857142857143,0.5758857142857142,0
5709,67,46,0.6865671641791045,0,KLINIKUM HOCHSAUERLAND / St. Walburga - Krankenhaus Meschede,232,Nordrhein-Westfalen,0,Klinikum Hochsauerland GmbH,freigemeinnützig,"51,342984","8,288781",772596000,0.5434782608695652,0.3265086206896552,1.3738362068965517,0
5710,102,85,0.8333333333333334,1,KLINIKUM HOCHSAUERLAND / Karolinen-Hospital Hüsten,501,Nordrhein-Westfalen,0,Klinikum Hochsauerland GmbH,freigemeinnützig,"51,426699","7,999139",772597000,0.7536231884057971,0.4684630738522954,1.5168463073852296,0
5711,41,23,0.5609756097560976,0,KLINIKUM HOCHSAUERLAND / St. Johannes-Hospital Neheim,114,Nordrhein-Westfalen,0,Alexianer Klinikum Hochsauerland GmbH,freigemeinnützig,"51,450288","7,963874",772598000,0.6857142857142857,0.48815789473684207,1.9850877192982457,0
5713,2,2,1.0,1,Vitos Klinik für Psychiatrie und Psychotherapie Hadamar,120,Hessen,0,Vitos Weil-Lahn gemeinnützige GmbH,öffentlich,"50,450724","8,041119",772640000,0.0,0.23633333333333334,0.8886666666666668,1
5716,14,6,0.42857142857142855,0,Vitos Klinikum Weil-Lahn Standort Weilmünster,141,Hessen,0,Vitos Weil-Lahn gemeinnützige GmbH,öffentlich,"50,424315","8,39013",772808000,0.0,0.40702127659574466,0.8167375886524824,1
5717,43,36,0.8372093023255814,1,Heilig-Geist Hospital GmbH & Co. KG,134,Hessen,0,Artemed SE,privat,"49,67828","8,620447",772453000,1.0,0.6619402985074627,2.1750746268656713,0
5718,5,5,1.0,1,St. Marien Krankenhaus Lampertheim GmbH,96,Hessen,0,St. Marien Krankenhaus Lampertheim GmbH,privat,"49,597247","8,467209",773637000,0.5714285714285714,0.20729166666666665,0.859375,0
5719,144,103,0.7152777777777778,0,Klinikum Darmstadt GmbH,877,Hessen,0,Wissenschaftsstadt Darmstadt,öffentlich,"49,874027","8,646875",771807000,0.08673469387755102,0.5543899657924743,1.1316761687571266,0
5720,2,2,1.0,1,Klinikum Darmstadt GmbH Standort Martinspfad,20,Hessen,0,Wissenschaftsstadt Darmstadt,öffentlich,"49,852918","8,661752",773793000,0.0,0.7535000000000001,0.6140000000000001,0
5721,60,41,0.6833333333333333,0,Alice-Hospital,146,Hessen,0,Stiftung Alice-Hospital vom Roten Kreuz zu Darmstadt,freigemeinnützig,"49,877472","8,664816",771432000,0.75,0.2876712328767123,1.5215753424657534,0
5722,87,64,0.735632183908046,0,Krankenhaus Nordwest,450,Hessen,0,Stiftung Hospital zum Heiligen Geist,freigemeinnützig,"50,150831","8,617668",771237000,0.0748663101604278,0.6450444444444444,0.9958666666666668,0
5723,139,101,0.7266187050359713,0,Klinikum Frankfurt Höchst GmbH,828,Hessen,0,Stadt Frankfurt am Main,öffentlich,"50,10794","8,543833",773233000,0.6805555555555556,0.5654227053140097,1.3542512077294686,0
5724,105,65,0.6190476190476191,0,Sankt Katharinen-Krankenhaus GmbH,228,Hessen,0,Gesellschaft der Katharinenschwestern mbH,freigemeinnützig,"50,136003","8,71091",772451000,0.5945945945945946,0.5448245614035088,1.2451315789473683,0
5725,10,10,1.0,1,Bürgerhospital und Clementine Kinderhospital gGmbH Standort: Clementine Kinderhospital,82,Hessen,0,Bürgerhospital und Clementine Kinderhospital gGmbH,freigemeinnützig,"50,114622","8,698012",771983000,0.9,0.5860975609756098,1.0857317073170731,0
5726,93,78,0.8387096774193549,1,Bürgerhospital und Clementine Kinderhospital gGmbH Standort: Bürgerhospital Frankfurt,336,Hessen,0,Bürgerhospital und Clementine Kinderhospital gGmbH,freigemeinnützig,"50,130737","8,686793",771984000,0.7181208053691275,0.9385714285714286,1.7094345238095239,0
5727,99,72,0.7272727272727273,0,Hospital zum Heiligen Geist,226,Hessen,0,Hospital zum Heiligen Geist GmbH,freigemeinnützig,"50,1106","8,692804",771238000,0.09230769230769231,0.5875663716814159,0.7517699115044248,0
5728,54,25,0.46296296296296297,0,BG Unfallklinik Frankfurt am Main gGmbH,227,Hessen,0,BG Unfallklinik Frankfurt am Main gGmbH,öffentlich,"50,145648","8,709681",773516000,0.6173913043478261,0.9095594713656387,1.8351541850220263,0
5729,69,37,0.5362318840579711,0,DGD Krankenhaus Sachsenhausen gGmbH,192,Hessen,0,"Deutscher Gemeinschafts-Diakonieverband GmbH,  Marburg",freigemeinnützig,"50,106522","8,683677",771347000,0.9444444444444444,0.4819791666666666,0.6479687500000001,0
5730,119,63,0.5294117647058824,0,Frankfurter Rotkreuz-Kliniken e.V. - Klinik Rotes Kreuz,240,Hessen,0,Frankfurter Rotkreuz-Kliniken e.V.,freigemeinnützig,"50,116927","8,697997",771561000,0.29133858267716534,0.44770833333333326,1.5618333333333332,0
5731,45,26,0.5777777777777777,0,Frankfurter Rotkreuz Kliniken e.V. - Klinik Maingau vom Roten Kreuz,98,Hessen,0,Frankfurter Rotkreuz-Kliniken e.V.,freigemeinnützig,"50,119919","8,688231",773852000,0.29133858267716534,0.49102040816326536,1.6802040816326531,0
5732,181,147,0.8121546961325967,1,Universitätsklinikum Gießen und Marburg Standort Gießen,1279,Hessen,1,Universitätsklinikum Gießen und Marburg GmbH,privat,"50,576552","8,664676",773411000,0.5393939393939394,0.7063096168881939,1.1343706020328383,1
5733,138,101,0.7318840579710145,0,Lahn-Dill-Kliniken GmbH,654,Hessen,0,Lahn-Dill-Kreis ,öffentlich,"50,53813","8,529958",771876000,0.7407407407407407,0.4490978593272172,0.8229816513761469,0
5734,35,8,0.22857142857142856,0,Krankenhaus Falkeneck,78,Hessen,0,Lahn-Dill-Kreis,öffentlich,"50,520381","8,38184",771877000,0.6,0.23217948717948717,0.6364102564102564,0
5735,2,2,1.0,1,Vitos Klinikum Gießen-Marburg / Standort Gießen,238,Hessen,0,Vitos Gießen-Marburg gemeinnützige GmbH,öffentlich,"50,577548","8,700522",772611000,0.5,0.2713865546218487,0.8080252100840336,1
5736,2,2,1.0,1,Vitos Klinikum Gießen-Marburg / Standort Marburg,174,Hessen,0,Vitos Gießen-Marburg gemeinnützige GmbH,öffentlich,"50,791335","8,77174",772612000,0.7419354838709677,0.23902298850574716,0.9702298850574714,1
5739,67,46,0.6865671641791045,0,St. Josefs Krankenhaus Balserische Stiftung,254,Hessen,0,TGE - gTrägergesellschaft mbH für die Einrichtungen der Schwestern vom Göttlichen Erlöser (Niederbronner Schwestern) Provinz Deutschland mit Sitz in Neumarkt in der Oberpfalz - Balserische Stiftung mit Sitz in Gießen,freigemeinnützig,"50,579146","8,668328",772166000,0.7959183673469388,0.4282283464566929,0.990236220472441,0
5740,144,109,0.7569444444444444,0,Sana Klinikum Offenbach GmbH,877,Hessen,0,Sana Kliniken AG,privat,"50,094192","8,756854",772356000,0.6857142857142857,0.7055986316989739,1.484036488027366,1
5741,85,59,0.6941176470588235,0,Ketteler Krankenhaus,278,Hessen,0,"Ketteler Krankenhaus gGmbH
Lichtenplattenweg 85
63071 Offenbach",freigemeinnützig,"50,094838","8,784872",771398000,1.0,0.5887769784172662,1.4616546762589928,0
5742,5,5,1.0,1,Dr. Frühauf Klinik e.K.,36,Hessen,0,Dr. Frühauf Klinik e.K.,privat,"50,091522","8,78904",772811000,1.0,0.16666666666666666,0.3247222222222222,0
5743,2,2,1.0,1,Helios Wilhelm Fresenius Klinik Wiesbaden GmbH,40,Hessen,0,Helios Dr. Horst Schmidt Kliniken Wiesbaden GmbH,öffentlich,"50,087525","8,274588",773141000,1.0,0.325,0.3325,1
5744,142,95,0.6690140845070423,0,Helios Dr. Horst-Schmidt-Kliniken Wiesbaden,730,Hessen,0,Helios Dr. Horst Schmidt Kliniken Wiesbaden GmbH,öffentlich,"50,065691","8,191582",773371000,0.8241758241758241,0.6853424657534247,1.4816438356164383,1
5746,50,43,0.86,1,Asklepios Paulinen Klinik Wiesbaden,263,Hessen,0,Asklepios Kliniken Verwaltungsgesellschaft mbH,privat,"50,072436","8,226557",773037000,0.6285714285714286,0.5216349809885932,2.7085171102661594,1
5747,143,106,0.7412587412587412,0,St. Josefs-Hospital Wiesbaden GmbH,511,Hessen,0,St. Josefs-Hospital Wiesbaden GmbH,freigemeinnützig,"50,076355","8,254221",772176000,0.9325842696629213,0.721839530332681,1.238747553816047,0
5748,27,10,0.37037037037037035,0,DKD Helios Klinik Wiesbaden GmbH,136,Hessen,0,DKD Helios Klinik Wiesbaden GmbH,öffentlich,"50,086819","8,269077",772749000,0.45098039215686275,0.65,0.7455882352941177,1
5749,13,10,0.7692307692307693,0,HELIOS Aukamm-Klinik Wiesbaden GmbH,57,Hessen,0,HELIOS Aukamm-Klinik Wiesbaden GmbH,privat,"50,091256","8,265354",772313000,0.0,0.07017543859649122,0.4966666666666667,1
5750,2,2,1.0,1,Vitos Heppenheim,206,Hessen,0,Vitos Südhessen gemeinnützige GmbH – eine Gesellschaft der Vitos gemeinnützige GmbH – ein Unternehmen des LWV Hessen,öffentlich,"49,627232","8,626278",773561000,1.0,0.2761165048543689,0.7176699029126213,1
5753,31,27,0.8709677419354839,1,St. Josef-Krankenhaus Viernheim,67,Hessen,0,St. Josef-Krankenhaus Viernheim - Kirchliche Stiftung des öffentlichen Rechts,freigemeinnützig,"49,53607","8,57501",771922000,1.0,0.22388059701492538,1.7570149253731344,0
5754,20,17,0.85,1,Schön Klinik Lorsch SE & Co. KG,88,Hessen,0,Schön Klinik Lorsch SE & Co. KG,privat,"49,652328","8,562699",772483000,0.7916666666666666,0.5489772727272727,1.033409090909091,0
5755,108,82,0.7592592592592593,0,Kreisklinik Groß-Umstadt,363,Hessen,0,Landkreis Darmstadt-Dieburg,öffentlich,"49,867389","8,93679",772772000,0.22950819672131148,0.5103305785123967,0.5869146005509641,0
5756,29,16,0.5517241379310345,0,Spezialklinik Jugenheim,98,Hessen,0,Landkreis Darmstadt-Dieburg,öffentlich,"49,753428","8,638485",772773000,0.15151515151515152,0.481734693877551,0.8444897959183673,0
5758,41,31,0.7560975609756098,0,Kreisklinik Groß-Gerau GmbH,145,Hessen,0,Kreis Groß-Gerau,öffentlich,"49,912805","8,47525",772158000,1.0,0.5509655172413793,1.0661379310344827,0
5763,2,2,1.0,1,Vitos Klinikum Riedstadt Standort Riedstadt,294,Hessen,0,Vitos Südhessen gemeinnützige GmbH,öffentlich,"49,819838","8,504183",773529000,0.047619047619047616,0.19724489795918368,0.817891156462585,1
5764,138,93,0.6739130434782609,0,Hochtaunus-Kliniken gGmbH - Bad Homburg,492,Hessen,0,Hochtaunuskreis,öffentlich,"50,212523","8,618134",772998000,0.664,0.408719512195122,1.143048780487805,0
5765,37,21,0.5675675675675675,0,Hochtaunus-Kliniken gGmbH - Usingen,100,Hessen,0,Hochtaunuskreis,öffentlich,"50,342836","8,530887",772999000,0.7575757575757576,0.4214,1.1692,0
5766,2,2,1.0,1,Hochtaunus-Kliniken gGmbH - Königstein,24,Hessen,0,Hochtaunuskreis,öffentlich,"50,183824","8,462441",773723000,1.0,0.15,0.6879166666666667,0
5767,2,2,1.0,1,Vitos Waldkrankenhaus Köppern,74,Hessen,0,Vitos Hochtaunus gGmbH,öffentlich,"50,275527","8,636609",772103000,0.1111111111111111,0.26378378378378375,0.7112162162162161,1
5768,2,2,1.0,1,Vitos Klinikum Hochtaunus Standort Bad Homburg,110,Hessen,0,Vitos Hochtaunus gGmbH,öffentlich,"50,212301","8,620874",773794000,0.14285714285714285,0.17027272727272727,0.5923636363636363,0
5773,58,41,0.7068965517241379,0,Dill-Kliniken,261,Hessen,0,Lahn-Dill-Kreis,öffentlich,"50,745418","8,284552",771878000,0.7307692307692307,0.3960536398467433,0.9446743295019157,0
5774,97,62,0.6391752577319587,0,Asklepios Klinik Lich GmbH,242,Hessen,0,Asklepios Kliniken Verwaltungsgesellschaft mbH,privat,"50,52503","8,806201",771723000,0.7111111111111111,0.43425619834710744,3.0267768595041322,1
5775,2,2,1.0,1,Vitos Klinikum Herborn,304,Hessen,0,Vitos Herborn gemeinnützige GmbH,öffentlich,"50,674955","8,30409",772634000,0.05,0.1880592105263158,0.9118092105263158,1
5779,57,32,0.5614035087719298,0,Kaiserin-Auguste-Victoria Krankenhaus GmbH,97,Hessen,0,260611076,privat,"50,604357","8,384708",772975000,1.0,0.26804123711340205,0.5653608247422681,0
5781,3,0,0.0,0,BDH-Klinik Braunfels gGmbH,80,Hessen,0,BDH Bundesverband Rehabilitation e.V.(Sitz Bonn),freigemeinnützig,"50,514957","8,394308",772938000,1.0,0.26437499999999997,1.1935,0
5782,13,9,0.6923076923076923,0,ATOS Orthopädische Klinik Braunfels,116,Hessen,0,ATOS Orthopädische Klinik Braunfels GmbH & Co. KG,privat,"50,525839","8,383135",772097000,0.7894736842105263,0.4060344827586207,0.4948275862068966,0
5783,31,29,0.9354838709677419,1,Kreiskrankenhaus Weilburg,181,Hessen,0,Kreiskrankenhaus Weilburg gGmbH,öffentlich,"50,4857","8,252863",771397000,0.7419354838709677,0.4281767955801105,1.0968508287292817,0
5784,120,95,0.7916666666666666,1,St. Vincenz-Krankenhaus Limburg,446,Hessen,0,Krankenhausgesellschaft St. Vincenz mbH,freigemeinnützig,"50,38781","8,051593",772912000,0.7377049180327869,0.5265919282511211,1.115336322869955,0
5785,121,100,0.8264462809917356,1,Main-Kinzig-Kliniken Gelnhausen,445,Hessen,0,Main-Kinzig-Kreis,öffentlich,"50,205684","9,182054",772471000,0.23076923076923078,0.5882247191011236,1.422943820224719,0
5786,62,42,0.6774193548387096,0,Main-Kinzig-Kliniken gGmbH Schlüchtern,318,Hessen,0,Main-Kinzig-Kreis,öffentlich,"50,353187","9,527116",772469000,0.21875,0.2714465408805032,0.9665094339622641,0
5787,141,100,0.7092198581560284,0,Klinikum Hanau GmbH,727,Hessen,0,Stadt Hanau,öffentlich,"50,1335","8,922372",771648000,0.14285714285714285,0.5217744154057772,0.7636451169188446,0
5789,93,65,0.6989247311827957,0,St. Vinzenz-Krankenhaus Hanau gGmbH Haupthaus,320,Hessen,0,St. Vinzenz Krankenhaus gGmbH Fulda,freigemeinnützig,"50,135373","8,912376",772141000,0.7142857142857143,0.3875,1.082125,0
5790,5,4,0.8,1,Kliniken des Main-Taunus-Kreises GmbH / Krankenhaus Hofheim,165,Hessen,0,Main-Taunus-Kreis,öffentlich,"50,090459","8,44504",773346000,0.6666666666666666,0.3830909090909091,0.7895151515151516,0
5791,113,70,0.6194690265486725,0,Kliniken des Main-Taunus-Kreises GmbH,385,Hessen,0,Main-Taunus Kreis,öffentlich,"50,150609","8,513597",773347000,0.6,0.546077922077922,0.6511948051948052,0
5792,2,2,1.0,1,Psychiatrische Tagesklinik Hofheim,0,Hessen,0,Main-Taunus Kreis,öffentlich,"50,088325","8,439719",773348000,0.4,,,0
5794,101,76,0.7524752475247525,0,Gesundheitszentrum Odenwaldkreis GmbH,344,Hessen,0,Gesundheitszentrum Odenwaldkreis GmbH,öffentlich,"49,651828","9,000307",771569000,0.8363636363636363,0.36191860465116277,1.0025581395348837,0
5795,31,27,0.8709677419354839,1,Helios Klinik Idstein,80,Hessen,0,HELIOS Kliniken Taunus GmbH ,privat,"50,208817","8,263708",772169000,0.8095238095238095,0.34125,0.91875,1
5797,2,1,0.5,0,Vitos Klinikum Rheingau,204,Hessen,0,Vitos Rheingau gemeinnützige GmbH,öffentlich,"50,038566","8,058673",773687000,1.0,0.2937745098039216,0.6402941176470588,1
5799,77,47,0.6103896103896104,0,St. Josefs-Hospital Rheingau GmbH,109,Hessen,0,St. Josefs-Hospital Rheingau GmbH,freigemeinnützig,"49,98286","7,926482",772961000,0.7931034482758621,0.5479816513761468,1.4738532110091744,0
5800,2,2,1.0,1,Otto-Fricke-Krankenhaus Paulinenberg GmbH am St. Josefs-Hospital Wiesbaden,18,Hessen,0,St. Josefs-Hospital Wiesbaden GmbH,freigemeinnützig,"50,076374","8,254438",772964000,1.0,0.13333333333333336,1.1594444444444443,0
5801,2,2,1.0,1,Otto-Fricke-Krankenhaus Paulinenberg GmbH,122,Hessen,0,St. Josefs-Hospital Wiesbaden GmbH,freigemeinnützig,"50,134718","8,06034",772965000,1.0,0.19795081967213113,0.7492622950819672,0
5802,5,3,0.6,0,Otto-Fricke-Krankenhaus Paulinenberg GmbH am St. Josefs-Hospital Rüdesheim,36,Hessen,0,St. Josefs-Hospital Wiesbaden GmbH,freigemeinnützig,"49,982856","7,926509",773830000,1.0,0.10833333333333334,0.6719444444444445,0
5803,44,34,0.7727272727272727,1,Kreiskrankenhaus des Vogelsbergkreises in Alsfeld GmbH,152,Hessen,0,Vogelsbergkreis,öffentlich,"50,762537","9,26853",773470000,1.0,0.4608552631578947,1.3905263157894738,0
5804,36,29,0.8055555555555556,1,Gesundheitszentrum Wetterau gGmbH Kreiskrankenhaus Schotten,142,Hessen,0,Gesundheitszentrum Wetterau gGmbH,öffentlich,"50,506747","9,104162",771757000,0.5,0.3257042253521127,0.5167605633802816,0
5805,89,72,0.8089887640449438,1,Krankenhaus Eichhof Lauterbach,149,Hessen,0,Eichhof-Stiftung Lauterbach,freigemeinnützig,"50,630089","9,391266",772726000,0.08571428571428572,0.5316778523489932,1.0138926174496643,0
5806,2,2,1.0,1,HELIOS Klinik Oberwald Grebenhain,168,Hessen,0,HELIOS Klinik Oberwald GmbH,privat,"50,486565","9,309965",772594000,0.5714285714285714,0.06964285714285715,0.19166666666666668,1
5807,70,30,0.42857142857142855,0,Bergman Deutsche Klinik Büdingen GmbH,186,Hessen,0,Bergman Deutsche Klinik Büdingen GmbH,privat,"50,287555","9,113715",773450000,0.375,0.07381720430107527,0.10403225806451612,0
5808,105,84,0.8,1,Kerckhoff-Klinik GmbH,346,Hessen,0,"Alleingesellschafter: Stiftung William G. Kerckhoff Herz- und Rheumazentrum Bad Nauheim, Rechtsträger: Kerckhoff-Klinik GmbH Bad Nauheim",freigemeinnützig,"50,369807","8,742328",772431000,0.7006802721088435,0.6114450867052024,1.408728323699422,0
5809,2,2,1.0,1,GZW Diabetes-Klinik Bad Nauheim gGmbH,46,Hessen,0,GZW Diabetes-Klinik Bad Nauheim gGmbH,öffentlich,"50,369714","8,742621",771768000,0.6,0.2608695652173913,0.4073913043478261,0
5810,190,154,0.8105263157894737,1,Universitätsklinikum Frankfurt,1421,Hessen,1,Land Hessen,öffentlich,"50,095429","8,661681",772858000,0.09330985915492958,0.6964039408866995,1.3016959887403237,1
5811,5,4,0.8,1,Asklepios Neurologische Klinik Bad Salzhausen,134,Hessen,0,Asklepios Kliniken Verwaltungsgesellschaft mbH,privat,"50,419435","8,988189",772197000,0.5,0.2829850746268657,1.7761194029850746,1
5812,2,2,1.0,1,Ludwig-Noll-Krankenhaus,84,Hessen,0,Klinikum Kassel GmbH,öffentlich,"51,270758","9,488713",772564000,0.9375,0.3269047619047619,1.2645238095238094,0
5813,144,118,0.8194444444444444,1,Klinikum Kassel GmbH,1061,Hessen,0,Klinikum Kassel GmbH,öffentlich,"51,328532","9,509486",772565000,0.8,0.6044957587181904,1.5376154571159284,0
5814,17,16,0.9411764705882353,1,Vitos Orthopädische Klinik Kassel gemeinnützige gGmbH,165,Hessen,0,Vitos gGmbH,öffentlich,"51,312297","9,430118",771064000,0.08163265306122448,0.4793939393939394,0.6223030303030304,1
5815,19,14,0.7368421052631579,0,Helios Kliniken Kassel Gemeinnützige GmbH,80,Hessen,0,Helios Kliniken Kassel Gemeinnützige GmbH,freigemeinnützig,"51,283151","9,649198",772339000,0.6363636363636364,0.16875,0.57875,1
5816,84,62,0.7380952380952381,0,Helios Kliniken Kassel,219,Hessen,0,Helios Kliniken Kassel Gemeinnützige GmbH,freigemeinnützig,"51,311906","9,454094",772805000,0.8035714285714286,0.5570776255707762,1.328310502283105,1
5817,60,41,0.6833333333333333,0,Marienkrankenhaus Kassel,205,Hessen,0,Marienkrankenhaus Kassel gGmbH,freigemeinnützig,"51,32849","9,481295",771764000,0.8775510204081632,0.5623414634146342,1.245609756097561,0
5818,41,26,0.6341463414634146,0,St. Elisabeth Krankenhaus,72,Hessen,0,Marienkrankenhaus Kassel gGmbH,freigemeinnützig,"51,414945","9,121097",771765000,,0.1527777777777778,0.7851388888888889,0
5819,2,2,1.0,1,Paracelsus-Elena-Klinik,130,Hessen,0,"Paracelsus-Kliniken Deutschland GmbH&Co. KGaA, Osnabrück",privat,"51,330821","9,423551",771912000,0.9285714285714286,0.20884615384615385,1.0533846153846154,0
5820,13,8,0.6153846153846154,0,Klinikum Fulda / Standort Gersfeld / Station G1,31,Hessen,0,Klinikum Fulda gemeinnützige Aktiengesellschaft,öffentlich,"50,45658","9,918169",772144000,0.7142857142857143,0.22870967741935483,0.8570967741935483,0
5821,74,48,0.6486486486486487,0,Herz-Jesu-Krankenhaus gGmbH,354,Hessen,0,"St. Vinzenz gGmbH, Fulda",freigemeinnützig,"50,562437","9,674081",771197000,0.5942028985507246,0.40327683615819204,0.7703954802259888,0
5822,171,131,0.7660818713450293,0,Klinikum Fulda - Hauptstandort,952,Hessen,0,Klinikum Fulda gemeinnützige Aktiengesellschaft,öffentlich,"50,547197","9,70584",772145000,0.9214285714285714,0.6001365546218488,1.2078256302521007,0
5824,17,14,0.8235294117647058,1,Klinikum Bad Hersfeld GmbH - Orthopädie Bad Hersfeld,40,Hessen,0,Landkreis Hersfeld-Rotenburg,öffentlich,"50,860664","9,694687",771099000,1.0,0.5755000000000001,0.45225,0
5825,119,105,0.8823529411764706,1,Klinikum Bad Hersfeld GmbH,568,Hessen,0,Landkreis Hersfeld-Rotenburg,öffentlich,"50,875932","9,713605",771129000,0.618421052631579,0.45258802816901406,0.7852992957746479,0
5826,2,2,1.0,1,Klinikum Bad Hersfeld GmbH - Klinik am Hainberg,38,Hessen,0,Landkreis Hersfeld-Rotenburg,öffentlich,"50,86128","9,69187",773763000,0.2857142857142857,0.2263157894736842,0.3707894736842105,0
5827,61,32,0.5245901639344263,0,Rotenburg an der Fulda,168,Hessen,0,Ev. Diakonieverein Berlin-Zehlendorf e. V.,freigemeinnützig,"50,995436","9,721353",771904000,0.8235294117647058,0.40940476190476194,0.8629166666666667,0
5828,5,5,1.0,1,Klinik- und Rehabilitationszentrum Lippoldsberg GmbH,87,Hessen,0,Klinik- und Rehabilitationszentrum Lippoldsberg GmbH,privat,"51,616797","9,590693",772962000,1.0,0.3210344827586207,1.2393103448275864,0
5829,5,5,1.0,1,Fachklinik für Lungenerkrankungen,107,Hessen,0,Philippstiftung e.V. Immenhausen,freigemeinnützig,"51,423126","9,477583",772280000,1.0,0.2814953271028037,0.8478504672897196,0
5830,2,2,1.0,1,Evangelisches Krankenhaus Gesundbrunnen gGmbH,150,Hessen,0,Evangelische Altenhilfe Gesundbrunnen e.V.,freigemeinnützig,"51,504462","9,410354",772513000,1.0,0.18980000000000002,0.7796666666666667,0
5831,2,2,1.0,1, Zentrum für Psychiatrie und Psychotherapie,114,Hessen,1,Universitätsklinikum Gießen und Marburg,privat,"50,817645","8,782163",773133000,0.5,0.21280701754385964,0.6483333333333333,1
5832,177,148,0.8361581920903954,1,Universitätsklinikum Gießen und Marburg GmbH Standort Marburg,931,Hessen,1,Universitätsklinikum Gießen und Marburg GmbH,privat,"50,815269","8,80586",773132000,0.34316353887399464,0.8724167561761547,1.186466165413534,1
5833,32,11,0.34375,0,Klinik für Kinder- und Jugendpsychiatrie Psychosomatik und Psychotherapie,72,Hessen,1,Universitätsklinikum Gießen und Marburg,privat,"50,818654","8,782264",773136000,0.4,0.30097222222222225,0.9322222222222223,0
5834,63,38,0.6031746031746031,0,DGD Diakonie-Krankenhaus Wehrda gGmbH,208,Hessen,0,"Deutscher Gemeinschafts-Diakonieverband GmbH, Marburg",freigemeinnützig,"50,830536","8,761592",771338000,0.9285714285714286,0.3096153846153846,0.7154326923076924,0
5835,61,31,0.5081967213114754,0,DRK Krankenhaus Biedenkopf,90,Hessen,0,DRK Kreisverband Biedenkopf e.V.,freigemeinnützig,"50,91339","8,523496",771873000,1.0,0.3637777777777778,0.7817777777777778,1
5836,2,2,1.0,1,Hessische Berglandklinik Koller GmbH,88,Hessen,0,Hessische Berglandklinik Koller GmbH,privat,"50,75543","8,486481",773493000,0.75,0.12329545454545456,0.41556818181818184,0
5837,2,2,1.0,1,Bad Endbach,75,Hessen,0,Storck Verwaltungs GmbH,privat,"50,752275","8,484925",773719000,0.7777777777777778,0.22320000000000004,0.4866666666666667,0
5838,101,82,0.8118811881188119,1,Asklepios Schwalm-Eder-Kliniken GmbH Klinikum Schwalmstadt,230,Hessen,0,Asklepios Kliniken GmbH,privat,"50,922116","9,255718",773531000,0.8245614035087719,0.4673913043478261,2.235304347826087,1
5839,133,86,0.6466165413533834,0,Hospital zum Heiligen Geist gGmbH,177,Hessen,0,Stiftung Hospital zum Heiligen Geist,freigemeinnützig,"51,132873","9,277409",772956000,0.3125,0.5064406779661017,0.8346892655367232,0
5840,5,5,1.0,1,Hephata-Klinik,93,Hessen,0,Hephata Hessisches Diakoniezentrum e.V.,freigemeinnützig,"50,909543","9,167832",771789000,1.0,0.2890322580645161,0.7207526881720431,0
5841,5,5,1.0,1,Hardtwaldklinik I Werner-Wicker GmbH&Co.KG,65,Hessen,0,Hardtwaldklinik I Werner Wicker GmbH & Co. KG,privat,"51,061701","9,172425",771911000,1.0,0.3269230769230769,0.8540000000000001,0
5842,60,52,0.8666666666666667,1,Kreiskrankenhaus Frankenberg,223,Hessen,0,Kreiskrankenhaus Frankenberg gGmbH,öffentlich,"51,062223","8,79219",772704000,1.0,0.3636322869955157,0.7951569506726457,0
5843,63,45,0.7142857142857143,0,Krankenhaus Bad Arolsen GmbH,131,Hessen,0,Krankenhaus Bad Arolsen GmbH,öffentlich,"51,379164","9,00796",772509000,1.0,0.3654198473282443,1.2402290076335878,0
5844,106,85,0.8018867924528302,1,Stadtkrankenhaus Korbach gGmbH,249,Hessen,0,Hessenklinik Stadtkrankenhaus Korbach gGmbH,öffentlich,"51,267262","8,870632",772662000,1.0,0.39722891566265056,0.9356626506024096,0
5845,2,2,1.0,1,Vitos Klinik für Psychiatrie und Psychotherapie Standort Haina,112,Hessen,0,"Vitos GmbH Kassel, Vitos Haina gemeinnützige GmbH",öffentlich,"51,02923","8,975609",771592000,0.6666666666666666,0.3710714285714286,0.927232142857143,1
5848,20,13,0.65,0,Werner Wicker Klinik - Orthopädisches Schwerpunktklinikum Werner Wicker GmbH & Co. KG,267,Hessen,0,"Orthopädisches Schwerpunktklinikum, Werner Wicker GmbH & Co. KG",privat,"51,109438","9,085568",771717000,0.851063829787234,0.3525093632958802,1.0812734082397004,0
5849,20,18,0.9,1,Orthopädische Klinik Hessisch Lichtenau gGmbH,170,Hessen,0,Orthopädische Klinik Hessisch Lichtenau gemeinnützige GmbH,freigemeinnützig,"51,212824","9,705642",773162000,0.8333333333333334,0.4661764705882353,0.9801176470588234,0
5850,112,91,0.8125,1,Kreiskrankenhaus Bergstraße - eine Einrichtung des Universitätsklinikums Heidelberg,258,Hessen,0,Universitätsklinikum Heidelberg und Kreis Bergstraße,öffentlich,"49,628414","8,625203",772028000,0.603448275862069,0.4980232558139535,1.371279069767442,0
5851,5,4,0.8,1,St. Josef-Krankenhaus Königstein,21,Hessen,0,St.Josef Krankenhaus-Betriebs GmbH,öffentlich,"50,183816","8,462464",773401000,0.75,0.49666666666666665,0.4838095238095238,0
5852,120,101,0.8416666666666667,1,GPR Klinikum,425,Hessen,0,GPR Gesundheits- und Pflegezentrum Rüsselsheim gemeinnützige GmbH,öffentlich,"49,983362","8,423936",771061000,0.4896551724137931,0.7230117647058822,1.2828470588235295,0
5853,22,19,0.8636363636363636,1,Darmstädter Kinderkliniken Prinzessin Margaret,144,Hessen,0,Stiftung Alice-Hospital vom Roten Kreuz zu Darmstadt und Klinikum Darmstadt GmbH,freigemeinnützig,"49,876969","8,663853",771715000,0.8378378378378378,0.4411111111111111,1.337013888888889,0
5854,70,34,0.4857142857142857,0,St. Elisabethen-Krankenhaus,225,Hessen,0,St. Elisabethen Krankenhaus Frankfurt GmbH & Co KG,privat,"50,125998","8,638224",773559000,0.825,0.5511111111111111,0.9555555555555556,0
5855,123,79,0.6422764227642277,0,Asklepios Klinik Langen,407,Hessen,0,Asklepios Kliniken Langen-Seligenstadt GmbH,privat,"49,998423","8,683549",772654000,0.7875,0.3776167076167076,1.8587714987714987,1
5857,83,39,0.46987951807228917,0,Asklepios Klinik Seligenstadt,233,Hessen,0,Asklepios Kliniken Langen-Seligenstadt GmbH,privat,"50,041686","8,964988",772588000,0.6388888888888888,0.323862660944206,2.2157939914163087,1
5858,11,8,0.7272727272727273,0,Asklepios Schlossberg Klinik,129,Hessen,0,Asklepios GKB Klinikbetriebe GmbH,privat,"49,744728","9,005372",772486000,0.8,0.375968992248062,2.1916279069767444,1
5859,2,1,0.5,0,MEDIAN Klinik NRZ Wiesbaden,55,Hessen,0,MEDIAN Klinik NRZ Wiesbaden GmbH,privat,"50,08742","8,274698",773494000,1.0,0.0,0.8481818181818181,1
5861,108,64,0.5925925925925926,0,AGAPLESION BETHANIEN KRANKENHAUS,204,Hessen,0,AGAPLESION FRANKFURTER DIAKONIE KLINIKEN gGmbH,freigemeinnützig,"50,129181","8,706433",772736000,1.0,0.5004901960784314,0.7300490196078432,1
5862,61,55,0.9016393442622951,1,AGAPLESION MARKUS KRANKENHAUS,635,Hessen,0,AGAPLESION FRANKFURTER DIAKONIE KLINIKEN gGmbH,freigemeinnützig,"50,136726","8,647392",772737000,0.6370967741935484,0.432,0.8144251968503936,1
5863,79,62,0.7848101265822784,1,AGAPLESION ELISABETHENSTIFT EVANGELISCHES KRANKENHAUS,419,Hessen,0,AGAPLESION ELISABETHENSTIFT gemeinnützige GmbH,freigemeinnützig,"49,873477","8,665796",772448000,0.2978723404255319,0.35918854415274465,0.8263245823389022,1
5864,2,2,1.0,1,Asklepios Neurologische Klinik Falkenstein,78,Hessen,0,Asklepios Klinik Alsbach GmbH,privat,"50,191098","8,482941",771536000,0.8571428571428571,0.21512820512820513,1.1271794871794871,1
5866,50,41,0.82,1,Hochwaldkrankenhaus Bad Nauheim,241,Hessen,0,Gesundheitszentrum Wetterau gGmbH,öffentlich,"50,356724","8,729891",771758000,0.9,0.3690871369294606,0.59,0
5867,13,6,0.46153846153846156,0,Buergerhospital Friedberg,267,Hessen,0,Gesundheitszentrum Wetterau GgmbH,öffentlich,"50,334544","8,75137",771759000,0.7647058823529411,0.23685393258426968,0.5043820224719102,0
5868,2,2,1.0,1,Klinik für Psychiatrie und Psychotherapie,80,Hessen,0,Gesundheitszentrum Wetterau gGmbH,öffentlich,"50,334181","8,741715",771760000,1.0,0.22537500000000002,0.8313750000000001,0
5872,2,2,1.0,1,MEDICLIN Reha-Zentrum Bad Orb - Fachbereich Neurologie Phase B,15,Hessen,0,"MediClin GmbH & Co. KG, Zweigniederlassung Bad Orb",privat,"50,216244","9,354513",772966000,0.5,0.41466666666666663,1.7306666666666668,1
5873,2,2,1.0,1,Gertrudis-Klinik Biskirchen Parkinson-Zentrum,120,Hessen,0,Gertrudis-Klinik Parkinson-Zentrum GmbH,privat,"50,533102","8,30852",771919000,0.6666666666666666,0.08666666666666667,0.36508333333333337,0
5874,93,75,0.8064516129032258,1,AGAPLESION EVANGELISCHES KRANKENHAUS MITTELHESSEN gGmbH,263,Hessen,0,AGAPLESION EVANGELISCHES KRANKENHAUS MITTELHESSEN gGmbH,freigemeinnützig,"50,5923","8,649139",772864000,0.6739130434782609,0.46840304182509507,1.0571482889733839,1
5875,2,2,1.0,1,MEDICAL PARK Bad Camberg - Fachklinik für Neurologie -,60,Hessen,0,MEDICAL PARK Bad Camberg - Fachklinik für Neurologie -,privat,"50,297396","8,282487",773741000,1.0,0.19083333333333333,1.9993333333333332,0
5877,100,75,0.75,0,Herz-Kreislauf-Zentrum Klinikum Hersfeld-Rotenburg GmbH ,200,Hessen,0,Landkreis Hersfeld-Rotenburg,öffentlich,"51,004766","9,73737",771267000,0.896551724137931,0.3282,0.6415,0
5879,2,1,0.5,0,Neurologische Klinik Westend Wicker GmbH & Co. KG,85,Hessen,0,Frau Tanja Wicker-Carciola,privat,"51,112183","9,10804",772008000,0.8333333333333334,0.2929411764705882,1.8364705882352943,0
5880,40,31,0.775,1,Helios St. Elisabeth Klinik Hünfeld,158,Hessen,0,Helios St. Elisabeth Klinik Hünfeld GmbH,privat,"50,663193","9,767075",772593000,0.6,0.34177215189873417,0.7874050632911394,1
5883,2,2,1.0,1,Vitos Klinik für Psychosomatik Kassel,25,Hessen,0,Vitos Kurhessen gemeinnützige GmbH,öffentlich,"51,311752","9,429635",771272000,,0.20759999999999998,0.518,1
5886,2,2,1.0,1,Vitos Klinik für Psychiatrie und Psychotherapie Hofgeismar,22,Hessen,0,Vitos Kurhessen gemeinnützige GmbH,öffentlich,"51,496075","9,368926",771278000,1.0,0.17181818181818184,0.8849999999999999,1
5887,2,2,1.0,1,Vitos Klinik für Psychiatrie und Psychotherapie Bad Emstal,141,Hessen,0,Vitos Kurhessen gemeinnützige GmbH,öffentlich,"51,226337","9,260339",771279000,1.0,0.17886524822695035,0.848936170212766,1
5891,2,2,1.0,1,Vitos Klinik für Psychiatrie und Psychotherapie Kassel,110,Hessen,0,Vitos Kurhessen gemeinnützige GmbH,öffentlich,"51,311762","9,429657",771283000,1.0,0.21136363636363636,0.5837272727272727,1
5892,79,61,0.7721518987341772,1,Asklepios Klinik Bad Wildungen GmbH - Stadtklinik -,208,Hessen,0,Asklepios Kliniken GmbH & Co. KGaA,privat,"51,117246","9,114189",773158000,0.7450980392156863,0.27144230769230765,1.8729807692307692,1
5897,13,8,0.6153846153846154,0,Dalberg Klinik Fulda,12,Hessen,0,Dalberg Klinik GmbH,privat,"50,549696","9,681764",772982000,1.0,0.5833333333333334,0.8583333333333334,0
5898,108,85,0.7870370370370371,1,AGAPLESION DIAKONIE KLINIKEN KASSEL,316,Hessen,0,AGAPLESION gemeinnützige AG/ Stiftung Kurhessisches Diakonissenhaus,freigemeinnützig,"51,314017","9,462657",772094000,0.72,0.4768670886075949,0.9089240506329115,1
5899,40,23,0.575,0,Kreisklinik Wolfhagen,84,Hessen,0,Landkreis Kassel,öffentlich,"51,319918","9,190701",772507000,0.9285714285714286,0.4635714285714285,2.1191666666666666,0
5900,53,34,0.6415094339622641,0,Kreisklinik Hofgeismar,114,Hessen,0,Landkreis Kassel,öffentlich,"51,495953","9,369422",772508000,1.0,0.39666666666666667,0.9414912280701754,0
5901,105,74,0.7047619047619048,0,Klinikum Werra Meißner GmbH / Standort Eschwege,309,Hessen,0,Klinikum Werra-Meißner GmbH,öffentlich,"51,182581","10,050349",772876000,0.8604651162790697,0.3888996763754045,0.8623948220064726,0
5902,46,16,0.34782608695652173,0,Klinikum Werra Meißner GmbH / Standort Witzenhausen,129,Hessen,0,Klinikum Werra-Meißner GmbH,öffentlich,"51,343362","9,859974",772877000,0.8181818181818182,0.2791472868217054,0.5913178294573643,0
5903,2,2,1.0,1,Asklepios Klinik Fürstenhof Bad Wildungen GmbH,30,Hessen,0,Asklepios Kliniken GmbH & Co. KGaA,privat,"51,114925","9,109466",773358000,1.0,0.3796666666666667,1.0786666666666667,1
5904,112,76,0.6785714285714286,0,Kassel,198,Hessen,0,Elisabeth Vinzenz Verbund,freigemeinnützig,"51,310112","9,491412",773027000,0.723404255319149,0.4675757575757576,1.405858585858586,0
5906,40,27,0.675,0,St. Vincenz-Krankenhaus Diez,95,Rheinland-Pfalz,0,Krankenhausgesellschaft St. Vincenz mbH,freigemeinnützig,"50,374191","8,009116",772971000,0.8333333333333334,0.26831578947368423,0.8645263157894736,0
5907,93,65,0.6989247311827957,0,Ev. Stift. St. Martin,349,Rheinland-Pfalz,0,Gemeinschaftsklinikum Mittelrhein gGmbH ,freigemeinnützig,"50,348885","7,593954",773519000,0.40963855421686746,0.5244699140401146,1.0544985673352436,0
5908,134,84,0.6268656716417911,0,Gemeinschaftsklinikum Mittelrhein gGmbH / Kemperhof,504,Rheinland-Pfalz,0,Gemeinschaftsklinikum Mittelrhein gGmbH,freigemeinnützig,"50,355981","7,564584",773518000,0.5075757575757576,0.5455753968253969,0.9555357142857143,0
5909,72,31,0.4305555555555556,0,Gemeinschaftsklinikum Mittelrhein Heilig Geist,141,Rheinland-Pfalz,0,Gemeinschaftsklinikum Mittelrhein gGmbH,freigemeinnützig,"50,232011","7,587463",773521000,0.6296296296296297,0.3924822695035461,0.8195035460992909,0
5910,117,95,0.811965811965812,1,Gemeinschaftsklinikum Mittelrhein St. Elisabeth Mayen,269,Rheinland-Pfalz,0,Gemeinschaftsklinikum Mittelrhein gGmbH,freigemeinnützig,"50,325517","7,218252",773520000,0.5833333333333334,0.3743122676579926,0.8400371747211897,0
5911,56,22,0.39285714285714285,0,Gemeinschaftsklinikum Mittelrhein Paulinenstift,60,Rheinland-Pfalz,0,Gemeinschaftsklinikum Mittelrhein gGmbH,freigemeinnützig,"50,202563","7,856328",773522000,0.75,0.4561666666666666,1.399,0
5914,16,11,0.6875,0,Diakonie Krankenhaus Standort Kirn,88,Rheinland-Pfalz,0,"Stiftung kreuznacher diakonie, Kirchliche Stiftung des öffentlichen Rechts",,"49,794769","7,456014",772440000,0.14285714285714285,0.25534090909090906,1.0155681818181819,0
5915,85,66,0.7764705882352941,1,Krankenhaus Maria Hilf,307,Rheinland-Pfalz,0,Marienhaus Kliniken GmbH,freigemeinnützig,"50,540899","7,127738",771220000,0.5555555555555556,0.3930618892508143,1.3937785016286643,0
5916,2,2,1.0,1,Dr. von Ehrenwall&primesche Klinik,90,Rheinland-Pfalz,0,Marx GmbH & Co KG,privat,"50,539851","7,091179",772004000,0.7333333333333333,0.3561111111111111,0.6528888888888889,0
5917,84,66,0.7857142857142857,1,DRK Krankenhaus Altenkirchen-Hachenburg (HB),177,Rheinland-Pfalz,0,DRK Krankenhaus GmbH Rheinland-Pfalz,freigemeinnützig,"50,656887","7,830874",772402000,0.8214285714285714,0.2684745762711865,0.9898305084745762,1
5918,39,20,0.5128205128205128,0,DRK Krankenhaus Altenkirchen-Hachenburg (AK),46,Rheinland-Pfalz,0,DRK Krankenhaus GmbH Rheinland-Pfalz,freigemeinnützig,"50,68329","7,630609",772403000,0.7352941176470589,0.21456521739130438,0.5839130434782609,1
5919,75,46,0.6133333333333333,0,DRK Krankenhaus Kirchen,279,Rheinland-Pfalz,0,"DRK Gem. Krankenhaus GmbH Rheinland-Pfalz, Mainz",freigemeinnützig,"50,806362","7,879177",771808000,0.7592592592592593,0.3372759856630824,0.9170250896057347,1
5920,2,2,1.0,1,St. Antonius-Krankenhaus,120,Rheinland-Pfalz,0,Gemeinnützige Gesellschaft der Franziskanerinnen zu Olpe mbH (GFO),freigemeinnützig,"50,781895","7,732849",771660000,1.0,0.17783333333333334,0.5786666666666667,0
5921,63,53,0.8412698412698413,1,Krankenhaus St. Marienwörth,298,Rheinland-Pfalz,0,Franziskanerbrüder vom Heiligen Kreuz e. V.,freigemeinnützig,"49,846546","7,861477",773031000,0.7551020408163265,0.3748993288590604,0.9210067114093959,0
5922,2,2,1.0,1,RZ Rheumazentrum Rheinland-Pfalz GmbH Akutzentrum,70,Rheinland-Pfalz,0,RZ Rheumazentrum Rheinland-Pfalz GmbH,privat,"49,84046","7,85544",773074000,0.4,0.407,0.5548571428571429,0
5923,43,30,0.6976744186046512,0,Krankenhaus der Elisabeth Stiftung,135,Rheinland-Pfalz,0,Elisabeth-Stiftung,freigemeinnützig,"49,645498","7,159805",772695000,0.9333333333333333,0.27755555555555556,1.450962962962963,0
5924,118,94,0.7966101694915254,1,Klinikum Idar-Oberstein GmbH,528,Rheinland-Pfalz,0,Klinikum Idar-Oberstein GmbH,öffentlich,"49,71639","7,321048",772307000,0.6375,0.47143939393939394,1.0652083333333333,0
5925,81,35,0.43209876543209874,0,Marienkrankenhaus Cochem,143,Rheinland-Pfalz,0,Marienkrankenhaus Cochem GmbH,freigemeinnützig,"50,155738","7,179317",772167000,0.76,0.2495104895104895,0.7906293706293707,0
5926,94,68,0.723404255319149,0,Klinikum Mittelmosel,110,Rheinland-Pfalz,0,Katharina Kasper ViaSalus GmbH,freigemeinnützig,"50,023589","7,167607",771890000,0.5333333333333333,0.36536363636363633,0.48690909090909085,0
5927,103,80,0.7766990291262136,1,St. Nikolaus-Stiftshospital GmbH Andernach,274,Rheinland-Pfalz,0,St. Nikolaus-Stiftshospital GmbH,freigemeinnützig,"50,440372","7,404746",771119000,1.0,0.6022262773722628,1.204890510948905,0
5928,43,7,0.16279069767441862,0,Rhein-Mosel-Fachklinik,347,Rheinland-Pfalz,0,Landeskrankenhaus -Anstalt des öffentlichen Rechts-,öffentlich,"50,42897","7,39755",772551000,0.4032258064516129,0.2540057636887608,1.0270317002881846,0
5929,2,2,1.0,1,Barmherzige Brüder Saffig Fachklinik für Psychiatrie und Psychotherapie,80,Rheinland-Pfalz,0,Barmherzige Brüder Trier gGmbH,freigemeinnützig,"50,377589","7,420328",773127000,1.0,0.22949999999999998,0.424625,0
5930,2,0,0.0,0,BDH-Klinik Vallendar gGmbH,68,Rheinland-Pfalz,0,BDH Bundesverband Rehabilitation e.V.,freigemeinnützig,"50,399831","7,611571",772374000,1.0,0.26911764705882346,1.0642647058823531,0
5931,5,5,1.0,1,Evangelisches  Krankenhaus Betriebsstätte Selters,103,Rheinland-Pfalz,0,Evangelisches Krankenhaus Dierdorf/Selters gGmbH,freigemeinnützig,"50,529177","7,75885",771949000,1.0,0.3353398058252427,0.9459223300970875,0
5932,39,27,0.6923076923076923,0,Evangelisches  Krankenhaus Betriebsstätte Dierdorf,85,Rheinland-Pfalz,0,Evangelisches Krankenhaus Dierdorf/Selters gGmbH,freigemeinnützig,"50,548148","7,661566",771950000,1.0,0.4838823529411765,1.0398823529411765,0
5933,24,21,0.875,1,Franziskus Krankenhaus Linz,151,Rheinland-Pfalz,0,Krankenhausverbund Linz/Remagen gemeinnützige GmbH,freigemeinnützig,"50,564476","7,318353",771905000,0.4375,0.526158940397351,0.7047019867549669,0
5934,31,29,0.9354838709677419,1,Krankenhaus Maria Stern,142,Rheinland-Pfalz,0,Krankenhausverbund Linz/Remagen gemeinnützige GmbH,freigemeinnützig,"50,574032","7,23316",771906000,0.7142857142857143,0.47408450704225347,0.5826056338028168,0
5935,85,66,0.7764705882352941,1,DRK Krankenhaus Neuwied,309,Rheinland-Pfalz,0,DRK gem. Krankenhaus GmbH Rheinland-Pfalz,freigemeinnützig,"50,42962","7,465375",771976000,0.6923076923076923,0.4348543689320388,0.8189967637540453,1
5936,104,55,0.5288461538461539,0,Hunsrück Klinik kreuznacher diakonie,246,Rheinland-Pfalz,0,Stiftung kreuznacher diakonie kirchliche Stiftung des öffentlichen Rechts,,"49,980435","7,517383",772202000,0.06818181818181818,0.3853252032520325,1.2600813008130083,0
5937,5,5,1.0,1,Hufeland-Klinik Bad Ems GmbH,65,Rheinland-Pfalz,0,Maybach Medical Holding GmbH,privat,"50,333918","7,726969",771790000,0.6153846153846154,0.26876923076923076,1.1227692307692305,0
5939,2,2,1.0,1,Medizinisches Zentrum Lahnhöhe am Mittelrhein,308,Rheinland-Pfalz,0,Klinik Lahnhöhe / Krankenhausgesellschaft mbH & Co KG,privat,"50,301617","7,641862",771972000,0.2222222222222222,0.17116883116883116,0.32685064935064934,0
5940,106,84,0.7924528301886793,1,Herz-Jesu-Krankenhaus Dernbach,225,Rheinland-Pfalz,0,Katharina Kasper ViaSalus GmbH,freigemeinnützig,"50,452525","7,784991",772098000,0.7457627118644068,0.5412888888888888,0.9203555555555556,0
5943,10,4,0.4,0,Klinik für GefässChirurgie und GefässMedizin im Kreis Ahrweiler,50,Rheinland-Pfalz,0,Gefäss-Zentrum im Kreis Ahrweiler GmbH,privat,"50,54332","7,139304",772729000,0.6666666666666666,0.20879999999999999,0.3992,0
5944,5,3,0.6,0,Ahrtal-Klinik,30,Rheinland-Pfalz,0,AngioWell GmbH,privat,"50,558076","7,212368",773706000,1.0,0.38733333333333336,0.324,0
5947,117,92,0.7863247863247863,1,Diakonie Krankenhaus kreuznacher diakonie,351,Rheinland-Pfalz,0,"Stiftung kreuznacher diakonie, Kirchliche Stiftung des öffentlichen Rechts",,"49,836813","7,863286",772554000,0.08235294117647059,0.4695156695156695,1.4263817663817664,0
5948,145,100,0.6896551724137931,0,Marienhaus Klinikum St. Elisabeth Neuwied,451,Rheinland-Pfalz,0,Marienhaus Kliniken GmbH Waldbreitbach,freigemeinnützig,"50,427894","7,471944",771924000,0.3829787234042553,0.5301330376940133,1.1783148558758316,0
5949,2,1,0.5,0,Marienhaus Klinikum St. Antonius Waldbreitbach,149,Rheinland-Pfalz,0,Marienhaus Kliniken GmbH Waldbreitbach,freigemeinnützig,"50,540433","7,422269",771926000,0.5,0.15852348993288592,0.5671140939597316,0
5950,141,95,0.6737588652482269,0,Katholisches Klinikum Koblenz·Montabaur,484,Rheinland-Pfalz,0,Barmherzige Brüder Trier gGmbH; Krankenpflegegenossenschaft der Schwestern vom Heiligen Geist,freigemeinnützig,"50,354271","7,587126",771301000,0.2,0.5742148760330579,1.074607438016529,0
5951,83,65,0.7831325301204819,1,Katholisches Klinikum Koblenz·Montabaur,183,Rheinland-Pfalz,0,Barmherzige Brüder Trier gGmbH; Krankenpflegegenossenschaft der Schwestern vom Heiligen Geist,freigemeinnützig,"50,431312","7,8318",771348000,0.2,0.7183060109289617,0.9574863387978142,0
5952,41,31,0.7560975609756098,0,Gesundheitszentrum Glantal,130,Rheinland-Pfalz,0,Landeskrankenhaus (AöR),öffentlich,"49,706559","7,677173",772529000,0.88,0.40569230769230763,1.4745384615384616,0
5953,2,2,1.0,1,Geriatrische Fachklinik Rheinhessen-Nahe / Akutgeriatrie,52,Rheinland-Pfalz,0,Landeskrankenhaus (AöR),öffentlich,"49,810845","7,846142",772579000,0.75,0.26269230769230767,0.8417307692307692,0
5954,127,88,0.6929133858267716,0,BundeswehrZentralkrankenhaus Koblenz,506,Rheinland-Pfalz,0,Bundesministerium der Verteidigung,öffentlich,"50,369986","7,541915",772170000,0.5934959349593496,1.176383399209486,1.0433399209486165,0
5955,5,5,1.0,1,DRK Kamillus Klinik Asbach,159,Rheinland-Pfalz,0,DRK Klinikgesellschaft Südwest mbH,freigemeinnützig,"50,667559","7,424713",771294000,0.75,0.2512578616352201,0.729308176100629,1
5956,144,104,0.7222222222222222,0,Klinikum Mutterhaus der Borromäerinnen gGmbH Standort Mitte/Nord,1077,Rheinland-Pfalz,0,Klinikum Mutterhaus der Borromäerinnen gGmbH,freigemeinnützig,"49,754481","6,630994",771463000,0.2,0.4213834726090993,0.9687836583101206,0
5957,74,31,0.4189189189189189,0,St. Joseph Krankenhaus Prüm,150,Rheinland-Pfalz,0,Josefs-Gesellschaft gAG,freigemeinnützig,"50,211843","6,410396",772156000,0.05555555555555555,0.34073333333333333,0.9978666666666667,0
5958,92,69,0.75,0,Krankenhaus Maria Hilf GmbH,253,Rheinland-Pfalz,0,Gesellschaft der Katharinenschwestern mbH,freigemeinnützig,"50,193447","6,833136",772006000,1.0,0.36482213438735184,0.628498023715415,0
5959,44,31,0.7045454545454546,0,St. Josef-Krankenhaus Hermeskeil,138,Rheinland-Pfalz,0,Marienhaus Unternehmensgruppe,freigemeinnützig,"49,657547","6,948455",771619000,0.6521739130434783,0.3446376811594203,1.3469565217391304,0
5960,43,29,0.6744186046511628,0,Kreiskrankenhaus St. Franziskus Saarburg GmbH,241,Rheinland-Pfalz,0,Kreiskrankenhaus St. Franziskus Saarburg GmbH,öffentlich,"49,60261","6,537867",773492000,0.5,0.274896265560166,0.7621161825726142,0
5961,35,7,0.2,0,Marienhaus Klinikum Eifel - Standort St. Elisabeth Gerolstein,172,Rheinland-Pfalz,0,Marienhaus Stiftung,freigemeinnützig,"50,226557","6,665098",771729000,0.6666666666666666,0.049069767441860465,0.36813953488372086,0
5962,110,83,0.7545454545454545,0,Marienhaus Klinikum Eifel - Standort Bitburg,281,Rheinland-Pfalz,0,Marienhaus Stiftung,freigemeinnützig,"49,971704","6,526986",771730000,0.48484848484848486,0.2987188612099644,0.938967971530249,0
5963,117,101,0.8632478632478633,1,St. Elisabeth Krankenhaus Wittlich,344,Rheinland-Pfalz,0,cusanus trägergesellschaft trier mbH,freigemeinnützig,"50,000547","6,892509",771854000,0.6666666666666666,0.46136627906976746,0.9081976744186047,0
5964,17,6,0.35294117647058826,0,Cusanus Krankenhaus Bernkastel-Kues,209,Rheinland-Pfalz,0,cusanus trägergesellschaft trier mbH,freigemeinnützig,"49,915375","7,062602",771855000,0.6666666666666666,0.2042583732057416,0.6051674641148325,0
5965,111,93,0.8378378378378378,1,Krankenhaus der Barmherzigen Brüder Trier,664,Rheinland-Pfalz,0,Barmherzige Brüder Trier gGmbH,freigemeinnützig,"49,762079","6,64068",771956000,0.49175824175824173,0.6025150602409638,1.203012048192771,0
5966,71,47,0.6619718309859155,0,Stadtklinik Frankenthal,315,Rheinland-Pfalz,0,Stadt Frankenthal,öffentlich,"49,542971","8,330806",771517000,0.9056603773584906,0.396031746031746,0.8065396825396826,0
5967,166,131,0.7891566265060241,1,Westpfalz-Klinikum GmbH - Standort I Kaiserslautern,975,Rheinland-Pfalz,0,Westpfalz-Klinikum GmbH,öffentlich,"49,442308","7,756798",772988000,0.251063829787234,0.5311589743589743,1.1189846153846155,0
5968,64,40,0.625,0,Westpfalz-Klinikum GmbH - Standort II Kusel,243,Rheinland-Pfalz,0,Westpfalz-Klinikum GmbH,öffentlich,"49,546522","7,376882",772989000,0.5,0.4946502057613169,1.1122222222222224,0
5969,3,2,0.6666666666666666,0,Lutrina Klinik GmbH,25,Rheinland-Pfalz,0,Lutrina Klinik GmbH,privat,"49,441955","7,772252",773735000,,0.16,1.0356,0
5970,121,98,0.8099173553719008,1,Vinzentius-Krankenhaus Landau,307,Rheinland-Pfalz,0,Vinzentius-Krankenhaus Landau GmbH,freigemeinnützig,"49,190309","8,114565",772900000,0.7903225806451613,0.5529967426710098,0.9881433224755701,0
5971,118,99,0.8389830508474576,1,Klinikum der Stadt Ludwigshafen am Rhein gGmbH,1010,Rheinland-Pfalz,0,Stadt Ludwigshafen am Rhein,öffentlich,"49,490856","8,423894",772801000,0.19069767441860466,0.513990099009901,1.0936930693069309,0
5973,112,64,0.5714285714285714,0,St. Marien- und St. Annastiftskrankenhaus,368,Rheinland-Pfalz,0,St. Dominikus Krankenhaus und Jugendhilfe gGmbH,freigemeinnützig,"49,458124","8,408191",772591000,0.7837837837837838,0.5459782608695651,0.8940760869565217,0
5974,5,5,1.0,1,Krankenhaus Zum Guten Hirten,204,Rheinland-Pfalz,0,"Krankenhaus-Stiftung der Niederbronner Schwestern, Speyer",freigemeinnützig,"49,487622","8,385319",772337000,0.75,0.23024509803921567,0.5487254901960784,0
5975,60,17,0.2833333333333333,0,BG Klinik Ludwigshafen,313,Rheinland-Pfalz,0,BG Kliniken Ludwigshafen und Tübingen gGmbH,,"49,485866","8,388783",771899000,0.9629629629629629,0.7137060702875399,1.3014696485623,0
5976,180,156,0.8666666666666667,1,Universitätsmedizin der Johannes Gutenberg-Universität Mainz,1675,Rheinland-Pfalz,1,Körperschaft des Öffentlichen Rechts,öffentlich,"49,992949","8,259166",771621000,0.6405451448040886,0.7145373134328359,1.212489552238806,1
5977,74,32,0.43243243243243246,0,Herzchirurgie der Universitätsmedizin Mainz am St.Josefs-Hospital Wiesbaden,8,Hessen,1,Körperschaft des Öffentlichen Rechts,öffentlich,"50,076318","8,254181",773752000,0.6,1.25125,0.6875,1
5978,145,99,0.6827586206896552,0, Marienhaus Klinikum Mainz,541,Rheinland-Pfalz,0,Marienhaus GmbH,freigemeinnützig,"49,98929","8,270441",772834000,0.09090909090909091,0.4697966728280961,1.1086506469500923,0
5979,63,29,0.4603174603174603,0,Städtisches Krankenhaus Pirmasens gGmbH Standort Rodalben,155,Rheinland-Pfalz,0,Stadt Pirmasens,öffentlich,"49,241387","7,634123",772728000,0.75,0.23187096774193547,0.8083870967741934,0
5980,104,80,0.7692307692307693,0,Marienhaus Klinikum Hetzelstift,362,Rheinland-Pfalz,0,Marienhaus Kliniken GmbH,freigemeinnützig,"49,346555","8,149719",772789000,0.12121212121212122,0.4401657458563536,0.7256629834254144,0
5981,142,91,0.6408450704225352,0,Städtisches Krankenhaus Pirmasens gGmbH Standort Pirmasens,399,Rheinland-Pfalz,0,Stadt Pirmasens,öffentlich,"49,192661","7,617323",773361000,0.7209302325581395,0.4920802005012531,1.2559649122807017,0
5982,142,100,0.704225352112676,0,Diakonissen-Stiftungs-Krankenhaus Speyer,484,Rheinland-Pfalz,0,Evangelische Diakonissenanstalt Speyer-Mannheim-Bad Dürkheim,freigemeinnützig,"49,310584","8,435868",771057000,0.07894736842105263,0.5887603305785125,1.5283057851239668,0
5983,80,33,0.4125,0,Sankt Vincentius Krankenhaus,256,Rheinland-Pfalz,0,Krankenhaus-Stiftung der Niederbronner Schwestern,freigemeinnützig,"49,315696","8,421649",772863000,0.5967741935483871,0.4399609375,0.9161718750000001,0
5984,108,89,0.8240740740740741,1,Klinikum Worms gGmbH,696,Rheinland-Pfalz,0,Stadt Worms,öffentlich,"49,649786","8,320514",771693000,0.6379310344827587,0.4989798850574713,1.2130747126436783,0
5985,31,24,0.7741935483870968,1,DRK Krankenhaus Alzey,161,Rheinland-Pfalz,0,DRK Krankenhaus GmbH Rheinland-Pfalz,freigemeinnützig,"49,746454","8,103998",772490000,0.5416666666666666,0.39291925465838506,0.8245962732919254,1
5987,5,4,0.8,1,Rheinhessen-Fachklinik Alzey,427,Rheinland-Pfalz,0,Landeskrankenhaus Andernach - Anstalt des öffentlichen Rechts -,öffentlich,"49,742615","8,12986",772577000,0.5384615384615384,0.2705854800936768,0.9542857142857143,0
5988,81,45,0.5555555555555556,0,Evangelisches Krankenhaus,239,Rheinland-Pfalz,0,Evangelische Diakonissenanstalt Speyer-Mannheim-Bad Dürkheim,freigemeinnützig,"49,466536","8,178757",772351000,0.6379310344827587,0.40644351464435147,0.756234309623431,0
5989,2,2,1.0,1,MEDIAN Klinik Sonnenwende,111,Rheinland-Pfalz,0,MEDIAN Klinik Sonnenwende GmbH &amp; Co. KG,privat,"49,459521","8,156693",773590000,0.25,0.1772972972972973,0.44423423423423425,1
5991,2,2,1.0,1,MEDIAN Tagesklinik Neustadt,24,Rheinland-Pfalz,0,MEDIAN Klinik Sonnenwende GmbH &amp; Co. KG,privat,"49,350658","8,147101",773592000,0.0,0.13333333333333333,0.15125,1
5992,101,46,0.45544554455445546,0,Kreiskrankenhaus Grünstadt,184,Rheinland-Pfalz,0,Landkreis Bad Dürkheim,öffentlich,"49,563857","8,157812",771109000,1.0,0.46467391304347827,1.2858152173913042,0
5993,40,32,0.8,1,Westpfalz-Klinikum GmbH - Standort III Kirchheimbolanden,142,Rheinland-Pfalz,0,Westpfalz-Klinikum GmbH,öffentlich,"49,6591","8,007584",772990000,0.4857142857142857,0.5300704225352112,0.9757746478873239,0
5994,35,9,0.2571428571428571,0,Westpfalz-Klinikum GmbH - Standort IV Rockenhausen,113,Rheinland-Pfalz,0,Westpfalz-Klinikum GmbH,öffentlich,"49,630477","7,815351",772991000,0.1,0.18212389380530972,0.5854867256637167,0
5995,112,57,0.5089285714285714,0,Nardini Klinikum St. Johannis,251,Rheinland-Pfalz,0,Nardini Klinikum GmbH,freigemeinnützig,"49,399","7,581995",772426000,0.0,0.4203187250996016,0.8662948207171316,0
5996,78,61,0.782051282051282,1,Nardini Klinikum St. Elisabeth Zweibrücken,297,Rheinland-Pfalz,0,Nardini Klinikum GmbH,freigemeinnützig,"49,246426","7,363771",772427000,0.015873015873015872,0.2607070707070707,0.6632323232323233,0
5998,2,2,1.0,1,Pfalzklinikum AdöR/Standort Rockenhausen,74,Rheinland-Pfalz,0,Pfalzklinikum AdöR,öffentlich,"49,630518","7,81529",771863000,0.375,0.28986486486486485,0.6814864864864865,0
5999,2,2,1.0,1,Pfalzklinikum AdöR - Standort Kaiserslautern,97,Rheinland-Pfalz,0,Pfalzklinikum AdöR,öffentlich,"49,438606","7,753738",771864000,0.0,0.26082474226804125,0.725979381443299,0
6000,5,4,0.8,1,Pfalzklinikum AdöR/Standort Klingenmünster,247,Rheinland-Pfalz,0,Pfalzklinikum AdöR,öffentlich,"49,150291","8,014369",772007000,0.41379310344827586,0.34866396761133606,1.3335222672064777,0
6001,54,23,0.42592592592592593,0,Heilig-Geist-Hospital Bingen gGmbH,132,Rheinland-Pfalz,0,Heilig-Geist-Hospital Bingen gGmbH,freigemeinnützig,"49,968142","7,896953",773030000,0.76,0.44742424242424245,1.0368181818181819,0
6004,2,2,1.0,1,BioMed-Klinik Betriebs-GmbH,100,Rheinland-Pfalz,0,BioMed-Klinik Betriebs-GmbH,privat,"49,094962","7,988937",771560000,0.5,0.10629999999999999,0.3187,0
6006,96,76,0.7916666666666666,1,Asklepios Südpfalzklinik Kandel,178,Rheinland-Pfalz,0,Asklepios Kliniken Verwaltungsgesellschaft mbH,privat,"49,086095","8,200445",773152000,0.46875,0.5518539325842697,1.2470786516853931,1
6007,67,19,0.2835820895522388,0,Asklepios Südpfalzklinik Germersheim,130,Rheinland-Pfalz,0,Asklepios Kliniken Verwaltungsgesellschaft mbH,privat,"49,219964","8,365733",773153000,1.0,0.21076923076923076,1.155,1
6008,84,72,0.8571428571428571,1,Klinikum Landau-Südliche Weinstraße GmbH,200,Rheinland-Pfalz,0,Klinikum Landau-Südliche Weinstraße GmbH mit den Gesellschaftern der Stadt Landau in der Pfalz und dem Landkreis Südliche Weinstraße,öffentlich,"49,205934","8,103766",771836000,0.9428571428571428,0.39685000000000004,0.6719999999999999,0
6009,59,33,0.559322033898305,0,Klinikum Landau-Südliche Weinstraße GmbH,165,Rheinland-Pfalz,0,Klinikum Landau-Südliche Weinstraße GmbH mit den Gesellschaftern der Stadt Landau in der Pfalz und des Landkreises Südliche Weinstraße,öffentlich,"49,106197","7,999967",771837000,0.9090909090909091,0.323030303030303,0.4818787878787879,0
6010,2,1,0.5,0,Sankt Rochus Kliniken,22,Baden-Württemberg,0,cts Reha GmbH,freigemeinnützig,"49,219761","8,666642",773258000,1.0,0.29045454545454547,1.2254545454545456,0
6012,2,2,1.0,1,Klinik am Doniswald GmbH,18,Baden-Württemberg,0,Klinik am Doniswald GmbH,öffentlich,"48,139478","8,41698",773871000,1.0,0.3222222222222222,0.28555555555555556,0
6013,17,13,0.7647058823529411,0,RKH Orthopädische Klinik Markgröningen gGmbH,209,Baden-Württemberg,0,RKH Orthopädische Klinik Markgröningen gGmbH,öffentlich,"48,908407","9,107439",772030000,0.14864864864864866,0.6604784688995217,1.356267942583732,0
6014,110,70,0.6363636363636364,0,Diakonie-Klinikum Stuttgart,400,Baden-Württemberg,0,Diakonie-Klinikum Stuttgart Diakonissenkrankenhaus und Paulinenhilfe gGmbH,freigemeinnützig,"48,781752","9,163941",773033000,0.6917293233082706,0.860775,1.5132500000000002,0
6015,122,79,0.6475409836065574,0,Marienhospital Stuttgart,761,Baden-Württemberg,0,Vinzenz von Paul Kliniken gGmbH,freigemeinnützig,"48,761255","9,16332",772796000,0.9748953974895398,0.6826018396846255,1.1363206307490146,0
6016,2,2,1.0,1,Charlottenklinik für Augenheilkunde,40,Baden-Württemberg,0,Charlottenklinik für Augenheilkunde,freigemeinnützig,"48,781557","9,162627",771546000,1.0,0.7635,1.6545,0
6017,9,9,1.0,1,Robert-Bosch-Krankenhaus Standort City,150,Baden-Württemberg,0,Robert-Bosch-Krankenhaus GmbH,freigemeinnützig,"48,772118","9,187978",771312000,0.6,0.22333333333333333,0.4726666666666667,1
6018,136,108,0.7941176470588235,1,Robert Bosch Krankenhaus,880,Baden-Württemberg,0,Robert-Bosch-Krankenhaus GmbH,freigemeinnützig,"48,815082","9,186543",772311000,0.49825783972125437,0.6781818181818181,1.0751136363636364,0
6019,2,2,1.0,1,Furtbachkrankenhaus Stuttgart,124,Baden-Württemberg,0,Stiftung Furtbachkrankenhaus Klinik für Psychiatrie und Psychotherapie,freigemeinnützig,"48,770451","9,171801",772826000,0.5714285714285714,0.10161290322580646,0.5753225806451613,0
6020,2,2,1.0,1,Sonnenberg Klinik,102,Baden-Württemberg,0,Sonnenberg Klinik gGmbH,freigemeinnützig,"48,745019","9,14435",771180000,0.13333333333333333,0.23029411764705884,0.30627450980392157,0
6021,79,49,0.620253164556962,0,Krankenhaus Herrenberg,150,Baden-Württemberg,0,Kreiskliniken Böblingen gGmbH,öffentlich,"48,59185","8,874998",771318000,0.7708333333333334,0.5774666666666667,1.2249333333333334,0
6022,90,60,0.6666666666666666,0,Krankenhaus Leonberg,239,Baden-Württemberg,0,Kreiskliniken Böblingen gGmbH,öffentlich,"48,802883","9,000499",771315000,0.6065573770491803,0.5635146443514645,0.9418828451882845,0
6023,127,86,0.6771653543307087,0,Klinikum Esslingen GmbH,677,Baden-Württemberg,0,Stadt Esslingen a.N.,öffentlich,"48,737132","9,326441",771511000,0.518348623853211,0.5571639586410635,0.9666765140324964,0
6024,94,70,0.7446808510638298,0,medius KLINIK OSTFILDERN-RUIT,280,Baden-Württemberg,0,Landkreis Esslingen,öffentlich,"48,741634","9,25438",772696000,0.40869565217391307,0.7251428571428571,1.6876071428571429,0
6025,58,45,0.7758620689655172,1,Die Filderklinik gGmbH,225,Baden-Württemberg,0,Die Filderklinik gGmbH,freigemeinnützig,"48,647648","9,204562",772914000,0.835820895522388,0.5965333333333334,1.3698666666666666,0
6026,102,82,0.803921568627451,1,ALB FILS KLINIKUM GmbH,627,Baden-Württemberg,0,Landkreis Göppingen,öffentlich,"48,690486","9,650622",772384000,0.15517241379310345,0.5449122807017543,1.1131100478468898,0
6027,15,10,0.6666666666666666,0,Fachkrankenhaus Christophsbad Göppingen,539,Baden-Württemberg,0,Christophsbad GmbH &amp; Co. Fachkrankenhaus KG,privat,"48,701291","9,644455",773091000,0.5178571428571429,0.2790538033395176,0.6164935064935065,0
6030,93,71,0.7634408602150538,0,Krankenhaus Bietigheim,413,Baden-Württemberg,0,Kliniken Ludwigsburg-Bietigheim gGmbH,öffentlich,"48,957207","9,135254",772171000,0.13333333333333333,0.49743341404358354,1.0407021791767554,0
6031,127,89,0.7007874015748031,0,Klinikum Ludwigsburg,1006,Baden-Württemberg,0,Kliniken Ludwigsburg-Bietigheim gGmbH,öffentlich,"48,898362","9,203447",772121000,0.2804232804232804,0.5498011928429424,1.3185188866799205,0
6032,22,11,0.5,0,Neurochirurgisches Zentrum Ludwigsburg-Heilbronn /  Standort Heilbronn / Klinikum am Gesundbrunnen,17,Baden-Württemberg,0,Kliniken Ludwigsburg-Bietigheim gGmbH,öffentlich,"49,153173","9,190701",773749000,0.0,0.6411764705882353,1.3670588235294117,0
6033,91,66,0.7252747252747253,0,Rems-Murr-Klinik Schorndorf,248,Baden-Württemberg,0,Rems-Murr-Kliniken gGmbH,öffentlich,"48,797742","9,528851",772813000,0.7096774193548387,0.6474193548387097,1.3393951612903225,0
6034,127,85,0.6692913385826772,0,Rems-Murr-Klinikum Winnenden,667,Baden-Württemberg,0,Rems-Murr-Kliniken gGmbH,öffentlich,"48,870056","9,392343",773028000,0.5412371134020618,0.6444977511244377,1.2178860569715142,0
6035,2,2,1.0,1,ZfP Klinikum Schloß Winnenden Standort Schwäbisch Gmünd,91,Baden-Württemberg,0,Zentrum für Psychiatrie Klinikum Schloß Winnenden,öffentlich,"48,793016","9,803492",772581000,0.6363636363636364,0.2703296703296703,0.48043956043956043,0
6036,2,2,1.0,1,ZfP Klinikum Schloß Winnenden Standort Ellwangen,70,Baden-Württemberg,0,Zentrum für Psychiatrie Klinikum Schloß Winnenden,öffentlich,"48,957244","10,132445",772582000,0.125,0.1501428571428571,0.4564285714285714,0
6037,2,2,1.0,1,ZfP Klinikum Schloß Winnenden Standort Winnenden,428,Baden-Württemberg,0,Zentrum für Psychiatrie Klinikum Schloß Winnenden,öffentlich,"48,872626","9,397553",772583000,0.631578947368421,0.17158878504672898,0.7165654205607477,0
6038,126,88,0.6984126984126984,0,SLK-Kliniken Heilbronn GmbH - Klinikum am Gesundbrunnen,971,Baden-Württemberg,0,SLK-Kliniken Heilbronn GmbH,öffentlich,"49,153964","9,191269",772048000,0.6965811965811965,0.5818228630278064,1.160185375901133,0
6039,2,2,1.0,1,Urologische Klinik am Lerchenberg,17,Baden-Württemberg,0,Urologische Klinik Dr. med. Eberhard Klein GmbH,privat,"49,137256","9,232758",771060000,1.0,0.35294117647058826,0.5,0
6040,6,6,1.0,1,Klinik am Rathenauplatz,12,Baden-Württemberg,0,"Dr. med. Andreas Simpfendörfer, Dr. med .Jürgen Raupp, Dr.med. Corinna Müller, Dr.med.Florian Stumpp",privat,"49,131612","9,219087",772996000,1.0,0.4166666666666667,0.5499999999999999,0
6041,13,11,0.8461538461538461,1,Vulpius Klinik GmbH,117,Baden-Württemberg,0,Vulpius Klinik GmbH,privat,"49,244081","9,092735",771496000,1.0,0.5042735042735043,1.2407692307692308,0
6042,21,10,0.47619047619047616,0,SLK-Kliniken Heilbronn GmbH / Fachklinik Löwenstein,205,Baden-Württemberg,0,SLK-Kliniken Heilbronn GmbH Fachklinik Löwenstein,öffentlich,"49,090185","9,402691",772033000,0.6744186046511628,0.4315609756097561,0.8946341463414634,0
6048,2,2,1.0,1,Klinik für Psychosomatische Medizin,24,Baden-Württemberg,0,Klinikum am Weissenhof,öffentlich,"49,153217","9,190582",771710000,0.75,0.22916666666666666,0.43375,0
6049,2,2,1.0,1,Klinikum am Weissenhof,337,Baden-Württemberg,0,Klinikum am Weissenhof,öffentlich,"49,165539","9,289431",771711000,0.72,0.2526706231454006,1.0978635014836795,0
6050,100,63,0.63,0,Klinikum am Plattenwald,390,Baden-Württemberg,0,SLK-Kliniken Heilbronn GmbH,öffentlich,"49,211829","9,235869",772032000,0.7733333333333333,0.4712051282051282,1.073820512820513,0
6051,64,53,0.828125,1,Hohenloher Krankenhaus gGmbH Standort: Öhringen,205,Baden-Württemberg,0,Hohenloher Krankenhaus GmbH. Mehrheitsgesellschafter ist die BBT Gruppe (Barmherzige Brüder Trier),freigemeinnützig,"49,205361","9,498055",773242000,0.9428571428571428,0.2990731707317073,0.41619512195121955,0
6052,94,69,0.7340425531914894,0,Landkreis Schwäbisch Hall Klinikum gGmbH,185,Baden-Württemberg,0,Landkreis Schwäbisch Hall,öffentlich,"49,135852","10,076624",772436000,0.847457627118644,0.580972972972973,1.3622162162162161,0
6053,127,91,0.7165354330708661,0,Diakonie-Klinikum Schwäbisch Hall gGmbH,492,Baden-Württemberg,0,Diakonie-Klinikum Schwäbisch Hall gGmbH,freigemeinnützig,"49,124632","9,741652",772437000,0.4527027027027027,0.6572154471544716,0.8758739837398373,0
6054,54,37,0.6851851851851852,0,Krankenhaus Tauberbischofsheim,241,Baden-Württemberg,0,Krankenhaus und Heime Main-Tauber GmbH,freigemeinnützig,"49,629249","9,673847",772397000,0.7105263157894737,0.3178838174273859,0.6310788381742739,0
6056,126,92,0.7301587301587301,0,Klinikum Heidenheim gGmbH,569,Baden-Württemberg,0,Landkreis Heidenheim,öffentlich,"48,672888","10,140581",771378000,0.18085106382978725,0.4806854130052724,1.1440597539543056,0
6057,118,83,0.7033898305084746,0,Ostalb-Klinikum Aalen,399,Baden-Württemberg,0,"Ostalbkreis, vertreten durch Herrn Landrat Dr. Joachim Bläse, Stuttgarter Straße 41, 73430 Aalen",öffentlich,"48,848839","10,084306",771469000,0.23863636363636365,0.6999749373433585,0.870250626566416,0
6058,69,40,0.5797101449275363,0,St. Anna-Virngrund-Klinik,242,Baden-Württemberg,0,"Kliniken Ostalb gemeinnützige kAöR; Sitz der Kommunalanstalt: 73430 Aalen, Im Kälblesrain 1, Vorsitzender des Verwaltungsrats: Landrat Dr. Joachim Bläse Vorstand: Christoph Rieß (Vorsitzender ab 02/24), Sylvia Pansow, Thomas Schneider",öffentlich,"48,957404","10,132435",771382000,0.6551724137931034,0.46090909090909093,0.838595041322314,0
6059,102,85,0.8333333333333334,1,Stauferklinikum Schwäbisch Gmünd,402,Baden-Württemberg,0,"Ostalbkreis
vertreten durch Herrn Landrat Dr. Joachim Bläse
Stuttgarter Straße 41
73430 Aalen",öffentlich,"48,819913","9,787353",771470000,0.6808510638297872,0.6772885572139303,1.1397014925373135,0
6060,2,2,1.0,1,Fachklinik Dres. Denzel,31,Baden-Württemberg,0,Dres. Denzel,privat,"49,135627","9,231769",773503000,1.0,0.06451612903225806,0.6258064516129032,0
6061,2,2,1.0,1,Klinikum für Psychiatrie Psychotherapie und Psychosomatik des Rudolf-Sophien-Stifts,29,Baden-Württemberg,0,Evangelische Gesellschaft Stuttgart,,"48,758134","9,127017",771086000,1.0,0.14551724137931032,0.37482758620689655,0
6062,2,2,1.0,1,Diabetes Klinik,155,Baden-Württemberg,0,"Diabetes-Klinik Bad Mergentheim GmbH&Co. KG, Theodor-Klotzbücher-Str. 12, 97980 Bad Mergentheim - Persönlich haftende Gesellschafterin: DK Management GmbH, Sitz Bad Mergentheim, Registergericht Ulm HRB 680883",privat,"49,495938","9,779191",773154000,0.5454545454545454,0.1832258064516129,0.45806451612903226,0
6063,2,2,1.0,1,Psychotherapeutisches Zentrum Kitzberg-Klinik GmbH & Co.KG,55,Baden-Württemberg,0,Psychotherapeutisches Zentrum Kitzberg-Klinik GmbH & Co. KG,privat,"49,495302","9,795829",773695000,0.7058823529411765,0.2581818181818182,0.6599999999999999,0
6064,2,2,1.0,1,Psychiatrie Schwäbisch Hall gGmbH,57,Baden-Württemberg,0,Psychiatrie Schwäbisch Hall gGmbH,freigemeinnützig,"49,108263","9,73212",771290000,1.0,0.16122807017543858,0.5110526315789473,0
6065,56,39,0.6964285714285714,0,medius KLINIK KIRCHHEIM,487,Baden-Württemberg,0,Landkreis  Esslingen,öffentlich,"48,652069","9,442179",772705000,0.6428571428571429,0.2962422997946612,0.9697330595482546,0
6066,72,50,0.6944444444444444,0,medius KLINIK NÜRTINGEN,353,Baden-Württemberg,0,Landkreis  Esslingen,öffentlich,"48,62933","9,356697",772706000,0.4857142857142857,0.6186402266288952,2.130963172804533,0
6067,5,2,0.4,0,Tagesklinik Bernhausen,0,Baden-Württemberg,0,Landkreis Esslingen,öffentlich,"48,678525","9,219438",772707000,0.5,,,0
6068,2,2,1.0,1,Kliniken Schmieder Stuttgart-Gerlingen,228,Baden-Württemberg,0,Kliniken Schmieder (Stiftung &amp; Co) KG,privat,"48,786732","9,074554",772855000,0.5,0.12350877192982457,0.4551315789473684,0
6069,2,1,0.5,0,Kliniken Schmieder Satellitenstation Z2 im Katharinenhospital,23,Baden-Württemberg,0,Kliniken Schmieder (Stiftung &amp; Co) KG,privat,"48,783295","9,171801",772856000,1.0,0.45173913043478264,1.5360869565217394,0
6071,2,2,1.0,1,Klinikum Stuttgart - Behandlungszentrum Mitte (BZM),125,Baden-Württemberg,0,Stadt Stuttgart,öffentlich,"48,791639","9,179045",772785000,0.21428571428571427,0.17439999999999997,0.2064,0
6072,135,86,0.6370370370370371,0,Klinikum Stuttgart - Katharinenhospital (KH),981,Baden-Württemberg,0,Stadt Stuttgart,öffentlich,"48,78328","9,173467",772783000,0.1590909090909091,0.8048929663608563,1.1108053007135577,0
6073,17,13,0.7647058823529411,0,Klinikum Stuttgart - Krankenhaus Bad Cannstatt (KBC),683,Baden-Württemberg,0,Stadt Stuttgart,öffentlich,"48,810555","9,236402",772787000,0.09615384615384616,0.29970717423133236,0.7478770131771595,0
6074,74,54,0.7297297297297297,0,Klinikum Stuttgart - Olgahospital / Frauenklinik (OH/FK),399,Baden-Württemberg,0,Stadt Stuttgart,öffentlich,"48,783203","9,173708",772786000,0.19327731092436976,0.8726817042606516,1.4025062656641605,0
6075,57,48,0.8421052631578947,1,Karl-Olga-Krankenhaus GmbH,355,Baden-Württemberg,0,"Sana Kliniken AG (74%), Diakonissenmutterhaus der Olgaschwestern in Stuttgart e.V. (26%)",privat,"48,789274","9,203697",771298000,0.6808510638297872,0.4442535211267606,0.7385915492957748,0
6076,96,51,0.53125,0,Kliniken Sindelfingen,434,Baden-Württemberg,0,Kreiskliniken Böblingen gGmbH,öffentlich,"48,715365","9,023957",771313000,0.4716981132075472,0.5790092165898617,1.1531566820276498,0
6078,53,42,0.7924528301886793,1,Kliniken Böblingen,335,Baden-Württemberg,0,Kreiskliniken Böblingen gGmbH,öffentlich,"48,690314","9,03298",771314000,0.3953488372093023,0.5433432835820896,1.2985373134328357,0
6079,51,35,0.6862745098039216,0,St. Anna-Klinik,85,Baden-Württemberg,0,St. Anna gGmbH,freigemeinnützig,"48,807102","9,230177",772571000,,0.32941176470588235,0.8076470588235295,0
6080,127,83,0.6535433070866141,0,Caritas-Krankenhaus Bad Mergentheim,434,Baden-Württemberg,0,Caritas-Krankenhaus Bad Mergentheim gGmbH,freigemeinnützig,"49,490776","9,76312",772383000,0.7314814814814815,0.5475576036866359,0.9430875576036867,0
6081,24,17,0.7083333333333334,0,Waiblinger Zentralklinik,15,Baden-Württemberg,0,Waiblinger Zentralklinik,privat,"48,830564","9,314147",773720000,,0.6,3.175333333333333,0
6082,94,79,0.8404255319148937,1,Klinikum Mittelbaden Baden-Baden Balg,336,Baden-Württemberg,0,Klinikum Mittelbaden gGmbH,öffentlich,"48,784712","8,216415",772902000,0.6822429906542056,0.7617559523809524,1.3186309523809523,0
6083,26,17,0.6538461538461539,0,Klinikum Mittelbaden Bühl ,114,Baden-Württemberg,0,Klinikum Mittelbaden gGmbH,öffentlich,"48,685101","8,140755",772903000,0.8292682926829268,0.5213157894736842,1.1394736842105264,0
6084,2,2,1.0,1,ACURA Kliniken Baden-Baden GmbH,155,Baden-Württemberg,0,German Business und Investment,privat,"48,764158","8,246852",772732000,,0.19574193548387098,0.2888387096774193,0
6085,2,2,1.0,1,MEDIAN Klinik Gunzenbachhof Baden-Baden,80,Baden-Württemberg,0,MEDIAN Oberrheinische Kliniken GmbH &amp; Co. KG,privat,"48,748547","8,244026",771788000,0.16666666666666666,0.2855,0.6602500000000001,1
6086,127,90,0.7086614173228346,0,Städtisches Klinikum Karlsruhe gGmbH,1596,Baden-Württemberg,0,Städtisches Klinikum Karlsruhe gGmbH,öffentlich,"49,017178","8,373054",772143000,0.5258964143426295,0.5452005012531328,1.0262719298245613,0
6087,61,41,0.6721311475409836,0,Diakonissenkrankenhaus ,253,Baden-Württemberg,0,Vincentius-Diakonissen-Kliniken gAG,freigemeinnützig,"48,972141","8,409468",771801000,0.5074626865671642,0.6710276679841898,0.6563636363636364,0
6088,136,87,0.6397058823529411,0,St. Vincentius Kliniken ,747,Baden-Württemberg,0,Vincentius-Diakonissen-Kliniken gAG,freigemeinnützig,"48,999769","8,379482",771802000,0.481981981981982,0.6420883534136546,1.0818206157965193,0
6089,91,80,0.8791208791208791,1,Fürst-Stirum-Klinik Bruchsal,395,Baden-Württemberg,0,Kliniken Landkreis Karlsruhe gGmbH,öffentlich,"49,132337","8,603484",772071000,0.13924050632911392,0.5055443037974684,0.9833417721518988,0
6090,66,51,0.7727272727272727,1,Rechbergklinik Bretten,120,Baden-Württemberg,0,Landkreis Karlsruhe,öffentlich,"49,033678","8,695704",772173000,0.14285714285714285,0.537,1.20675,0
6091,61,52,0.8524590163934426,1,SRH Klinikum Karlsbad-Langensteinbach GmbH,425,Baden-Württemberg,0,SRH Gesundheit,privat,"48,904304","8,502052",771604000,0.725,0.35084705882352946,0.7626588235294117,1
6092,75,55,0.7333333333333333,0,Klinikum Mittelbaden Rastatt,246,Baden-Württemberg,0,Klinikum Mittelbaden gGmbH,öffentlich,"48,861438","8,205321",772905000,0.6865671641791045,0.5234959349593497,1.2015040650406503,0
6094,2,2,1.0,1,Universitätsklinikum Heidelberg - Zentrum für Psychosoziale Medizin,226,Baden-Württemberg,1,Universitätsklinikum Heidelberg,öffentlich,"49,4095","8,685673",773320000,0.43478260869565216,0.4389380530973451,0.9038053097345132,1
6095,152,134,0.881578947368421,1,Universitätsklinikum Heidelberg: Campus,1277,Baden-Württemberg,1,Universitätsklinikum Heidelberg,öffentlich,"49,415521","8,666355",771700000,0.5693251533742332,1.7128191072826937,1.7736335160532497,1
6096,40,27,0.675,0,UKHD: Zentrum für Orthopädie Unfallchirurgie und Paraplegiologie,187,Baden-Württemberg,1,Universitätsklinikum Heidelberg,öffentlich,"49,409261","8,773268",773321000,0.52,0.7174331550802139,1.5731016042780746,1
6097,5,4,0.8,1,Krankenhaus St. Vincentius der Evang. Stadtmission Heidelberg gGmbH Klinik für Innere Medizin,84,Baden-Württemberg,0,St. Vincentius der Evangelischen Stadtmission Heidelberg gGmbH,freigemeinnützig,"49,412012","8,697676",771697000,0.35714285714285715,0.3444047619047619,0.9238095238095237,0
6098,85,65,0.7647058823529411,0,St. Josefskrankenhaus Heidelberg GmbH,249,Baden-Württemberg,0,Artemed SE,privat,"49,402643","8,688714",771138000,0.8064516129032258,0.4981124497991967,0.7557831325301205,0
6099,46,36,0.782608695652174,1,Krankenhaus Salem derEvang. Stadtmission Heidelberg gGmbH,238,Baden-Württemberg,0,Trägergesellschaft Evangelische Stadtmission Heidelberg gGmbH,freigemeinnützig,"49,423502","8,684421",771242000,0.7241379310344828,0.42798319327731094,1.040966386554622,0
6100,28,25,0.8928571428571429,1,Klinik Sankt Elisabeth GmbH,40,Baden-Württemberg,0,"Klinik Sankt Elisbeth GmbH, Heidelberg",privat,"49,421239","8,682239",773704000,0.8275862068965517,1.2377500000000001,2.1825,0
6101,14,7,0.5,0,SRH Kurpfalzkrankenhaus Heidelberg GmbH,94,Baden-Württemberg,0,SRH Gesundheit GmbH,freigemeinnützig,"49,413577","8,653808",773569000,1.0,0.36542553191489363,1.2327659574468084,1
6102,76,54,0.7105263157894737,0,Theresienkrankenhaus und Diako gGmbH Standort Diako Mannheim,407,Baden-Württemberg,0,"
Barmherzige Brüder Trier gGmbH
",freigemeinnützig,"49,464373","8,471256",771219000,0.782608695652174,0.3432186732186732,0.9978624078624079,0
6103,152,99,0.6513157894736842,0,Universitätsklinikum Mannheim GmbH,1352,Baden-Württemberg,1,Universitätsklinikum Mannheim GmbH,öffentlich,"49,491427","8,487168",772389000,0.6590038314176245,0.7345414201183432,1.1477588757396449,1
6104,100,59,0.59,0,Theresienkrankenhaus und Diako gGmbH Standort Theresienkrankenhaus,530,Baden-Württemberg,0,Barmherzige Brüder Trier gGmbH,freigemeinnützig,"49,489248","8,482152",772977000,0.6779661016949152,0.4559433962264151,1.1372264150943394,0
6105,2,2,1.0,1,Zentralinstitut für Seelische Gesundheit (ZI),400,Baden-Württemberg,1,Zentralinstitut für Seelische Gesundheit,öffentlich,"49,492007","8,465255",772774000,0.24107142857142858,0.303,0.69075,0
6106,55,37,0.6727272727272727,0,QSB-BCH 2023,195,Baden-Württemberg,0,"Neckar-Odenwald-Kreis
Neckarelzer Str. 7
74821 Mosbach
",öffentlich,"49,524353","9,308267",772039000,0.7692307692307693,0.40174358974358976,1.000051282051282,0
6107,33,23,0.696969696969697,0,Krankenhaus Hardheim,51,Baden-Württemberg,0,Krankenhausverband Hardheim-Walldürn,öffentlich,"49,611469","9,470789",772349000,1.0,0.13725490196078433,0.6576470588235294,0
6108,54,38,0.7037037037037037,0,QSB-Mos 2023,182,Baden-Württemberg,0,"Neckar-Odenwald-Kreis
Neckarelzer Str. 7
74821 Mosbach",öffentlich,"49,356089","9,153086",772040000,0.8928571428571429,0.39895604395604395,1.0668131868131867,0
6109,64,48,0.75,0,GRN Gesundheitszentren Rhein-Neckar gGmbH Kreiskrankenhaus Eberbach,130,Baden-Württemberg,0,GRN Gesundheitszentren Rhein-Neckar gGmbH,öffentlich,"49,463377","8,990471",771952000,0.4166666666666667,0.5464615384615384,0.9296153846153847,0
6110,94,75,0.7978723404255319,1,GRN-Klinik Schwetzingen,277,Baden-Württemberg,0,GRN Gesundheitszentren Rhein-Neckar gGmbH,öffentlich,"49,378075","8,570155",771953000,0.0,0.5644043321299639,1.212129963898917,0
6111,82,57,0.6951219512195121,0,GRN-Klinik Sinsheim,235,Baden-Württemberg,0,GRN Gesundheitszentren Rhein-Neckar gGmbH,öffentlich,"49,251958","8,890484",771951000,0.1956521739130435,0.579404255319149,1.6958297872340424,0
6112,2,2,1.0,1,Psychiatrisches Zentrum Nordbaden,608,Baden-Württemberg,0,Psychiatrisches Zentrum Nordbaden; Anstalt des öffentlichen Rechts,öffentlich,"49,30389","8,705351",772667000,0.6346153846153846,0.1534046052631579,0.8246874999999999,0
6113,2,2,1.0,1,Zentrum für Psychische Gesundheit Bruchsal,40,Baden-Württemberg,0,Psychiatrisches Zentrum Nordbaden; Anstalt des öffentlichen Rechts,öffentlich,"49,134126","8,602818",772668000,0.5714285714285714,0.16999999999999998,0.5845,0
6114,2,2,1.0,1,Zentrum für Psychische Gesundheit Weinheim,53,Baden-Württemberg,0,Psychiatrisches Zentrum Nordbaden; Anstalt des öffentlichen Rechts,öffentlich,"49,550058","8,645804",772669000,0.45454545454545453,0.2147169811320755,0.5364150943396226,0
6115,2,2,1.0,1,Zentrum für Psychische Gesundheit Schwetzingen,39,Baden-Württemberg,0,Psychiatrisches Zentrum Nordbaden; Anstalt des öffentlichen Rechts,öffentlich,"49,377927","8,569367",772670000,0.8333333333333334,0.24256410256410255,0.4174358974358975,0
6116,2,2,1.0,1,Zentrum für Psychische Gesundheit Neckar-Odenwald,42,Baden-Württemberg,0,Psychiatrisches Zentrum Nordbaden; Anstalt des öffentlichen Rechts,öffentlich,"49,355631","9,152815",772809000,1.0,0.18619047619047618,0.40214285714285714,0
6117,127,88,0.6929133858267716,0,Helios Klinikum Pforzheim GmbH ,500,Baden-Württemberg,0,Helios Klinikum Pforzheim GmbH,privat,"48,888559","8,711673",773169000,0.7578125,0.4942,1.1438,1
6118,101,78,0.7722772277227723,1,Siloah St. Trudpert Klinikum,499,Baden-Württemberg,0,Evangelischer Diakonissenverein Siloah,freigemeinnützig,"48,897419","8,672685",771417000,0.74,0.48406813627254514,1.054188376753507,0
6119,9,4,0.4444444444444444,0,Paracelsus Krankenhaus,65,Baden-Württemberg,0,Paracelsus Krankenhaus Unterlengenhardt e.V.,freigemeinnützig,"48,781874","8,723368",773615000,0.8333333333333334,0.2752307692307692,0.604,0
6120,2,1,0.5,0,Zentrum für Psychiatrie Calw – Klinikum Nordschwarzwald,341,Baden-Württemberg,0,"Zentrum für Psychiatrie Calw - Klinikum Nordschwarzwald, Anstalt des öffentlichen Rechts",öffentlich,"48,746244","8,712945",771475000,0.6896551724137931,0.1995601173020528,0.4809384164222874,0
6121,2,2,1.0,1,Klinik für Psychosomatische Medizin & Psychotherapie Leonberg,35,Baden-Württemberg,0,"Zentrum für Psychiatrie Calw - Klinikum Nordschwarzwald, Anstalt des öffentlichen Rechts",öffentlich,"48,802616","9,000417",771476000,0.6666666666666666,0.14285714285714285,0.326,0
6122,2,2,1.0,1,Psychiatrisches Behandlungszentrum Böblingen,163,Baden-Württemberg,0,"Zentrum für Psychiatrie Calw - Klinikum Nordschwarzwald, Anstalt des öffentlichen Rechts",öffentlich,"48,690315","9,032978",771477000,0.9047619047619048,0.17484662576687116,0.44092024539877295,0
6124,2,2,1.0,1,Dr. Römer Kliniken - Akutklinik,48,Baden-Württemberg,0,Dr. Römer Kliniken GmbH,privat,"48,736194","8,732177",773409000,0.16666666666666666,0.11291666666666667,0.26125,0
6125,91,64,0.7032967032967034,0,Kreiskliniken Calw,199,Baden-Württemberg,0,Kreiskliniken Calw gGmbH,öffentlich,"48,715237","8,745197",771316000,0.425531914893617,0.5490954773869346,1.1636180904522613,0
6126,66,51,0.7727272727272727,1,Kliniken Nagold,227,Baden-Württemberg,0,Kreiskliniken Calw gGmbH,öffentlich,"48,541709","8,722036",771317000,0.21666666666666667,0.5243612334801763,1.1297356828193832,0
6127,2,2,1.0,1,Rommel-Klinik GmbH,70,Baden-Württemberg,0,Rommel-Klinik GmbH,privat,"48,747764","8,545683",773663000,0.46153846153846156,0.21714285714285714,0.39299999999999996,0
6128,86,64,0.7441860465116279,0,Krankenhaus Mühlacker,170,Baden-Württemberg,0,Enzkreis,öffentlich,"48,950588","8,860213",771995000,0.11764705882352941,0.49623529411764705,1.4011764705882352,0
6129,42,31,0.7380952380952381,0,Krankenhaus Neuenbürg,82,Baden-Württemberg,0,Enzkreis,öffentlich,"48,852759","8,588636",771996000,0.038461538461538464,0.567560975609756,1.4623170731707316,0
6130,5,3,0.6,0,Klinik Öschelbronn,66,Baden-Württemberg,0,Klinik Öschelbronn gemeinnützige GmbH,freigemeinnützig,"48,902789","8,825218",773824000,0.8333333333333334,0.24469696969696966,0.953030303030303,0
6131,2,2,1.0,1,Neurologische Klinik Selzer GmbH,115,Baden-Württemberg,0,Neurologische Klinik Selzer GmbH,privat,"48,611088","8,363879",771069000,0.8333333333333334,0.10695652173913044,0.27652173913043476,0
6132,101,71,0.7029702970297029,0,Klinikum Freudenstadt,343,Baden-Württemberg,0,Krankenhäuser Landkreis Freudenstadt gGmbH,öffentlich,"48,477463","8,405019",773536000,0.5,0.5373760932944606,0.9280466472303207,0
6133,17,13,0.7647058823529411,0,Nierenzentrum Heidelberg e.V.,53,Baden-Württemberg,0,Nierenzentrum Heidelberg e.V.,freigemeinnützig,"49,414213","8,665908",773721000,0.0,0.7743396226415095,1.800754716981132,0
6134,2,2,1.0,1,Klinik für Kinderneurologie und Sozialpädiatrie Kinderzentrum Maulbronn gGmbH,51,Baden-Württemberg,0,Kinderzentrum Maulbronn gGmbH und Kinderzentrum Maulbronn e.V.,freigemeinnützig,"49,000452","8,800637",771268000,0.5185185185185185,0.4615686274509804,0.7909803921568628,0
6135,94,74,0.7872340425531915,1,GRN-Klinik Weinheim,220,Baden-Württemberg,0,GRN Gesundheitszentren Rhein-Neckar gGmbH,öffentlich,"49,549708","8,645037",771954000,0.375,0.5728636363636364,1.6742272727272727,0
6136,76,51,0.6710526315789473,0,HELIOS Klinik für Herzchirurgie Karlsruhe ,89,Baden-Württemberg,0,HELIOS Klinik für Herzchirurgie Karlsruhe GmbH,privat,"49,018093","8,375674",772131000,0.9047619047619048,0.8224719101123595,1.6235955056179776,1
6137,10,2,0.2,0,Kinderklinik Schömberg gGmbH,62,Baden-Württemberg,0,Reha-Südwest für Behinderte gGmbH,privat,"48,791917","8,647414",772366000,0.5714285714285714,0.18983870967741934,0.8998387096774194,0
6138,2,1,0.5,0,Kliniken Schmieder Heidelberg,113,Baden-Württemberg,0,Kliniken Schmieder Heidelberg GmbH,privat,"49,395416","8,708987",772703000,1.0,0.32212389380530976,1.3183185840707965,0
6139,13,13,1.0,1,ARCUS Klinik Pforzheim,107,Baden-Württemberg,0,R + E ARCUS Klinik GmbH ,privat,"48,89792","8,665266",771682000,1.0,0.5651401869158879,1.0334579439252338,0
6140,5,5,1.0,1,AGAPLESION BETHANIEN KRANKENHAUS HEIDELBERG ,105,Baden-Württemberg,0,AGAPLESION BETHANIEN KRANKENHAUS HEIDELBERG gemeinnützige GmbH,freigemeinnützig,"49,391808","8,691166",771204000,0.5714285714285714,0.2277142857142857,0.5624761904761905,1
6141,5,5,1.0,1,Diakonie-Klinik Mosbach,109,Baden-Württemberg,0,Johannes-Diakonie-Mosbach,freigemeinnützig,"49,362356","9,152002",771413000,0.0,0.22275229357798162,0.516697247706422,0
6143,2,1,0.5,0,MEDICLIN Reha-Zentrum Gernsbach,38,Baden-Württemberg,0,Rehabilitationszentrum Gernsbach / Schwarzwald GmbH & Co. KG,privat,"48,765614","8,325954",773070000,0.5,0.2552631578947368,0.5421052631578948,1
6144,46,37,0.8043478260869565,1,Ev. Diakoniekrankenhaus,175,Baden-Württemberg,0,Evangelisches Diakoniekrankenhaus Freiburg i. Br.,freigemeinnützig,"48,023887","7,815443",771430000,0.782608695652174,0.6822857142857143,1.399142857142857,0
6145,39,31,0.7948717948717948,1,Loretto-Krankenhaus,206,Baden-Württemberg,0,Artemed Kliniken Freiburg (AKF) gGmbH,privat,"47,983256","7,840718",771467000,0.1111111111111111,0.6489320388349515,0.976504854368932,0
6146,93,76,0.8172043010752689,1,St Josefskrankenhaus,282,Baden-Württemberg,0,Artemed Kliniken Freiburg (AKF) gGmbH,privat,"48,001809","7,851978",771473000,0.07272727272727272,1.1808510638297873,1.1550354609929079,0
6147,13,9,0.6923076923076923,0,Klinik Dr. Becker gGmbH,30,Baden-Württemberg,0,DRK Blutspendedienst Baden-Würrtemberg/ Hessen,privat,"47,918494","7,702128",772910000,0.0,0.5526666666666666,0.5026666666666667,0
6148,5,5,1.0,1,AMEOS Klinikum Kaiserstuhl,55,Baden-Württemberg,0,AMEOS Krankenhausgesellschaft Baden mbH,privat,"48,104603","7,631811",772444000,0.0,0.28327272727272723,0.41672727272727267,1
6149,20,18,0.9,1,HELIOS Rosmann Klinik Breisach,123,Baden-Württemberg,0,HELIOS Kliniken Breisgau-Hochschwarzwald GmbH,privat,"48,030879","7,586284",771819000,0.125,0.3894308943089431,0.6845528455284552,1
6150,2,2,1.0,1,Friedrich-Husemann-Klinik,103,Baden-Württemberg,0,Zentrum für anthroposophische Psychiatrie e. V.,freigemeinnützig,"47,968624","7,996745",771394000,0.6363636363636364,0.2136893203883495,0.5022330097087379,0
6151,58,48,0.8275862068965517,1,HELIOS Klinik Titisee-Neustadt,151,Baden-Württemberg,0,Helios Kliniken Breisgau-Hochschwarzwald GmbH,privat,"47,925955","8,187233",771820000,0.7317073170731707,0.5331125827814569,1.0072847682119206,1
6153,2,2,1.0,1,BDH-Klinik Elzach gGmbH,222,Baden-Württemberg,0,BDH Bundesverband Rehabilitation e.V. Bonn,freigemeinnützig,"48,174583","8,080041",772132000,0.8333333333333334,0.11036036036036036,1.0439189189189189,0
6154,62,55,0.8870967741935484,1,Kreiskrankenhaus Emmendingen,263,Baden-Württemberg,0,Landkreis Emmendingen,öffentlich,"48,125474","7,855669",773126000,0.8409090909090909,0.45395437262357413,0.9539543726235741,0
6155,2,2,1.0,1,Zentrum für Psychiatrie Emmendingen,496,Baden-Württemberg,0,Zentrum für Psychiatrie Emmendingen,öffentlich,"48,114392","7,869029",771383000,0.7959183673469388,0.2365725806451613,0.7427016129032258,0
6158,29,21,0.7241379310344828,0,BDH-Klinik Waldkirch gGmbH,101,Baden-Württemberg,0,BDH Bundesverband Rehabilitation e.V.,freigemeinnützig,"48,098081","7,952544",773468000,0.9090909090909091,0.39732673267326735,0.70990099009901,0
6159,2,2,1.0,1,MEDIAN Franz-Alexander-Klinik Nordrach,34,Baden-Württemberg,0,"MEDIAN Oberrheinische Kliniken GmbH &amp; Co. KG, Berlin",privat,"48,399827","8,082278",773502000,0.9,0.22647058823529412,0.28970588235294115,1
6160,2,2,1.0,1,MEDIAN Achertal-Klinik Ottenhöfen,69,Baden-Württemberg,0,MEDIAN Oberrheinische Kliniken GmbH &amp; Co. KG,privat,"48,565604","8,155235",771786000,1.0,0.3130434782608696,0.7163768115942027,1
6162,2,2,1.0,1,Parkinson Klinik Ortenau,61,Baden-Württemberg,0,"Heiko Stegelitz

77709 Wolfach",privat,"48,293009","8,217724",773362000,1.0,0.21311475409836064,0.5032786885245901,0
6163,24,21,0.875,1,SRH Krankenhaus Oberndorf a.N.,120,Baden-Württemberg,0,SRH Kliniken GmbH,privat,"48,296194","8,578819",773281000,1.0,0.3794166666666667,0.7551666666666665,1
6164,85,61,0.7176470588235294,0,Helios Klinik Rottweil,275,Baden-Württemberg,0,Helios Klinik Rottweil GmbH,privat,"48,165042","8,612276",771543000,0.5833333333333334,0.33345454545454545,0.5826545454545454,1
6165,2,2,1.0,1,Vinzenz von Paul Hospital gGmbH,467,Baden-Württemberg,0,Genossenschaft der Barmherzigen Schwestern vom heiligen Vinzenz von Paul in Untermarchtal e.V.,freigemeinnützig,"48,152066","8,635858",772923000,0.6896551724137931,0.19167023554603854,0.7684796573875803,0
6166,2,2,1.0,1,MEDIAN Klinik St. Georg Bad Dürrheim,116,Baden-Württemberg,0,"MEDIAN Oberrheinische Kliniken GmbH &amp; Co. KG, Berlin",privat,"48,016581","8,541866",773175000,1.0,0.11620689655172414,0.19094827586206894,1
6167,16,11,0.6875,0,Schwarzwald-Baar Klinikum Villingen-Schwenningen GmbH,221,Baden-Württemberg,0,Schwarzwald-Baar Klinikum Villingen-Schwenningen GmbH,öffentlich,"47,955672","8,480151",773573000,0.525,0.36610859728506784,0.5965158371040724,0
6170,127,84,0.6614173228346457,0,Schwarzwald-Baar Klinikum Villingen-Schwenningen GmbH,826,Baden-Württemberg,0,Schwarzwald-Baar Klinikum Villingen-Schwenningen GmbH,öffentlich,"48,065173","8,499393",773574000,0.4230769230769231,0.6443220338983051,0.8642251815980629,0
6171,2,2,1.0,1,ZfP Reichenau Satellit Waldshut,40,Baden-Württemberg,0,Zentrum für Psychiatrie Reichenau,öffentlich,"47,62298","8,206401",772423000,0.5,0.298,0.836,0
6172,2,2,1.0,1,Zentrum für Psychiatrie Krankenhaus Reichenau,253,Baden-Württemberg,0,Zentrum für Psychiatrie Reichenau,öffentlich,"47,694725","9,123677",772424000,0.6428571428571429,0.265098814229249,0.8197628458498024,0
6174,100,87,0.87,1,Klinikum Konstanz,380,Baden-Württemberg,0,Gesundheitsverbund Landkreis Konstanz (GLKN) gGmbH,öffentlich,"47,671435","9,188467",772585000,0.7155172413793104,0.6203947368421052,1.149236842105263,0
6175,100,79,0.79,1,Hegau-Bodensee-Klinikum Singen,448,Baden-Württemberg,0,Gesundheitsverbund Landkreis Konstanz (GLKN) gGmbH,öffentlich,"47,759761","8,821524",773017000,0.624,0.6927678571428572,1.3348437499999999,0
6176,33,25,0.7575757575757576,0,Krankenhaus Stockach,55,Baden-Württemberg,0,Krankenhaus Stockach GmbH,öffentlich,"47,853307","9,009405",772263000,1.0,0.5972727272727273,0.9558181818181818,0
6177,2,2,1.0,1,MediClin Seidelklinik,63,Baden-Württemberg,0,"MediClin GmbH & Co.KG, Zweigniederlassung Bad Bellingen",privat,"47,732476","7,554489",773012000,1.0,0.24984126984126984,0.276984126984127,1
6178,63,54,0.8571428571428571,1,Kreiskrankenhaus Lörrach,324,Baden-Württemberg,0,Landkreis Lörrach,öffentlich,"47,614408","7,659098",772148000,0.43023255813953487,0.5716358024691358,1.1485185185185185,0
6179,25,17,0.68,0,Kreiskrankenhaus Rheinfelden,122,Baden-Württemberg,0,Landkreis Lörrach,öffentlich,"47,579648","7,784926",772149000,0.4444444444444444,0.28475409836065574,0.6367213114754098,0
6180,14,13,0.9285714285714286,1,Kreiskrankenhaus Schopfheim,101,Baden-Württemberg,0,Landkreis Lörrach,öffentlich,"47,646743","7,823019",772150000,0.6666666666666666,0.3462376237623762,0.9488118811881188,0
6183,55,45,0.8181818181818182,1,St. Elisabethen-Krankenhaus Lörrach,195,Baden-Württemberg,0,St. Elisabethen-Krankenhaus gGmbH,freigemeinnützig,"47,617565","7,665106",772154000,0.7674418604651163,0.5521025641025641,0.9955897435897436,0
6184,90,64,0.7111111111111111,0,Klinikum Hochrhein,303,Baden-Württemberg,0,Landkreis Waldshut,öffentlich,"47,622574","8,207641",771416000,0.4915254237288136,0.49165016501650166,0.7641914191419142,0
6185,2,2,1.0,1,Epilepsiezentrum Kork,121,Baden-Württemberg,0,Diakonie Kork,freigemeinnützig,"48,565455","7,865773",771568000,0.32,0.37165289256198347,0.8264462809917356,0
6186,96,74,0.7708333333333334,1,Universitäts-Herzzentrum Freiburg - Bad Krozingen,295,Baden-Württemberg,1,Land Baden-Württemberg,öffentlich,"47,907658","7,700529",773318000,0.1262135922330097,0.8059999999999999,1.4841694915254238,1
6187,2,2,1.0,1,Klinik für Dermatologie und Venerologie,62,Baden-Württemberg,1,Land Baden-Württemberg,öffentlich,"48,005245","7,859235",773658000,0.2857142857142857,0.725483870967742,1.0158064516129033,1
6188,2,2,1.0,1,Kliniken Schmieder Allensbach,146,Baden-Württemberg,0,Kliniken Schmieder (Stiftung &amp; Co) KG,privat,"47,715495","9,082811",772852000,1.0,0.3232191780821918,0.9082876712328766,0
6189,165,140,0.8484848484848485,1,Universitätsklinikum Freiburg,1693,Baden-Württemberg,1,Land Baden-Württemberg,öffentlich,"48,005245","7,839341",773657000,0.20413122721749696,1.1424040165386886,1.6190431187241583,1
6190,2,2,1.0,1,Klinik in der Zarten GmbH,60,Baden-Württemberg,0,Klinik in der Zarten GmbH,privat,"47,900517","8,105857",773743000,0.5,0.16666666666666666,0.18333333333333332,0
6191,2,2,1.0,1,Hans Carossa Klinik Stühlingen,36,Baden-Württemberg,0,"Klinik für Psychiatrie, Psychosomatik und Psychotherapeutische Medizin Stühlingen GmbH",privat,"47,745317","8,447069",773178000,0.8,0.25,0.16499999999999998,0
6192,2,2,1.0,1,Luisenklinik,54,Baden-Württemberg,0,Luisenklinik Zentrum für Verhaltensmedizin und Gesundheitsforschung AG (GVG AG),privat,"48,013043","8,544708",773156000,0.0,0.26555555555555554,0.34703703703703703,0
6193,75,54,0.72,0,MediClin Herzzentrum Lahr/Baden,75,Baden-Württemberg,0,Herzzentrum Lahr/Baden GmbH & Co. KG,privat,"48,339887","7,890856",771190000,0.1702127659574468,1.1308,2.0489333333333333,1
6194,74,41,0.5540540540540541,0,Herz-Zentrum Bodensee,30,Baden-Württemberg,0,Herz-Zentrum Bodensee GmbH,privat,"47,671733","9,185561",772963000,0.6666666666666666,1.3533333333333333,2.4636666666666667,0
6195,48,44,0.9166666666666666,1,HELIOS Klinik Müllheim,150,Baden-Württemberg,0,HELIOS Kliniken Breisgau-Hochschwarzwald GmbH,privat,"47,811939","7,63511",771975000,0.8,0.5106666666666666,1.11,1
6196,2,2,1.0,1,MediClin Klinik an der Lindenhöhe,139,Baden-Württemberg,0,"MediClin GmbH & Co. KG, Zweigniederlassung Offenburg",privat,"48,479643","7,955964",772617000,0.0,0.2333093525179856,0.5876258992805755,1
6199,2,2,1.0,1,Werner-Schwidder-Klinik,61,Baden-Württemberg,0,Schwarzwaldklinik Bad Krozingen KG Reha Grundstücksgesellschaft mbH & Co. Sitz Berlin,privat,"47,923137","7,688702",773651000,0.1875,0.2595081967213115,0.22508196721311477,0
6200,2,2,1.0,1,Luisenklinik PMP,38,Baden-Württemberg,0,Luisenklinik Zentrum für Verhaltensmedizin,privat,"48,013013","8,54375",773406000,0.0,0.28526315789473683,0.30289473684210527,0
6201,2,2,1.0,1,Thure von Uexkuell Klinik,37,Baden-Württemberg,0,Kur und Reha Klinik GmbH,freigemeinnützig,"48,054856","7,963974",771969000,0.0,0.35405405405405405,0.20810810810810812,0
6205,82,65,0.7926829268292683,1,Klinikum Landkreis Tuttlingen,325,Baden-Württemberg,0,Klinikum Landkreis Tuttlingen gGmbH,öffentlich,"47,98454","8,831135",771355000,0.9076923076923077,0.43624615384615384,0.8009846153846154,0
6206,47,36,0.7659574468085106,0,Ortenau  Klinikum Wolfach,80,Baden-Württemberg,0,Ortenaukreis,öffentlich,"48,303128","8,222654",772791000,0.75,0.517,1.2226249999999999,0
6207,72,57,0.7916666666666666,1,Ortenau Klinikum Achern,240,Baden-Württemberg,0,Ortenaukreis,öffentlich,"48,62526","8,067199",772210000,0.7407407407407407,0.42512500000000003,1.1255,0
6208,101,83,0.8217821782178217,1,Ortenau Klinikum Lahr,431,Baden-Württemberg,0,Ortenaukreis,öffentlich,"48,344162","7,886036",771962000,0.6029411764705882,0.6774709976798144,1.1968909512761021,0
6209,101,78,0.7722772277227723,1,Ortenau Klinikum Offenburg-Kehl Standort Offenburg,624,Baden-Württemberg,0,Ortenaukreis,öffentlich,"48,476152","7,954722",771833000,0.5048543689320388,0.7352724358974358,1.4877724358974358,0
6210,31,20,0.6451612903225806,0,Ortenau Klinikum Offenburg-Kehl Standort Kehl,122,Baden-Württemberg,0,Ortenaukreis,öffentlich,"48,568085","7,811597",771834000,0.6538461538461539,0.3890983606557377,0.7394262295081968,0
6211,24,21,0.875,1,Albklinik Münsingen,95,Baden-Württemberg,0,Kreiskliniken Reutlingen gGmbH,öffentlich,"48,40409","9,489467",771544000,0.1111111111111111,0.40536842105263154,1.0195789473684211,0
6212,102,83,0.8137254901960784,1,Klinikum am Steinenberg,617,Baden-Württemberg,0,Kreiskliniken Reutlingen gGmbH,öffentlich,"48,483743","9,218194",771565000,0.1340782122905028,0.5711507293354943,1.127455429497569,0
6213,2,2,1.0,1,ZfP Südwürttemberg Krankenhaus Zwiefalten,213,Baden-Württemberg,0,ZfP Südwürttemberg,öffentlich,"48,231575","9,462702",772035000,0.4074074074074074,0.1945070422535211,0.6990610328638497,0
6215,175,144,0.8228571428571428,1,Universitätsklinikum Tübingen,1637,Baden-Württemberg,1,Universitätsklinikum Tübingen AöR,öffentlich,"48,530939","9,03761",772041000,0.049160671462829736,0.8836713500305436,1.9702504581551616,1
6217,5,5,1.0,1,Tropenklinik Paul-Lechler-Krankenhaus,90,Baden-Württemberg,0,Difäm - Deutsches Institut für Ärztliche Mission e.V in Tübingen,freigemeinnützig,"48,531042","9,06038",771778000,0.8333333333333334,0.3001111111111111,0.7977777777777777,0
6218,30,20,0.6666666666666666,0,BG Klinik Tübingen,257,Baden-Württemberg,0,BG Kliniken Ludwigshafen und Tübingen gGmbH,,"48,533594","9,035523",771812000,0.6907216494845361,0.9619844357976655,1.3328015564202336,0
6219,60,40,0.6666666666666666,0,Zollernalb Klinikum Albstadt,226,Baden-Württemberg,0,Zollernalbkreis,öffentlich,"48,214002","9,020283",772127000,0.24444444444444444,0.4893805309734513,0.7796460176991151,0
6220,64,51,0.796875,1,Zollernalb Klinikum gGmbH,242,Baden-Württemberg,0,Zollernalbkreis ,öffentlich,"48,277715","8,857532",772128000,0.37777777777777777,0.7041322314049587,0.980702479338843,0
6222,43,38,0.8837209302325582,1,Universitätsklinikum Ulm,454,Baden-Württemberg,1,Land Baden-Württemberg,öffentlich,"48,410805","9,992502",773712000,0.06790123456790123,0.744977973568282,1.2420044052863437,1
6223,119,86,0.7226890756302521,0,Universitätsklinikum Ulm,696,Baden-Württemberg,1,Land Baden-Württemberg,öffentlich,"48,422633","9,952505",773713000,0.07876712328767123,1.0775000000000001,1.4997844827586206,1
6224,5,4,0.8,1,AGAPLESION BETHESDA KLINIK ULM gGmbH ,90,Baden-Württemberg,0,AGAPLESION gAG,freigemeinnützig,"48,402276","10,006285",773097000,0.18181818181818182,0.2876666666666667,0.7641111111111111,1
6225,2,2,1.0,1,Klinik Dr. Schwarz,26,Baden-Württemberg,0,Klinik Dr. Schwarz,privat,"48,399212","9,997275",773408000,0.5,0.13615384615384615,0.48115384615384615,0
6226,86,70,0.813953488372093,1,Alb-Donau Klinikum Ehingen,167,Baden-Württemberg,0,Krankenhaus GmbH Alb-Donau-Kreis,,"48,280373","9,718173",771748000,0.8695652173913043,0.7898802395209581,1.442814371257485,0
6227,41,34,0.8292682926829268,1,Alb-Donau Klinikum Blaubeuren,120,Baden-Württemberg,0,Krankenhaus GmbH Alb-Donau-Kreis,,"48,408743","9,789928",771749000,0.84375,0.7720833333333333,1.1049166666666668,0
6228,12,8,0.6666666666666666,0,Alb-Donau Klinikum Langenau,88,Baden-Württemberg,0,Krankenhaus GmbH Alb-Donau-Kreis,,"48,500448","10,116406",771750000,0.4444444444444444,0.30261363636363636,0.5636363636363636,0
6229,2,2,1.0,1,ZfP Südwürttemberg Krankenhaus Bad Schussenried,98,Baden-Württemberg,0,ZfP Südwürttemberg,öffentlich,"48,010026","9,657011",772038000,0.24,0.2956122448979592,1.2776530612244898,0
6230,2,2,1.0,1,SINOVA Klinik für Psychosomatik und Psychotherapie Aulendorf,24,Baden-Württemberg,0,ZfP Südwürttemberg,öffentlich,"47,953089","9,635174",772212000,0.0,0.1708333333333333,0.37916666666666665,0
6231,2,2,1.0,1,ZfP Südwürttemberg Satellit Ehingen,46,Baden-Württemberg,0,ZfP Südwürttemberg,öffentlich,"48,280403","9,717985",772213000,0.16666666666666666,0.19956521739130434,0.5793478260869566,0
6232,2,2,1.0,1,ZfP Südwürttemberg Bad Schussenried Satellit Ulm,39,Baden-Württemberg,0,ZfP Südwürttemberg,öffentlich,"48,405462","9,988352",772214000,0.1,0.2925641025641026,0.7007692307692308,0
6233,2,0,0.0,0,ZfP Südwürttemberg Bad Schussenried Satellit Biberach,73,Baden-Württemberg,0,ZfP Südwürttemberg,öffentlich,"48,111472","9,780639",772216000,0.2,0.18273972602739727,0.7543835616438356,0
6234,102,82,0.803921568627451,1,Sana Klinikum Biberach,430,Baden-Württemberg,0,Sana Kliniken Landkreis Biberach,privat,"48,111633","9,779115",773855000,0.7954545454545454,0.42441860465116277,0.799093023255814,0
6235,127,80,0.6299212598425197,0,Klinikum Friedrichshafen GmbH,370,Baden-Württemberg,0,Stadt Friedrichshafen,öffentlich,"47,673169","9,430213",771843000,0.2740740740740741,0.7388918918918919,1.1564864864864863,0
6236,50,34,0.68,0,Klinik Tettnang GmbH,140,Baden-Württemberg,0,"Klinik Tettnang GmbH
",öffentlich,"47,672547","9,597669",771606000,0.39473684210526316,0.45385714285714285,1.1317142857142857,0
6237,2,1,0.5,0,ZfP Südwürttemberg Weissenau Satellit Friedrichshafen,62,Baden-Württemberg,0,ZfP Südwürttemberg,öffentlich,"47,672146","9,429635",772285000,0.08333333333333333,0.2830645161290323,0.6696774193548387,0
6238,94,61,0.648936170212766,0,Helios Spital Überlingen GmbH,170,Baden-Württemberg,0,Helios Spital Überlingen GmbH,privat,"47,774851","9,150607",772122000,0.7884615384615384,0.5570588235294118,0.9582352941176471,1
6239,2,2,1.0,1,ZfP Südwürttemberg Weissenau Satellit Ravensburg,64,Baden-Württemberg,0,ZfP Südwürttemberg,öffentlich,"47,786457","9,623194",772286000,0.0,0.21078125,0.61484375,0
6241,2,2,1.0,1,ZfP Südwürttemberg Krankenhaus Weissenau,348,Baden-Württemberg,0,ZfP Südwürttemberg,öffentlich,"47,761927","9,597756",772288000,0.17307692307692307,0.2445689655172414,0.8690804597701149,0
6242,2,2,1.0,1,ZfP Südwürttemberg Weissenau Satellit Wangen,35,Baden-Württemberg,0,ZfP Südwürttemberg,öffentlich,"47,693893","9,845449",772289000,0.0,0.19657142857142856,0.4928571428571429,0
6243,82,67,0.8170731707317073,1,Westallgäu-Klinikum,228,Baden-Württemberg,0,"Landkreis Ravensburg, Stadt Ravensburg",öffentlich,"47,692957","9,844494",773107000,,0.4961842105263158,0.6965350877192983,0
6244,102,77,0.7549019607843137,0,St. Elisabethen-Klinikum,542,Baden-Württemberg,0,"Landkreis Ravensburg, Stadt Ravensburg",öffentlich,"47,787945","9,621535",773137000,,0.7418265682656826,1.1018081180811807,0
6245,5,3,0.6,0,Fachkliniken Wangen,158,Baden-Württemberg,0,Waldburg-Zeil-Akutkliniken GmbH & Co.KG,privat,"47,698589","9,835716",771971000,1.0,0.43835443037974686,1.2020253164556962,0
6246,3,3,1.0,1,Klinik im Kronprinzenbau,11,Baden-Württemberg,0,Dr. Albrecht/ Dr. Gühring,privat,"48,495747","9,210273",773475000,1.0,0.5454545454545454,0.8245454545454546,0
6247,102,76,0.7450980392156863,0,SRH Krankenhaus Sigmaringen,523,Baden-Württemberg,0,SRH Kliniken Landkreis Sigmaringen GmbH,privat,"48,096319","9,225758",772740000,0.21518987341772153,0.40357552581261946,0.7791204588910134,1
6248,2,2,1.0,1,Fachkliniken Hohenurach,29,Baden-Württemberg,0,m&i-Fachkliniken Hohenurach GmbH,privat,"48,504221","9,377131",772226000,0.6,0.3,0.9862068965517241,0
6249,3,3,1.0,1,Winghofer Medicum Klinik GmbH,26,Baden-Württemberg,0,Winghofer Medicum Klinik GmbH,privat,"48,480455","8,948529",773504000,1.0,0.8423076923076922,2.600769230769231,0
6250,2,2,1.0,1,Steinlach-Klinik GmbH,13,Baden-Württemberg,0,Steinlach-Klinik GmbH Augsburg  c/o SYNLAB Holding Deutschland GmbH,privat,"48,405747","9,056959",773724000,1.0,1.1153846153846154,1.353846153846154,0
6251,5,4,0.8,1,Liebenau Kliniken gemeinnützige GmbH  St. Lukas-Klinik,62,Baden-Württemberg,0,"Liebenau Kliniken gemeinnützige GmbH, eine 100%-Tochter der Stiftung Liebenau",freigemeinnützig,"47,71017","9,603926",773457000,0.2222222222222222,0.35774193548387095,0.5153225806451612,0
6252,24,16,0.6666666666666666,0,RKU - Universitäts- und Rehabilitationskliniken Ulm gGmbH,241,Baden-Württemberg,1,Universitätsklinikum Ulm,öffentlich,"48,424366","9,944895",771676000,0.5942028985507246,0.6631120331950208,1.5279253112033195,0
6253,2,2,1.0,1,Schussental-Klinik,82,Baden-Württemberg,0,Schussental-Klinik gGmbH,öffentlich,"47,953167","9,635003",772653000,0.9,0.1526829268292683,0.35548780487804876,0
6254,2,2,1.0,1,PP.rt Klinik für Psychiatrie und Psychosomatik,155,Baden-Württemberg,0,Gemeinnützige Gesellschaft für Psychiatrie Reutlingen mbH,freigemeinnützig,"48,483426","9,219881",771194000,0.15,0.15032258064516127,0.9887096774193549,0
6255,13,9,0.6923076923076923,0,Acura Fachklinik GmbH,55,Baden-Württemberg,0,Acura Zahnärzte GmbH,privat,"48,237414","9,033842",772672000,0.8823529411764706,0.39381818181818184,0.7807272727272727,0
6256,2,2,1.0,1,Passauer Wolf Bad Gögging - Klinik für Neurologie,25,Bayern,0,Passauer Wolf Bad Gögging GmbH & Co. KG,privat,"48,819611","11,790887",773602000,1.0,0.2,0.72,0
6257,83,50,0.6024096385542169,0,Bundeswehrkrankenhaus Ulm,370,Baden-Württemberg,0,Bundesministerium der Verteidigung ,öffentlich,"48,424756","9,948151",771415000,0.5223880597014925,1.5537027027027026,1.1735945945945945,0
6258,2,2,1.0,1,Günztalklinik Allgäu,60,Bayern,0,Bezirkskliniken Schwaben,öffentlich,"47,847075","10,409509",772249000,1.0,0.15350000000000003,0.18533333333333335,0
6259,127,90,0.7086614173228346,0,Klinikum Aschaffenburg-Alzenau gemeinnützige GmbH,731,Bayern,0,Krankenhauszweckverband Aschaffenburg-Alzenau (Stadt/Landkreis Aschaffenburg),öffentlich,"49,977268","9,187191",773249000,0.0967741935483871,0.5491108071135431,1.3919972640218878,0
6260,45,31,0.6888888888888889,0,Klinikum Aschaffenburg-Alzenau gemeinnützige GmbH ,100,Bayern,0,Krankenhauszweckverband Aschaffenburg-Alzenau (Stadt/ Landkreis Aschaffenburg),öffentlich,"50,069497","9,075522",773250000,0.19230769230769232,0.42580000000000007,1.3178999999999998,0
6261,8,5,0.625,0,Klinik Hallerwiese-Cnopfsche Kinderklinik Dependance Ansbach,10,Bayern,0,Diakoneo KdöR,freigemeinnützig,"49,321131","10,558798",771454000,0.1,1.01,1.2399999999999998,0
6262,94,80,0.851063829787234,1,Klinikum Würzburg Mitte gGmbH,675,Bayern,0,Stiftung Juliusspital Würzburg,öffentlich,"49,794489","9,952984",772735000,0.0728476821192053,0.5298666666666667,1.1241925925925926,0
6264,48,38,0.7916666666666666,1,Klinik Hallerwiese-Cnopfsche Kinderklinik,285,Bayern,0,Diakoneo KdöR,freigemeinnützig,"49,456952","11,066574",771453000,0.1724137931034483,0.5975438596491228,1.236842105263158,0
6267,137,96,0.7007299270072993,0,RHÖN-KLINIKUM Campus Bad Neustadt,758,Bayern,0,RHÖN-KLINIKUM AG,privat,"50,323539","10,235668",771125000,0.7615384615384615,0.6136147757255936,1.3603693931398417,0
6270,2,2,1.0,1,Fachklinik Allgäu,18,Bayern,0,Alpcura Fachklinik Allgäu Betriebsgesellschaft mbH,privat,"47,583249","10,545367",773837000,1.0,0.20222222222222222,0.2638888888888889,0
6271,2,2,1.0,1,Heiligenfeld Kliniken GmbH Bad Wörishofen,66,Bayern,0,Heiligenfeld Kliniken GmbH Bad Wörishofen,privat,"48,00539","10,588373",773853000,0.5,0.1553030303030303,0.11742424242424243,0
6272,37,29,0.7837837837837838,1,Klinik Dr. Maul GmbH Ingolstadt,38,Bayern,0,Klinik Dr. Maul GmbH,privat,"48,771442","11,433181",771249000,1.0,0.7368421052631579,1.0,0
6273,105,76,0.7238095238095238,0,Helios Klinikum München West,412,Bayern,0,Helios Kliniken München GmbH,privat,"48,14485","11,454206",772207000,0.5942028985507246,0.7271844660194174,1.4624757281553398,1
6274,60,31,0.5166666666666667,0,Helios Klinik München Perlach,150,Bayern,0,Helios Kliniken München GmbH,privat,"48,102224","11,629772",772195000,0.7959183673469388,0.44666666666666666,1.0326666666666666,1
6275,91,64,0.7032967032967034,0,Deutsches Herzzentrum München,197,Bayern,0,Bayerisches Staatsministerium für Wissenschaft und Kunst,öffentlich,"48,152495","11,54892",772835000,0.6344827586206897,1.3949238578680203,2.388832487309645,0
6284,99,83,0.8383838383838383,1,Klinikum Dritter Orden München-Nymphenburg,632,Bayern,0,Kliniken Dritter Orden gGmbH,freigemeinnützig,"48,165005","11,505552",771177000,0.0625,0.6060284810126582,1.1040822784810127,0
6286,68,50,0.7352941176470589,0,Barmherzige Brüder Krankenhaus München,405,Bayern,0,Barmherzige Brüder gemeinnützige Krankenhaus GmbH,freigemeinnützig,"48,155701","11,510061",771703000,0.6271186440677966,0.654567901234568,1.280740740740741,0
6287,27,14,0.5185185185185185,0,Klinik Josephinum gAG,70,Bayern,0,260910238,freigemeinnützig,"48,14566","11,581294",772130000,0.9473684210526315,0.4551428571428571,0.6709999999999999,0
6288,66,40,0.6060606060606061,0,Augustinum Klinik München,140,Bayern,0,Augustinum Wohnstifte gemeinnützige GmbH,freigemeinnützig,"48,122439","11,487964",773480000,1.0,0.45857142857142846,0.9647142857142857,0
6289,5,4,0.8,1,Krankenhaus für Naturheilweisen,110,Bayern,0,Stiftung für Integrative Medizin und Naturheilkunde,freigemeinnützig,"48,08492","11,556487",773385000,0.6,0.17545454545454547,0.4258181818181819,0
6290,27,22,0.8148148148148148,1,Diakoniewerk München-Maxvorstadt I IN,87,Bayern,0,"Diakoniewerk München-Maxorstadt, Körperschaft des öffentlichen Rechts",freigemeinnützig,"48,151321","11,570013",772018000,1.0,0.5924137931034482,0.41298850574712653,0
6291,2,2,1.0,1,Augenklinik Herzog Carl Theodor,47,Bayern,0,Stiftung Augenklinik Herzog Carl Theodor,privat,"48,148492","11,550681",773304000,,0.6382978723404256,0.925531914893617,0
6292,2,2,1.0,1,Schön Klinik München Schwabing,181,Bayern,0,Schön Kliniken,privat,"48,171701","11,58521",772467000,0.75,0.20265193370165746,0.982707182320442,0
6293,2,2,1.0,1,Max-Planck-Institut für Psychiatrie,125,Bayern,0,Max-Planck-Gesellschaft zur Förderung der Wissenschaften e. V.,freigemeinnützig,"48,174022","11,576407",772391000,0.5882352941176471,0.55504,1.3198400000000001,0
6294,17,12,0.7058823529411765,0,Clinic Dr. Decker GmbH,45,Bayern,0,Clinic Dr. Decker GmbH,privat,"48,158698","11,589727",772189000,0.15625,0.7002222222222223,1.0484444444444445,0
6295,39,29,0.7435897435897436,0,Internistisches Klinikum München Süd GmbH,115,Bayern,0,Internistisches Klinikum München Süd GmbH,privat,"48,102343","11,547908",771910000,0.6818181818181818,0.46495652173913044,1.9410434782608696,0
6296,98,69,0.7040816326530612,0,Artemed Klinikum München Süd GmbH & Co. KG,155,Bayern,0,Artemed SE,privat,"48,102796","11,548877",772233000,0.7391304347826086,0.8176774193548387,0.926516129032258,1
6297,2,2,1.0,1,Klinik Menterschwaige,62,Bayern,0,Klinik für Dynamische Psychiatrie München GmbH,privat,"48,079783","11,556961",771122000,0.38461538461538464,0.31758064516129036,0.3732258064516129,0
6298,19,17,0.8947368421052632,1,Dr. Lubos Kliniken Pasing,45,Bayern,0,Dr. Lubos Kliniken Pasing GmbH & Co. KG,privat,"48,146494","11,457762",773142000,0.75,0.598,0.6153333333333334,0
6299,36,27,0.75,0,Frauenklinik Dr. Geisenhofer,82,Bayern,0,Frauenklinik Dr. Geisenhofer GmbH,privat,"48,151521","11,596061",772377000,0.47368421052631576,0.7182926829268292,1.2267073170731708,0
6300,34,23,0.6764705882352942,0,Arabella-Klinik GmbH,60,Bayern,0,Arabella-Klinik GmbH,privat,"48,151187","11,618415",771785000,1.0,1.2836666666666667,1.9946666666666668,0
6301,2,2,1.0,1,HNO-Klinik Bogenhausen Dr. Gaertner GmbH,20,Bayern,0,HNO-Klinik Bogenhausen Dr. Gaertner GmbH,privat,"48,143922","11,606427",771433000,0.32142857142857145,0.9400000000000001,1.1844999999999999,0
6302,24,24,1.0,1,RoMed Klinik Prien am Chiemsee,140,Bayern,0,"RoMed Kliniken, Kliniken der Stadt und des Landkreises Rosenheim GmbH",öffentlich,"47,849901","12,368072",772848000,0.08571428571428572,0.526,1.2771428571428571,0
6303,102,85,0.8333333333333334,1,InnKlinikum Altötting,407,Bayern,0,Landkreise Altötting und Mühldorf a. Inn,öffentlich,"48,233443","12,675835",772675000,0.1206896551724138,0.6175429975429975,1.088869778869779,0
6304,126,85,0.6746031746031746,0,RoMed Klinikum Rosenheim,622,Bayern,0,"RoMed Kliniken, Kliniken der Stadt und des Landkreises Rosenheim GmbH",öffentlich,"47,860328","12,131295",772849000,0.091324200913242,0.730064308681672,1.497218649517685,0
6305,75,57,0.76,0,Asklepios Stadtklinik Bad Tölz,250,Bayern,0,Asklepios Stadtklinik Bad Tölz GmbH,privat,"47,757079","11,551065",772913000,0.8088235294117647,0.53228,1.50496,1
6306,68,33,0.4852941176470588,0,Kreisklinik Wolfratshausen gGmbH,160,Bayern,0,Landkreis Bad Tölz - Wolfratshausen,öffentlich,"47,911648","11,428127",771575000,0.2647058823529412,0.5366875,1.3635,0
6307,26,22,0.8461538461538461,1,Fachklinik Berchtesgaden,118,Bayern,0,Berchtesgadener Land,öffentlich,"47,639935","13,005687",772270000,0.7307692307692307,0.27271186440677964,0.9460169491525424,0
6308,101,64,0.6336633663366337,0,Kreisklinik Bad Reichenhall,287,Bayern,0,Berchtesgadener Land,öffentlich,"47,728457","12,871313",772271000,0.578125,0.4110452961672474,1.5655400696864112,0
6309,5,4,0.8,1,Helios Amper-Klinik Indersdorf,35,Bayern,0,Amper Kliniken AG,privat,"48,35554","11,389685",771685000,0.2727272727272727,0.19714285714285712,1.18,1
6310,101,70,0.693069306930693,0,Helios Amper-Klinikum Dachau,435,Bayern,0,Amper Kliniken AG,privat,"48,265405","11,428863",771686000,0.16923076923076924,0.5154022988505746,0.9567816091954022,1
6311,101,72,0.7128712871287128,0,Kreisklinik Ebersberg gemeinnützige GmbH,328,Bayern,0,Landkreis Ebersberg,öffentlich,"48,076503","11,96166",771388000,0.1,0.6691158536585365,1.328810975609756,0
6312,102,77,0.7549019607843137,0,Klinikum Landkreis Erding,288,Bayern,0,Klinikum Landkreis Erding,öffentlich,"48,294508","11,896312",771151000,0.14864864864864866,0.5512152777777778,1.3577430555555554,0
6313,14,9,0.6428571428571429,0,Klinikum Landkreis Erding-Klinik Dorfen,42,Bayern,0,Landkreis Erding,öffentlich,"48,276617","12,151829",771152000,0.2,0.505,0.6721428571428572,0
6314,2,2,1.0,1,kbo-Isar-Amper-Klinikum Taufkirchen (Vils),186,Bayern,0,kbo-Isar-Amper-Klinikum gGmbH Region München,öffentlich,"48,34567","12,133754",771400000,0.5357142857142857,0.22596774193548388,0.976935483870968,0
6316,5,1,0.2,0,Klinik Wartenberg - Professor Dr. Selmair GmbH & Co. KG,55,Bayern,0,Klinik Wartenberg - Professor Dr. Selmair GmbH & Co.KG,privat,"48,404709","12,000458",773655000,1.0,0.2585454545454545,0.6803636363636364,0
6317,118,81,0.6864406779661016,0,Klinikum Freising GmbH,353,Bayern,0,Klinikum Freising GmbH,öffentlich,"48,404856","11,744297",772067000,0.7674418604651163,0.5989518413597734,1.0872521246458924,0
6318,49,31,0.6326530612244898,0,Klinikum Garmisch-Partenkirchen Aussenstelle Murnau,75,Bayern,0,Klinikum Garmisch-Partenkirchen GmbH (100%ige Tochter des Landkreises Garmisch-Partenkirchen),öffentlich,"47,67159","11,219774",773597000,0.875,0.29760000000000003,0.9652000000000001,0
6319,102,77,0.7549019607843137,0,Klinikum Fürstenfeldbruck,380,Bayern,0,"Kommunalunternehmen Kreisklinik Fürstenfeldbruck / Seniorenheim Jesenwang, AdöR",öffentlich,"48,180615","11,259284",772387000,0.2631578947368421,0.5330526315789473,0.6937894736842105,0
6320,102,81,0.7941176470588235,1,Klinikum Garmisch-Partenkirchen - Haupthaus,415,Bayern,0,Klinikum Garmisch-Partenkirchen GmbH (100%ige Tochter des Landkreises Garmisch-Partenkirchen),öffentlich,"47,48393","11,127636",773617000,0.7894736842105263,0.7962650602409638,1.494,0
6321,2,2,1.0,1,Deutsches Zentrum für Kinder- und Jugendrheumatologie,110,Bayern,0,Kinderklinik Garmisch-Partenkirchen gemeinnützige GmbH,freigemeinnützig,"47,487547","11,10293",773129000,1.0,0.3028181818181818,0.5451818181818182,0
6322,17,16,0.9411764705882353,1,Sana Klinik München GmbH,200,Bayern,0,Sana Klinik München GmbH,privat,"48,103699","11,53982",772231000,,0.2488,0.7803,1
6323,50,36,0.72,0,Berufsgenossenschaftliche Unfallklinik Murnau gGmbH,426,Bayern,0,BG Klinikum Murnau gGmbH,,"47,671709","11,21609",773259000,0.6022727272727273,0.8826760563380281,2.0489201877934273,0
6324,3,3,1.0,1,Klinik Oberammergau,90,Bayern,0,Waldburg-Zeil Kliniken GmbH & Co. KG,privat,"47,590891","11,075629",773555000,1.0,0.3646666666666667,0.5077777777777778,0
6325,78,59,0.7564102564102564,0,Klinikum Landsberg am Lech,218,Bayern,0,Klinikum Landsberg am Lech,öffentlich,"48,0487","10,855549",773309000,0.3090909090909091,0.6851834862385321,1.0369724770642201,0
6327,2,2,1.0,1,Psychosomatische Klinik Windach,181,Bayern,0,Psychosomatische Klinik GmbH & Co Windach / Ammersee KG,privat,"48,072787","11,048214",773611000,0.6666666666666666,0.18149171270718234,0.1814364640883978,0
6329,62,46,0.7419354838709677,0,InnKlinikum Altötting und Mühldorf / InnKlinikum Mühldorf,275,Bayern,0,Landkreise Altötting und  Mühldorf a. Inn,öffentlich,"48,242576","12,528822",773372000,0.01694915254237288,0.51,1.082218181818182,0
6330,38,32,0.8421052631578947,1,WolfartKlinik,105,Bayern,0,WolfartKlinik GmbH,privat,"48,1183","11,421997",771702000,0.21428571428571427,0.826095238095238,2.6,0
6332,2,2,1.0,1,kbo-Isar-Amper-Klinikum München-Nord,157,Bayern,0,"kbo-Isar-Amper-Klinikum gGmbH, Region München",öffentlich,"48,172393","11,579972",771404000,0.038461538461538464,0.38286624203821656,0.6138853503184714,0
6333,2,2,1.0,1,kbo-Isar-Amper-Klinikum Atriumhaus,37,Bayern,0,"kbo Isar-Amper-Klinikum gGmbH, Region München",öffentlich,"48,123725","11,545103",771406000,0.3333333333333333,0.5675675675675675,0.45486486486486494,0
6335,2,2,1.0,1,kbo-Isar-Amper-Klinikum Fürstenfeldbruck,112,Bayern,0,"kbo-Isar-Amper-Klinikum gGmbH, Region München",öffentlich,"48,18245","11,261333",771426000,0.058823529411764705,0.3084821428571428,0.7783928571428572,0
6336,5,5,1.0,1,kbo-Isar-Amper-Klinikum Haar,761,Bayern,0,"kbo-Isar-Amper-Klinikum gGmbH, Region München",öffentlich,"48,117052","11,743683",771427000,0.04838709677419355,0.35348226018396844,0.8489487516425757,0
6337,9,4,0.4444444444444444,0,Urologische Klinik München - Planegg,75,Bayern,0,Medical Team Clinic (MTC) GmbH,privat,"48,108794","11,415068",771065000,0.813953488372093,0.9574666666666667,1.3972,0
6338,109,69,0.6330275229357798,0,AMEOS Klinikum St. Elisabeth Neuburg,278,Bayern,0,AMEOS Krankenhausgesellschaft Neuburg mbH,freigemeinnützig,"48,730918","11,174332",773487000,0.7971014492753623,0.5416187050359712,1.244028776978417,0
6339,8,7,0.875,1,AMEOS Klinikum St. Elisabeth Neuburg - Standort Ingolstadt,20,Bayern,0,AMEOS Krankenhausgesellschaft Neuburg mbH,freigemeinnützig,"48,770001","11,377021",773512000,0.2,0.9,2.715,0
6340,66,51,0.7727272727272727,1,Kreiskrankenhaus Schrobenhausen GmbH,150,Bayern,0,Kreiskrankenhaus Schrobenhausen GmbH,öffentlich,"48,57227","11,264356",772412000,0.6333333333333333,0.5000666666666667,2.0048666666666666,0
6341,2,2,1.0,1,Behandlungszentrum Aschau GmbH,69,Bayern,0,Behandlungszentrum Aschau GmbH,freigemeinnützig,"47,782694","12,327617",773609000,0.9375,0.4281159420289855,0.5981159420289854,0
6342,40,29,0.725,0,RoMed Klinik Bad Aibling,140,Bayern,0,RoMed Kliniken der Stadt und des Landkreises Rosenheim GmbH,öffentlich,"47,86583","12,016939",772847000,0.07407407407407407,0.47078571428571425,1.2865,0
6343,2,2,1.0,1,Simssee Klinik,179,Bayern,0,Simssee Klinik GmbH,privat,"47,90222","12,297524",771462000,0.4666666666666667,0.17134078212290502,0.176927374301676,0
6346,2,2,1.0,1,kbo-Inn-Salzach-Klinikum Freilassing,80,Bayern,0,Kliniken des Bezirks Oberbayern (kbo) - Kommunalunternehmen,öffentlich,"47,848068","12,98005",773207000,0.14285714285714285,0.23374999999999999,0.889625,0
6347,5,4,0.8,1,kbo-Inn-Salzach-Klinikum Wasserburg,506,Bayern,0,Kliniken des Bezirks Oberbayern (kbo) - Kommunalunternehmen,öffentlich,"48,061697","12,202084",773208000,0.1111111111111111,0.21138339920948615,0.9108695652173913,0
6349,100,64,0.64,0,RoMed Klinik Wasserburg,130,Bayern,0,Kliniken der Stadt und des Landkreises Rosenheim GmbH,öffentlich,"48,060546","12,198262",773862000,0.07692307692307693,0.678,1.807076923076923,0
6350,5,4,0.8,1,Benedictus Krankenhaus Feldafing GmbH & Co. KG,105,Bayern,0,Artemed SE,privat,"47,937803","11,294115",773836000,0.8235294117647058,0.47276190476190477,0.6068571428571429,0
6351,2,2,1.0,1,Klinikum Fünfseenland Gauting GmbH,140,Bayern,0,Klinikum Fünfseenland Gauting GmbH,privat,"48,066653","11,348216",771978000,0.42857142857142855,0.22749999999999998,0.6399285714285714,0
6352,41,32,0.7804878048780488,1,Klinikum Herrsching  Schindlbeck,126,Bayern,0,Dr. Schindlbeck Klinik Seefeld/Herrsching GmbH,öffentlich,"47,994763","11,170573",772218000,1.0,0.3502380952380952,0.9033333333333333,0
6353,43,35,0.813953488372093,1,Klinikum Seefeld,72,Bayern,0,"Dr. Schindlbeck Klinik Seefeld/Herrsching GmbH, Hauptstraße 23, 82229 Seefeld-Oberalting",öffentlich,"48,034096","11,213359",773230000,0.85,0.6286111111111112,1.1173611111111112,0
6354,118,79,0.6694915254237288,0,Klinikum Starnberg,300,Bayern,0,"Kreiskrankenhaus Starnberg GmbH, Oßwaldstr. 1, 82319 Starnberg",öffentlich,"48,007069","11,335193",773170000,0.08602150537634409,0.6345999999999999,1.0984,0
6355,23,18,0.782608695652174,1,Klinikum Starnberg - Außenstelle Wolfratshausen,12,Bayern,0,"Kreiskrankenhaus Starnberg GmbH, Oßwaldstr. 1, 82319 Starnberg",öffentlich,"47,911806","11,428708",773171000,0.0,0.9683333333333334,1.0391666666666666,0
6356,68,49,0.7205882352941176,0,Benedictus Krankenhaus Tutzing GmbH & Co. KG,160,Bayern,0,Benedictus Krankenhaus Tutzing GmbH & Co. KG,privat,"47,907029","11,276558",773674000,0.8095238095238095,0.7056250000000001,1.525125,0
6357,16,11,0.6875,0,Salzachklinik Fridolfing,45,Bayern,0,Gemeinde Fridolfing,öffentlich,"47,999218","12,821322",773630000,,0.24444444444444444,0.7631111111111112,0
6358,68,38,0.5588235294117647,0,Kreisklinik Trostberg,206,Bayern,0,Landkreis Traunstein,öffentlich,"48,028234","12,542008",772269000,0.7027027027027027,0.4262135922330097,1.5498058252427185,0
6359,102,83,0.8137254901960784,1,Klinikum Traunstein,548,Bayern,0,Landkreis Traunstein,öffentlich,"47,873837","12,632477",772274000,0.6163793103448276,0.6606751824817518,1.626660583941606,0
6360,51,38,0.7450980392156863,0,Krankenhaus Schongau,163,Bayern,0,Krankenhaus GmbH Landkreis Weilheim-Schongau,öffentlich,"47,82513","10,899176",771551000,0.875,0.41987730061349693,1.3848466257668712,0
6361,82,63,0.7682926829268293,0,Krankenhaus Weilheim,169,Bayern,0,Krankenhaus GmbH Landkreis Weilheim-Schongau,öffentlich,"47,837413","11,144315",771554000,0.9583333333333334,0.6598816568047338,2.359585798816568,0
6362,6,6,1.0,1,Paracelsus-Klinik München,60,Bayern,0,Paracelsus-Kliniken Deutschland GmbH & Co. KG aA,privat,"48,155114","11,631089",772047000,1.0,0.28,1.6449999999999998,0
6363,127,81,0.6377952755905512,0,Klinikum Ingolstadt,1073,Bayern,0,Krankenhauszweckverband Ingolstadt,öffentlich,"48,769912","11,378481",773586000,0.022321428571428572,0.5087511649580615,1.0253401677539609,0
6364,85,62,0.7294117647058823,0,Ilmtalklinik GmbH Pfaffenhofen,220,Bayern,0,Ilmtalklinik GmbH,öffentlich,"48,518456","11,498788",772983000,0.7804878048780488,0.5028636363636363,1.3247272727272728,0
6365,68,53,0.7794117647058824,1,Krankenhaus Mainburg,90,Bayern,0,Ilmtalklinik GmbH,öffentlich,"48,643031","11,779112",772984000,0.625,0.5196666666666667,1.430666666666667,0
6367,2,2,1.0,1,Schön Klinik Roseneck SE & Co. KG Standort Rosenheim,123,Bayern,0,Schön Klinik Roseneck SE & Co. KG,privat,"47,866422","12,119931",772492000,0.0,0.144390243902439,0.17967479674796746,0
6368,2,2,1.0,1,Schön Klinik Roseneck SE & Co. KG Standort Prien,376,Bayern,0,Schön Klinik Roseneck SE & Co. KG,privat,"47,859771","12,362917",772493000,0.012345679012345678,0.16691489361702128,0.23832446808510638,0
6369,12,2,0.16666666666666666,0,Klinikum rechts der Isar der Technischen Universität München,67,Bayern,1,Freistaat Bayern,öffentlich,"48,164631","11,593621",772054000,0.16,0.8099999999999999,0.7428358208955225,0
6370,152,109,0.7171052631578947,0,Klinikum rechts der Isar der Technischen Universität München,1094,Bayern,1,Freistaat Bayern,öffentlich,"48,137004","11,598835",772053000,0.09615384615384616,1.1912614259597807,1.5412705667276052,0
6371,70,45,0.6428571428571429,0,Schön Klinik Vogtareuth,287,Bayern,0,Schön Klinik Vogtareuth SE&Co.KG,privat,"47,948462","12,188",772605000,0.14772727272727273,0.5164459930313589,1.5455052264808362,0
6373,2,2,1.0,1,Veramedklinik am Wendelstein,68,Bayern,0,CS-Verwaltungsgesellschaft mbH&Co KG,privat,"47,739172","12,092336",772046000,1.0,0.1386764705882353,0.21044117647058821,0
6374,2,2,1.0,1,Behandlungszentrum Kempfenhausen für Multiple Sklerose Kranke gemeinnützige GmbH,135,Bayern,0,"Landeshauptstadt München, Bezirk Oberbayern, Kuratorium Wohnen im Alter, DMSG LV Bayern e.V.",öffentlich,"47,988104","11,364311",773626000,1.0,0.2022222222222222,0.5865185185185184,0
6375,2,2,1.0,1,m&i Fachklinik Bad Heilbrunn,130,Bayern,0,m&i-Klinikbetriebsgesellschaft GmbH,privat,"47,749214","11,460377",772228000,0.6764705882352942,0.2876923076923077,0.543076923076923,0
6376,90,73,0.8111111111111111,1,München Klinik Schwabing München Klinik gGmbH,635,Bayern,0,Landeshauptstadt München,öffentlich,"48,170563","11,577624",771085000,0.7071823204419889,0.6803149606299213,0.9825984251968505,0
6377,2,2,1.0,1,München Klinik Thalkirchner Straße München Klinik gGmbH,130,Bayern,0,Landeshauptstadt München,öffentlich,"48,128759","11,564487",771082000,0.6,0.39507692307692305,0.6255384615384615,0
6378,127,75,0.5905511811023622,0,München Klinik Neuperlach München Klinik gGmbH,545,Bayern,0,Landeshauptstadt München,öffentlich,"48,095396","11,656508",771084000,0.58,0.6257064220183486,0.8145688073394496,0
6379,131,87,0.6641221374045801,0,München Klinik Harlaching München Klinik gGmbH,673,Bayern,0,Landeshauptstadt München,öffentlich,"48,085567","11,557084",771083000,0.5617283950617284,0.6726894502228826,0.8913818722139673,0
6380,110,85,0.7727272727272727,1,München Klinik Bogenhausen München Klinik gGmbH,959,Bayern,0,Landeshauptstadt München,öffentlich,"48,155259","11,624686",771080000,0.5894736842105263,0.5996558915537018,0.8652867570385819,0
6381,2,1,0.5,0,VAMED Klinik Kipfenberg GmbH,125,Bayern,0,VAMED Klinik Kipfenberg GmbH,privat,"48,952009","11,394291",772701000,0.8181818181818182,0.1708,1.0888,1
6382,2,2,1.0,1,Artemed Fachklinik München,52,Bayern,0,Artemed Fachklinik München,privat,"48,130358","11,554821",773631000,0.6666666666666666,0.8461538461538461,1.116923076923077,1
6383,5,4,0.8,1,Klinik Bad Trissl GmbH,120,Bayern,0,Klinik Bad Trissl GmbH,privat,"47,65773","12,154412",773368000,0.5384615384615384,0.16975,0.33349999999999996,0
6384,34,28,0.8235294117647058,1,Dr. Lubos Kliniken Bogenhausen,85,Bayern,0,Dr. Lubos Kliniken Bogenhausen GmbH,privat,"48,148824","11,614516",772223000,0.7735849056603774,0.6034117647058823,0.9098823529411765,0
6385,13,12,0.9230769230769231,1,Schön Klinik München Harlaching,148,Bayern,0,Schön Klinik SE,privat,"48,104062","11,566836",772556000,0.36363636363636365,0.938445945945946,1.6814864864864865,0
6386,80,59,0.7375,0,Isar Kliniken GmbH,192,Bayern,0,ISAR Klinik II AG,privat,"48,13471","11,56512",772416000,0.9036144578313253,1.1938020833333334,1.796875,0
6387,102,85,0.8333333333333334,1,Krankenhaus Agatharied,350,Bayern,0,Landkreis Miesbach,öffentlich,"47,767884","11,827208",773438000,0.7295081967213115,0.7275142857142857,1.1081714285714286,0
6388,2,2,1.0,1,kbo-Lech-Mangfall-Klinik Agatharied,120,Bayern,0,kbo-Lech-Mangfall-Kliniken gemeinnützige GmbH,öffentlich,"47,766606","11,827192",771346000,0.0,0.25933333333333336,0.6805833333333333,0
6390,20,15,0.75,0,Schön Klinik Bad Aibling SE & Co. KG,287,Bayern,0,Schön Klinik Bad Ailbing SE & Co. KG,privat,"47,856849","12,029036",772484000,0.7384615384615385,0.30846689895470386,1.9362020905923347,0
6391,5,5,1.0,1,Asklepios Lungenklinik Gauting,250,Bayern,0,Asklepios Kliniken GmbH & Co. KGaA,privat,"48,0663","11,353591",772992000,0.6545454545454545,0.37756,0.84744,1
6392,2,2,1.0,1,kbo-Lech-Mangfall-Klinik Landsberg am Lech,74,Bayern,0,kbo-Lech-Mangfall-Kliniken gemeinnützige GmbH,öffentlich,"48,048473","10,855728",771345000,0.07692307692307693,0.3736486486486486,0.8817567567567568,0
6394,2,1,0.5,0,kbo-Lech-Mangfall-Klinik Garmisch-Partenkirchen,100,Bayern,0,kbo-Lech-Mangfall-Klinik gemeinnützige GmbH,öffentlich,"47,483288","11,128927",771344000,0.0,0.32760000000000006,0.6829000000000001,0
6395,1,0,0.0,0,Georg-von-Liebig-Krankenhaus,55,Bayern,0,Salus Gesundheitszentrum GmbH & Co KG,privat,"47,728678","12,883533",773467000,0.375,0.521090909090909,0.8156363636363636,0
6396,2,2,1.0,1,Bericht 2023,75,Bayern,0,Klinik St. Irmingard GmbH ,privat,"47,86192","12,364573",772765000,0.6470588235294118,0.25653333333333334,0.21386666666666665,0
6398,2,2,1.0,1,Danuvius Klinik Neuburg - Tagesklinik,15,Bayern,0,Danuvius Klinik GmbH®,privat,"48,730696","11,186692",772011000,0.0,0.044000000000000004,0.11333333333333333,0
6399,2,2,1.0,1,Danuvius Klinik Neuburg,40,Bayern,0,Danuvius Klinik GmbH®,privat,"48,730784","11,176768",772012000,0.0,0.08349999999999999,0.3945,0
6401,2,2,1.0,1,Danuvius Klinik Pfaffenhofen,95,Bayern,0,Danuvius Klinik GmbH®,privat,"48,518407","11,497309",772014000,0.07142857142857142,0.27694736842105266,0.46421052631578946,0
6402,55,32,0.5818181818181818,0,Standort Augustinum,8,Bayern,1,Freistaat Bayern,öffentlich,"48,122447","11,488039",772336000,0.3,1.4,3.7,0
6403,120,69,0.575,0,Standort Innenstadt,679,Bayern,1,Freistaat Bayern,öffentlich,"48,132668","11,562216",771734000,0.12608695652173912,0.9004418262150221,1.7825478645066273,0
6404,180,149,0.8277777777777777,1,Campus Großhadern,1129,Bayern,1,Freistaat Bayern,öffentlich,"48,111138","11,471995",771736000,0.11213517665130568,1.0288131089459698,1.844534986713906,0
6406,2,0,0.0,0,KJF Klinik Hochried,22,Bayern,0,Katholische Jugendfürsorge der Diözese Augsburg e. V.,freigemeinnützig,"47,675466","11,179695",771202000,0.4444444444444444,0.49090909090909096,0.35454545454545455,0
6407,3,3,1.0,1,ATOS Starmed Klinik GmbH,22,Bayern,0,ATOS STARMED KLINIK GmbH,privat,"48,099778","11,632383",773656000,,0.5981818181818181,1.289090909090909,0
6409,2,2,1.0,1,MediCare Flughafen München Medizinisches Zentrum GmbH - Munich Airport Clinic,8,Bayern,0,MediCare Flughafen München Medizinisches Zentrum GmbH,privat,"48,349536","11,784582",773345000,1.0,1.115,1.31375,0
6410,17,10,0.5882352941176471,0,Krankenhaus Martha-Maria München,110,Bayern,0,Martha-Maria Krankenhaus gGmbH,freigemeinnützig,"48,085314","11,534259",772236000,0.875,0.7221818181818181,1.115181818181818,0
6411,12,8,0.6666666666666666,0,Krankenhaus Neuwittelsbach Fachklinik für Innere Medizin,122,Bayern,0,"Kongregation der Barmherzigen Schwestern vom heiligen Vinzenz von Paul, München",freigemeinnützig,"48,156891","11,525647",771809000,0.23529411764705882,0.3795081967213115,1.0049180327868852,0
6412,100,74,0.74,0,Rotkreuzklinikum München gGmbH ,435,Bayern,0,Schwesternschaft München vom Bayerischen Roten Kreuz e.V.,freigemeinnützig,"48,154142","11,532669",771813000,0.1188118811881188,0.6767356321839081,1.0355632183908046,0
6413,29,15,0.5172413793103449,0,Maria-Theresia-Klinik Fachklinik für Chirurgie und Innere Medizin,52,Bayern,0,"Kongregation der Barmherzigen Schwestern vom heiligen Vinzenz von Paul, München",freigemeinnützig,"48,126669","11,549293",771810000,0.7727272727272727,0.773076923076923,1.1346153846153846,0
6414,2,2,1.0,1,Medical Park Chiemseeblick GmbH & Co. KG - Fachklinik für Psychosomatik,166,Bayern,0,Medical Park Chiemseeblick GmbH & Co. KG,privat,"47,834089","12,389731",771163000,0.8461538461538461,0.11475903614457832,0.15596385542168673,0
6415,2,2,1.0,1,Schön Klinik Berchtesgadener Land SE & Co. KG -AKUT,126,Bayern,0,Schön Klinik Berchtesgadener Land SE & Co. KG,privat,"47,602461","12,979309",772494000,0.10526315789473684,0.14396825396825397,0.18317460317460318,0
6416,91,43,0.4725274725274725,0,Klinikum Penzberg,100,Bayern,0,"Krankenhaus Penzberg GmbH, Am Schloßbichl 7, 82377 Penzberg",öffentlich,"47,754749","11,375938",773172000,0.92,0.522,0.8747,0
6417,80,60,0.75,0,Kliniken im Naturpark Altmühltal A.d.ö.R. Klinik Eichstätt,152,Bayern,0,Kliniken im Naturpark Altmühltal A. d. ö. R.,öffentlich,"48,889926","11,192551",771576000,0.6976744186046512,0.6393421052631579,1.0691447368421052,0
6418,64,42,0.65625,0,Kliniken im Naturpark Altmühltal A.d.ö.R. Klinik Kösching,181,Bayern,0,Kliniken im Naturpark Altmühltal A. d. ö. R.,öffentlich,"48,81501","11,506906",771577000,0.6341463414634146,0.4418232044198895,0.981049723756906,0
6421,94,66,0.7021276595744681,0,Klinikum Landshut Anstalt des öffentlichen Rechts der Stadt Landshut ,520,Bayern,0,Klinikum Landshut Anstalt des öffentlichen Rechts der Stadt Landshut,öffentlich,"48,538457","12,138002",773514000,0.7007299270072993,0.5892307692307692,0.9944999999999999,0
6422,126,80,0.6349206349206349,0,Krankenhaus Landshut-Achdorf,347,Bayern,0,Landshuter Kommunalunternehmen für medizinische Versorgung (LAKUMED-Kliniken),öffentlich,"48,523489","12,149075",772546000,0.9761904761904762,0.6189913544668587,1.1005475504322764,0
6423,4,3,0.75,0,Schlossklinik Rottenburg,20,Bayern,0,Landshuter Kommunalunternehmen für medizinische Versorgung (LAKUMED-Kliniken),öffentlich,"48,698087","12,003375",772547000,1.0,0.09,0.549,0
6424,10,9,0.9,1,Kinderkrankenhaus St. Marien gGmbH,120,Bayern,0,Kongregation der Solanusschwestern,freigemeinnützig,"48,534475","12,164453",772541000,0.76,0.9575833333333333,1.5751666666666666,0
6425,127,99,0.7795275590551181,1,Klinikum Passau,660,Bayern,0,Stadt Passau,öffentlich,"48,564645","13,445414",772859000,0.6051282051282051,0.7070151515151515,1.4819393939393941,0
6426,20,18,0.9,1,Ordenskliniken München-Passau gGmbH - Standort Kinderklinik Passau,80,Bayern,0,"Kliniken Dritter Orden gGmbH München, seit September 2024 Ordenskliniken München-Passau gGmbH",freigemeinnützig,"48,566439","13,446213",771263000,1.0,0.9758749999999999,1.9213749999999998,0
6427,94,70,0.7446808510638298,0,Klinikum St. Elisabeth Straubing GmbH,475,Bayern,0,Barmherzige Brüder gemeinnützige Träger GmbH und Stadt Straubing,freigemeinnützig,"48,886575","12,591767",771254000,0.6027397260273972,0.6233263157894737,1.2254526315789473,0
6428,12,5,0.4166666666666667,0,Geriatrie Klinikum St. Elisabeth an der Klinik Bogen,25,Bayern,0,Barmherzige Brüder gemeinnützige Träger GmbH und Stadt Straubing,freigemeinnützig,"48,909465","12,697475",773773000,1.0,0.306,0.7692,0
6429,44,13,0.29545454545454547,0,DONAUISAR Klinikum Landau,110,Bayern,0,"Landkreis Dingolfing-Landau, Landkreis Deggendorf",öffentlich,"48,66555","12,703129",772413000,0.8125,0.3776363636363636,0.85,0
6430,104,87,0.8365384615384616,1,DONAUISAR Klinikum Deggendorf,480,Bayern,0,Landkreise Deggendorf und Dingolfing-Landau,öffentlich,"48,839208","12,969461",772414000,0.6538461538461539,0.7128958333333333,1.1449791666666667,0
6431,2,2,1.0,1,Bezirkskrankenhaus Passau,90,Bayern,0,Bezirk Niederbayern,öffentlich,"48,566704","13,446873",771504000,0.6666666666666666,0.16266666666666665,0.6356666666666667,0
6432,5,5,1.0,1,Bezirksklinikum Mainkofen,562,Bayern,0,Bezirk Niederbayern,öffentlich,"48,805782","12,896913",771514000,0.7608695652173914,0.20151245551601424,0.8019039145907474,0
6433,76,55,0.7236842105263158,0,DONAUISAR Klinikum Dingolfing,110,Bayern,0,"Landkreis Dingolfing-Landau, Landkreis Deggendorf",öffentlich,"48,622432","12,490363",772415000,0.7380952380952381,0.6238181818181818,1.22,0
6434,13,11,0.8461538461538461,1,Asklepios Klinikum Bad Abbach GmbH,200,Bayern,0,Asklepios Klinikum Bad Abbach GmbH,privat,"48,933065","12,037794",772702000,0.7592592592592593,0.39890000000000003,0.70095,1
6435,85,69,0.8117647058823529,1,Caritas-Krankenhaus St. Lukas GmbH ,200,Bayern,0,Diözesan-Caritasverbandes (DiCV) Regensburg und Landkreis Kelheim,freigemeinnützig,"48,923733","11,885162",772085000,0.896551724137931,0.4893,0.8593,0
6436,57,34,0.5964912280701754,0,Krankenhaus Vilsbiburg,185,Bayern,0,Landshuter Kommunalunternehmen für medizinische Versorgung (LAKUMED Kliniken),öffentlich,"48,445339","12,36002",772548000,0.6486486486486487,0.46167567567567563,1.1182162162162161,0
6437,2,2,1.0,1,Johannesbad Reha-Kliniken GmbH & Co. KG,67,Bayern,0,Johannesbad Reha-Kliniken GmbH & Co. KG,privat,"48,34844","13,328867",773541000,0.4,0.26119402985074625,0.31343283582089554,0
6438,82,52,0.6341463414634146,0,Arberlandklinik Viechtach,166,Bayern,0,"Arberlandklinik Viechtach, Kommunalunternehmen",öffentlich,"49,085417","12,875766",771168000,0.7142857142857143,0.34716867469879514,1.252168674698795,0
6439,2,2,1.0,1,Rottal-Inn Klinik Simbach am Inn - Psychosomatische Fachklinik ,545,Bayern,0,Rottal-Inn Kliniken Kommunalunternehmen,öffentlich,"48,265793","13,018963",771434000,0.9230769230769231,0.03834862385321101,0.058293577981651384,0
6440,54,40,0.7407407407407407,0,Arberlandklinik Zwiesel,166,Bayern,0,"Arberlandklinik Zwiesel, Kommunalunternehmen",öffentlich,"49,007379","13,217881",771187000,0.6216216216216216,0.3293975903614458,1.1863253012048194,0
6441,89,76,0.8539325842696629,1,Rottal-Inn Klinik Standort Eggenfelden,545,Bayern,0,Rottal-Inn Kliniken Kommunalunternehmen,öffentlich,"48,413349","12,760908",771269000,0.6964285714285714,0.21651376146788992,0.46431192660550463,0
6442,16,12,0.75,0,Rottal-Inn Klinik Standort Pfarrkirchen,545,Bayern,0,Rottal-Inn Kliniken Kommunalunternehmen,öffentlich,"48,436502","12,927189",771435000,0.9090909090909091,0.047706422018348627,0.11146788990825689,0
6443,76,37,0.4868421052631579,0,Klinik Bogen,120,Bayern,0,Kommunalunternehmen Kreiskliniken Bogen-Mallersdorf,öffentlich,"48,909688","12,697078",773077000,0.08823529411764706,0.5089166666666667,1.1110833333333334,0
6444,66,39,0.5909090909090909,0,Klinik Mallersdorf,145,Bayern,0,Krankenhaustraeger,öffentlich,"48,777976","12,246359",773076000,0.375,0.4460689655172414,0.987448275862069,0
6445,16,11,0.6875,0,Orthopädische Fachklinik Schwarzach,105,Bayern,0,Pfarrer-Michael-Graf-Stiftung Schwarzach,freigemeinnützig,"48,917106","12,810395",771310000,0.6818181818181818,0.3736190476190477,0.6963809523809523,0
6446,2,2,1.0,1,Bezirkskrankenhaus Landshut,260,Bayern,0,Bezirk Niederbayern,öffentlich,"48,536611","12,133835",771857000,0.59375,0.2502692307692308,0.8629230769230769,0
6449,2,2,1.0,1,Klinik Angermühle GmbH 94469 Deggendorf,22,Bayern,0,Klinik Angermühle GmbH,privat,"48,845897","12,956752",773496000,1.0,0.4240909090909091,0.7518181818181818,0
6450,2,2,1.0,1,Fachklinik Osterhofen GmbH,127,Bayern,0,Fachklinik Osterhofen GmbH,privat,"48,704592","13,012692",771088000,1.0,0.21952755905511812,0.6080314960629921,0
6451,2,2,1.0,1,Passauer Wolf Bad Griesbach - Klinik für Neurologie,25,Bayern,0,Passauer Wolf Bad Griesbach GmbH & Co. KG,privat,"48,429734","13,184188",773652000,1.0,0.196,0.872,0
6453,2,2,1.0,1,Rheumaklinik Ostbayern,20,Bayern,0,Landkreis Passau Krankenhaus GmbH,öffentlich,"48,355128","13,315766",772518000,1.0,0.263,0.382,0
6454,51,38,0.7450980392156863,0,Krankenhaus Wegscheid,79,Bayern,0,Landkreis Passau Krankenhaus GmbH,öffentlich,"48,601291","13,793054",772460000,1.0,0.40962025316455697,0.7475949367088608,0
6455,82,48,0.5853658536585366,0,Krankenhaus Vilshofen,200,Bayern,0,Landkreis Passau Krankenhaus GmbH,öffentlich,"48,6278","13,198375",772461000,1.0,0.33399999999999996,1.06755,0
6456,75,53,0.7066666666666667,0,Krankenhaus Rotthalmünster,200,Bayern,0,Landkreis Passau Krankenhaus GmbH,öffentlich,"48,354385","13,202044",772462000,1.0,0.5096,1.1025999999999998,0
6457,50,39,0.78,1,Krankenhaus Grafenau,105,Bayern,0,Kliniken Am Goldenen Steig gGmbH,öffentlich,"48,859193","13,392778",771712000,1.0,0.35647619047619045,1.2010476190476191,0
6458,90,68,0.7555555555555555,0,Krankenhaus Freyung,260,Bayern,0,Kliniken Am Goldenen Steig gGmbH,öffentlich,"48,80536","13,546157",771713000,0.8611111111111112,0.41084615384615386,1.020846153846154,0
6459,2,2,1.0,1,Bayern,80,Bayern,0,Kliniken St. Lukas GmbH,privat,"48,440156","13,197082",773110000,1.0,0.15475,0.218875,0
6461,2,2,1.0,1,Zentrum für Psychiatrie Cham,50,Bayern,0,Medizinische Einrichtungen des Bezirks Oberpfalz - KU (Anstalt des Öffentlichen Rechts),öffentlich,"49,225635","12,659462",771752000,0.2727272727272727,0.6328,1.1352,0
6462,127,86,0.6771653543307087,0,Klinikum St. Marien Amberg,598,Bayern,0,Stadt Amberg,öffentlich,"49,447566","11,867033",772510000,0.05952380952380952,0.5851003344481606,0.9681103678929766,0
6463,28,14,0.5,0,Bezirksklinikum Regensburg,623,Bayern,0,Medizinische Einrichtungen des Bezirks Oberpfalz - KU (Anstalt des Öffentlichen Rechts),öffentlich,"48,998123","12,087364",772241000,0.1308411214953271,0.36751203852327446,1.0513162118780097,0
6464,80,68,0.85,1,Caritas-Krankenhaus St. Josef,325,Bayern,0,Caritasverband für die Diözese Regensburg e.V.,freigemeinnützig,"49,007015","12,118438",771144000,0.6213592233009708,0.7400615384615385,1.4714769230769231,0
6465,102,85,0.8333333333333334,1,Krankenhaus Barmherzige Brüder Regensburg,985,Bayern,0,Barmherzige Brüder gemeinnützige Krankenhaus GmbH,freigemeinnützig,"49,016923","12,064848",771597000,0.6336898395721925,0.8300609137055838,1.1713908629441623,0
6466,5,3,0.6,0,St. Johannes Klinik,30,Bayern,0,"Kommunalunternehmen ""Krankenhäuser des Landkreises Amberg-Sulzbach""",öffentlich,"49,698288","11,619371",773645000,0.5,0.214,0.713,0
6467,127,82,0.6456692913385826,0,Kliniken Nordoberpfalz AG - Weiden,649,Bayern,0,Kliniken Nordoberpfalz AG,öffentlich,"49,680724","12,166753",771930000,0.49074074074074076,0.6402157164869029,1.173528505392912,0
6468,86,71,0.8255813953488372,1,St. Anna Krankenhaus,165,Bayern,0,"Kommunalunternehmen ""Krankenhäuser des Landkreises Amberg-Sulzbach"" AöR",öffentlich,"49,504916","11,729883",773646000,0.8,0.5515757575757576,1.6726060606060607,0
6469,94,72,0.7659574468085106,0,Klinikum Neumarkt,500,Bayern,0,Landkreis Neumarkt i.d.OPf. - Kommunale Anstalt des öffentlichen Rechts des Landkreises Neumarkt i.d.OPf.,öffentlich,"49,285523","11,451849",771096000,0.6818181818181818,0.6259199999999999,1.61126,0
6470,2,2,1.0,1,Bezirkskrankenhaus Wöllershof,175,Bayern,0,Medizinische Einrichtungen des Bezirks Oberpfalz - KU (Anstalt des Öffentlichen Rechts),öffentlich,"49,748672","12,180699",772242000,0.13333333333333333,0.2257142857142857,0.8304571428571428,0
6471,69,47,0.6811594202898551,0,Kreisklinik Wörth an der Donau,120,Bayern,0,Landkreis Regensburg,öffentlich,"48,999016","12,39925",771098000,0.88,0.7005833333333332,1.308,0
6472,74,55,0.7432432432432432,0,Asklepios Klinik im Städtedreieck,120,Bayern,0,Asklepios Südpfalzkliniken GmbH,privat,"49,203581","12,035079",772866000,0.7407407407407407,0.52375,2.778,1
6473,13,10,0.7692307692307693,0,Asklepios Orthopädische Klinik Lindenlohe,95,Bayern,0,Asklepios Klinik Lindenlohe GmbH,privat,"49,359313","12,158093",772994000,0.4666666666666667,0.43263157894736837,1.0113684210526315,1
6474,56,23,0.4107142857142857,0,Asklepios Klinik Oberviechtach,40,Bayern,0,Asklepios Klinikum Bad Abbach GmbH,privat,"49,461631","12,412334",773163000,1.0,0.35,1.5505,1
6475,91,72,0.7912087912087912,1,Krankenhaus St. Barbara,267,Bayern,0,Barmherzige Brüder gemeinnützige Krankenhaus GmbH,freigemeinnützig,"49,316471","12,114455",771113000,0.7627118644067796,0.5721722846441948,1.2426966292134831,0
6476,33,23,0.696969696969697,0,Kliniken Nordoberpfalz AG - Krankenhaus Kemnath,100,Bayern,0,Kliniken Nordoberpfalz AG,öffentlich,"49,868008","11,890942",771934000,0.7272727272727273,0.2846,0.9544,0
6477,52,33,0.6346153846153846,0,Kliniken Nordoberpfalz AG - Tirschenreuth,145,Bayern,0,Kliniken Nordoberpfalz AG,öffentlich,"49,885191","12,332032",771933000,0.4375,0.3836551724137931,0.9893103448275862,0
6478,2,2,1.0,1,Spezialklinik Neukirchen GmbH & Co KG Haus Neukirchen,80,Bayern,0,Univ. Doz. Dr. John Ionescu,privat,"49,259766","12,967734",773623000,0.75,0.077875,0.138625,0
6479,2,2,1.0,1,Spezialklinik Neukirchen GmbH & Co KG Standort Rötz,60,Bayern,0,Univ. Doz. Dr. John Ionescu,privat,"49,342214","12,524352",773624000,1.0,0.075,0.1375,0
6480,2,2,1.0,1,Heiligenfeld GmbH Klinik Waldmünchen,130,Bayern,0,Heiligenfeld GmbH Klinik Waldmünchen,privat,"49,373718","12,706616",772168000,1.0,0.06746153846153846,0.13638461538461538,0
6481,167,117,0.7005988023952096,0,Universitätsklinikum Regensburg,845,Bayern,1,Rechtsfähige Anstalt des öffentlichen Rechts des Freistaates Bayern,öffentlich,"48,987983","12,090491",771402000,0.026607538802660754,1.1226153846153846,1.7194437869822485,1
6482,2,2,1.0,1,Reha-Zentrum Nittenau GmbH,17,Bayern,0,Reha-Zentrum Nittenau GmbH,privat,"49,192607","12,26621",773653000,1.0,0.20588235294117646,3.2941176470588234,0
6483,29,10,0.3448275862068966,0,Sana Kliniken des Landkreises Cham - Krankenhaus Bad Kötzting,50,Bayern,0,Sana Kliniken AG,privat,"49,183827","12,859742",772428000,1.0,0.17,0.47479999999999994,0
6484,94,74,0.7872340425531915,1,Sana Kliniken des Landkreises Cham - Krankenhaus Cham,220,Bayern,0,Sana Kliniken AG,privat,"49,225489","12,659627",772430000,0.8888888888888888,0.595,1.3525454545454545,0
6485,2,2,1.0,1,TCM-Klinik Bad Kötzting,75,Bayern,0,"TCM-Klinik Bad Kötzting, Erste Deutsche Klinik für Traditionelle Chinesische Medizin",privat,"49,174139","12,856157",772371000,1.0,0.2341333333333333,0.2425333333333333,0
6486,102,85,0.8333333333333334,1,Klinikum Bamberg - Betriebsstätte am Bruderwald,1136,Bayern,0,Sozialstiftung Bamberg  -rechtsfähige örtliche Stiftung des öffentlichen Rechts-,öffentlich,"49,867722","10,891057",771420000,0.0821917808219178,0.43169014084507046,1.3217957746478872,0
6487,21,14,0.6666666666666666,0,Klinikum Bamberg - Betriebsstätte am Michelsberg,1136,Bayern,0,Sozialstiftung Bamberg  -rechtsfähige örtliche Stiftung des öffentlichen Rechts-,öffentlich,"49,89297","10,872249",771421000,0.0821917808219178,0.04995598591549296,0.18496478873239436,0
6488,66,37,0.5606060606060606,0,Klinik Hohe Warte,336,Bayern,0,Klinikum Bayreuth GmbH,öffentlich,"49,967004","11,584786",772661000,0.6349206349206349,0.46270833333333333,1.171547619047619,0
6489,127,104,0.8188976377952756,1,Klinikum Bayreuth,712,Bayern,0,Klinikum Bayreuth GmbH,öffentlich,"49,943848","11,534237",772810000,0.5952380952380952,0.6001966292134832,1.1379494382022473,0
6493,2,2,1.0,1,Bezirkskrankenhaus Bayreuth,333,Bayern,0,GeBO - Gesundheitseinrichtungen des Bezirks Oberfranken,öffentlich,"49,954802","11,567608",772410000,0.3103448275862069,0.23621621621621622,0.874054054054054,0
6494,127,80,0.6299212598425197,0,Klinikum Coburg GmbH,531,Bayern,0,Klinikum Coburg ,öffentlich,"50,247063","10,972733",771718000,0.3586206896551724,0.5548022598870056,1.3602636534839927,0
6495,103,83,0.8058252427184466,1,Sana Klinikum Hof,465,Bayern,0,Sana Kliniken AG,privat,"50,30275","11,915283",771124000,0.5934065934065934,0.533763440860215,0.9166881720430109,1
6496,74,39,0.527027027027027,0,Gemeinnützige Krankenhausgesellschaft des Landkreises Bamberg mbH - Betriebsstätte Juraklinik Scheßlitz,130,Bayern,0,Gemeinnützige Krankenhausgesellschaft des Landkreises Bamberg mbH,öffentlich,"49,979081","11,038271",772340000,0.9047619047619048,0.3996923076923076,1.122153846153846,0
6497,57,46,0.8070175438596491,1,Gemeinnützige Krankenhausgesellschaft des Landkreises Bamberg mbH - Betriebsstätte Steigerwaldklinik Burgebrach,118,Bayern,0,Gemeinnützige Krankenhausgesellschaft des Landkreises Bamberg mbH,öffentlich,"49,818907","10,731329",772341000,0.7352941176470589,0.5641525423728813,1.3700847457627117,0
6498,71,39,0.5492957746478874,0,Sana Klinik Pegnitz GmbH,100,Bayern,0,Sana Kliniken AG,privat,"49,757487","11,52757",771968000,0.8148148148148148,0.35600000000000004,1.902,1
6499,50,42,0.84,1,Klinikum Forchheim Fränkische Schweiz gGmbH Standort Forchheim,225,Bayern,0,Klinikum Forchheim Fränkische Schweiz gGmbH,öffentlich,"49,713719","11,079462",771246000,0.1,0.5743555555555556,0.6796888888888889,0
6500,95,52,0.5473684210526316,0,Kliniken Hochfranken - Klinik Münchberg,235,Bayern,0,Kommunalunternehmen des Landkreises Hof,öffentlich,"50,195355","11,793603",771552000,0.7777777777777778,0.37353191489361703,0.6756595744680851,0
6501,78,55,0.7051282051282052,0,Kliniken Hochfranken - Klinik Naila,165,Bayern,0,Kommunalunternehmen des Landkreises Hof,öffentlich,"50,32475","11,720983",771553000,0.8275862068965517,0.3617575757575757,0.8214545454545454,0
6502,94,74,0.7872340425531915,1,Helios Frankenwaldklinik Kronach,282,Bayern,0,Helios Frankenwaldklinik Kronach GmbH,privat,"50,243596","11,33251",771070000,0.9565217391304348,0.3925531914893617,0.9921985815602837,1
6503,127,86,0.6771653543307087,0,Klinikum Kulmbach,540,Bayern,0,Zweckverband Klinikum Kulmbach,öffentlich,"50,118408","11,466022",771090000,0.6274509803921569,0.49275925925925923,1.4939074074074072,0
6504,5,4,0.8,1,Fachklinik Stadtsteinach,25,Bayern,0,Zweckverband Klinikum Kulmbach,öffentlich,"50,166273","11,50078",771091000,1.0,0.2708,0.598,0
6505,2,2,1.0,1,Klinik Wirsberg GmbH & Co. KG  Klinik für Psychiatrie und Psychotherapie,48,Bayern,0,Felix Pinkow-Margerie,privat,"50,118268","11,613019",773648000,0.6666666666666666,0.10416666666666667,0.2708333333333333,0
6506,5,5,1.0,1,Bezirksklinikum Obermain,278,Bayern,0,GeBO - Gesundheitseinrichtungen des Bezirks Oberfranken,öffentlich,"50,049012","10,972507",772404000,0.5,0.20050359712230215,0.7285611510791367,0
6509,94,74,0.7872340425531915,1,REGIOMED Klinikum Lichtenfels,276,Bayern,0,Helmut-G.-Walther-Klinikum Lichtenfels,öffentlich,"50,138324","11,08082",771719000,0.6716417910447762,0.566304347826087,1.2619565217391304,0
6510,98,70,0.7142857142857143,0,Kommunalunternehmen Klinikum Fichtelgebirge - Haus Marktredwitz,263,Bayern,0,Kommunalunternehmen Klinikum Fichtelgebirge,öffentlich,"50,001793","12,067035",771308000,0.11267605633802817,0.5845247148288973,0.9887832699619772,0
6511,30,25,0.8333333333333334,1,Kommunalunternehmen Klinikum Fichtelgebirge - Haus Selb,115,Bayern,0,Kommunalunternehmen Klinikum Fichtelgebirge,öffentlich,"50,168743","12,118508",771309000,0.0,0.21860869565217392,0.6594782608695653,0
6512,2,1,0.5,0,Bezirksklinik Rehau,142,Bayern,0,GeBO - Gesundheitseinrichtungen des Bezirks Oberfranken,öffentlich,"50,23858","12,037288",772411000,0.5454545454545454,0.17556338028169013,0.8632394366197182,0
6513,2,2,1.0,1,Schön Klinik Bad Staffelstein,175,Bayern,0,Schön Klinik SE,privat,"50,111161","10,992415",772495000,0.6666666666666666,0.15885714285714286,0.8973142857142857,0
6514,2,1,0.5,0,Medical Park Bad Rodach,25,Bayern,0,Medical Park Bad Rodach,privat,"50,331097","10,76647",773636000,1.0,0.14,0.988,0
6515,41,31,0.7560975609756098,0,Klinikum Forchheim - Fränkische Schweiz gGmbH,85,Bayern,0,Klinikum Forchheim - Fränkische Schweiz gGmbH,öffentlich,"49,77936","11,17964",772134000,0.7692307692307693,0.4099999999999999,1.3215294117647056,0
6516,16,11,0.6875,0,Klinik Neustadt GmbH,54,Bayern,0,Klinikum Coburg,öffentlich,"50,327123","11,129014",771720000,0.5,0.19999999999999998,1.9074074074074074,0
6517,2,2,1.0,1,Klinik am Park Bad Steben GmbH,34,Bayern,0,Klinik am Park Bad Steben GmbH,privat,"50,361703","11,634558",773532000,0.5,0.17647058823529413,0.2426470588235294,0
6518,31,26,0.8387096774193549,1,ANregiomed-Klinik Dinkelsbühl,130,Bayern,0,"ANregiomed gKU, AöR: Gemeinsames Kommunalunternehmen der Stadt Ansbach und des Landkreises Ansbach",öffentlich,"49,074774","10,317812",773458000,0.8571428571428571,0.4336153846153846,1.3311538461538461,0
6519,86,59,0.686046511627907,0,ANregiomed Klinik Rothenburg,165,Bayern,0,"ANregiomed gKU, AöR: Gemeinsames Kommunalunternehmen der Stadt Ansbach und des Landkreises Ansbach",öffentlich,"49,377445","10,199911",773459000,0.16666666666666666,0.3235757575757576,1.3256363636363635,0
6520,93,72,0.7741935483870968,1,ANregiomed Klinikum Ansbach,360,Bayern,0,"ANregiomed gKU, AöR:
Gemeinsames Kommunalunternehmen
der Stadt Ansbach und des Landkreises Ansbach",öffentlich,"49,321166","10,558776",773460000,0.5714285714285714,0.5215277777777778,1.4005555555555556,0
6521,2,2,1.0,1,Bezirksklinikum Ansbach,422,Bayern,0,"Bezirkskliniken Mittelfranken, Anstalt des öffentlichen Rechts (Kommunalunternehmen) des Bezirks Mittelfranken",öffentlich,"49,293017","10,546439",771740000,0.3793103448275862,0.22739336492890996,0.7793364928909953,0
6525,2,1,0.5,0,Klinik für Psychiatrie und Psychotherapie Fürth des Klinikums am Europakanal Erlangen,120,Bayern,0,"Bezirkskliniken Mittelfranken, Anstalt des öffentlichen Rechts (Kommunalunternehmen) des Bezirks Mittelfranken",öffentlich,"49,484616","10,972197",771745000,0.2727272727272727,0.23700000000000002,0.6938333333333334,0
6526,2,1,0.5,0,Klinikum am Europakanal,387,Bayern,0,"Bezirkskliniken Mittelfranken, Anstalt des öffentlichen Rechts (Kommunalunternehmen) des Bezirks Mittelfranken",öffentlich,"49,604507","10,968613",771746000,0.1875,0.24082687338501294,0.7546511627906975,0
6527,67,52,0.7761194029850746,1,Malteser Waldkrankenhaus St. Marien,290,Bayern,0,Malteser Deutschland gGmbH,freigemeinnützig,"49,610415","11,019759",771393000,0.19444444444444445,0.6986551724137932,1.6114827586206897,0
6528,130,86,0.6615384615384615,0,Klinikum Fürth,771,Bayern,0,Selbständiges Kommunalunternehmen Klinikum Fürth Anstalt des öffentlichen Rechts,öffentlich,"49,484504","10,974965",771362000,0.528169014084507,0.5963813229571985,1.259792477302205,0
6529,8,6,0.75,0,Klinikum Nürnberg - Außenstelle Kinder- und Jugendklinik Neumarkt,13,Bayern,0,Klinikum Nürnberg - gemeinnützige Anstalt des öffentlichen Rechts,öffentlich,"49,286056","11,452018",771359000,0.5,1.4615384615384615,1.1153846153846154,0
6530,75,51,0.68,0,Klinikum Nürnberg Nord,1215,Bayern,0,Klinikum Nürnberg - gemeinnützige Anstalt des öffentlichen Rechts,öffentlich,"49,463117","11,063412",771374000,0.061170212765957445,0.6765432098765433,1.2270781893004117,0
6531,136,101,0.7426470588235294,0,Klinikum Nürnberg Süd,929,Bayern,0,Klinikum Nürnberg - gemeinnützige Anstalt des öffentlichen Rechts,öffentlich,"49,413011","11,149219",771375000,0.06162464985994398,0.77502691065662,1.3801937567276643,0
6532,94,73,0.776595744680851,1,St. Theresien-Krankenhaus Nürnberg gGmbH,230,Bayern,0,"TGE-gTrägergesellschaft mbH für die Einrichtungen der Schwestern vom Göttlichen Erlöser (Niederbronner Schwestern), Provinz Deutschland und Österreich",freigemeinnützig,"49,469585","11,109385",771452000,0.0,0.5430869565217391,1.509913043478261,0
6533,2,2,1.0,1,Maximilians-Augenklinik,22,Bayern,0,Maximilians-Augenklinik,privat,"49,468603","11,129617",771811000,1.0,1.1500000000000001,1.6663636363636365,0
6534,42,32,0.7619047619047619,0,Internistische Klinik Dr. Steger AG,37,Bayern,0,Internistische Klinik Dr. Steger AG,privat,"49,44587","11,110004",773228000,1.0,0.25513513513513514,0.6345945945945946,0
6535,57,29,0.5087719298245614,0,Kliniken Dr. Erler gGmbH,220,Bayern,0,Dr. Fritz Erler Stiftung,,"49,453772","11,067578",771076000,0.1411764705882353,0.6934545454545454,2.048363636363636,0
6536,37,25,0.6756756756756757,0,Krankenhaus Schwabach gGmbH,170,Bayern,0,Krankenhaus Schwabach gGmbH,freigemeinnützig,"49,332653","11,012522",771792000,0.6486486486486487,0.4814705882352941,0.9596470588235295,0
6537,51,40,0.7843137254901961,1,Kreiskrankenhaus Höchstadt,80,Bayern,0,Landkreis Erlangen-Höchstadt,öffentlich,"49,705969","10,804814",771666000,0.75,0.41600000000000004,1.021125,0
6538,63,33,0.5238095238095238,0,Klinik Bad Windsheim,179,Bayern,0,Landkreis Neustadt an der Aisch - Bad Windsheim,öffentlich,"49,515081","10,411938",771498000,0.72,0.3583798882681565,0.6087150837988827,0
6539,75,56,0.7466666666666667,0,Klinik Neustadt an der Aisch,181,Bayern,0,Landkreis Neustadt an der Aisch - Bad Windsheim,öffentlich,"49,582026","10,621789",771499000,0.6521739130434783,0.6533701657458564,1.3419889502762432,0
6540,43,33,0.7674418604651163,0,Krankenhaus Rummelsberg,275,Bayern,0,Sana Kliniken AG,privat,"49,362133","11,263945",771521000,0.7195121951219512,0.44574545454545456,2.6242909090909095,0
6541,2,2,1.0,1,Frankenalb-Klinik Engelthal,211,Bayern,0,"Bezirkskliniken Mittelfranken, Anstalt des öffentlichen Rechts (Kommunalunternehmen) des Bezirks Mittelfranken",öffentlich,"49,477098","11,406908",771747000,0.5652173913043478,0.20407582938388627,0.6564928909952608,0
6542,43,16,0.37209302325581395,0,Krankenhäuser Nürnberger Land GmbH - Krankenhaus Altdorf,79,Bayern,0,Klinikum Nürnberg,öffentlich,"49,385102","11,359443",771145000,1.0,0.21113924050632912,0.9920253164556962,0
6543,74,51,0.6891891891891891,0,Krankenhäuser Nürnberger Land GmbH - Krankenhaus Lauf,236,Bayern,0,Klinikum Nürnberg,öffentlich,"49,52022","11,279399",771186000,0.6666666666666666,0.27228813559322035,1.2175,0
6544,84,54,0.6428571428571429,0,Kreisklinik Roth,270,Bayern,0,Kreisklinik Roth - selbständiges Kommunalunternehmen des Landkreises Roth,öffentlich,"49,2356","11,072734",773078000,0.9047619047619048,0.4247037037037037,0.8104444444444445,0
6545,43,38,0.8837209302325582,1,Klinikum Altmühlfranken Gunzenhausen,210,Bayern,0,Landkreis Weißenburg-Gunzenhausen,öffentlich,"49,107583","10,774125",771174000,0.5,0.3831428571428571,0.9230952380952381,0
6546,161,133,0.8260869565217391,1,Universitätsklinikum Erlangen,1462,Bayern,1,Freistaat Bayern,öffentlich,"49,600814","11,010413",771175000,0.032467532467532464,0.8768399452804378,1.3944596443228452,1
6547,63,29,0.4603174603174603,0,Klinikum Altmühlfranken Weißenburg,190,Bayern,0,Landkreis Weißenburg-Gunzenhausen,öffentlich,"49,034471","10,984474",771357000,0.5862068965517241,0.44563157894736843,0.8986842105263158,0
6548,2,2,1.0,1,Kirinus PsoriSol Klinik,150,Bayern,0,PsoriSol Hautklinik GmbH,privat,"49,50857","11,433953",772281000,0.5,0.16573333333333332,0.33893333333333336,0
6549,2,1,0.5,0,Dr. Becker Kiliani Klinik,40,Bayern,0,Dr. Becker Klinikgesellschaft SE & Co. KG,privat,"49,509113","10,411835",772725000,1.0,0.23825,1.40025,0
6550,67,53,0.7910447761194029,1,Krankenhaus Martha-Maria Nürnberg,310,Bayern,0,Martha-Maria Krankenhaus gGmbH,freigemeinnützig,"49,482299","11,135901",772237000,0.7096774193548387,0.6448387096774194,1.4859354838709677,0
6551,5,5,1.0,1,Ansbach,75,Bayern,0,Diakoneo KdöR; Wilhelm-Löhe-Str. 16; 91564 Neuendettelsau,freigemeinnützig,"49,326094","10,540332",773714000,1.0,0.18666666666666668,0.7839999999999999,0
6552,2,2,1.0,1,m&i Fachklinik Herzogenaurach,75,Bayern,0,m&i–Klinikgesellschaft in Herzogenaurach GmbH,privat,"49,577071","10,870107",771874000,0.875,0.20666666666666667,0.5733333333333334,0
6553,30,20,0.6666666666666666,0,Klinik am Birkenwald GmbH,50,Bayern,0,Klinik am Birkenwald GmbH,privat,"49,423681","11,02418",772224000,0.8909090909090909,0.65,0.6904,1
6554,17,14,0.8235294117647058,1,310KLINIK GmbH,41,Bayern,0,310Klinik GmbH,privat,"49,481319","11,1213",773550000,0.5294117647058824,0.7121951219512195,1.229268292682927,0
6555,2,2,1.0,1,Heiligenfeld Klinik Uffenheim GmbH,90,Bayern,0,Heiligenfeld Klinik Uffenheim GmbH,privat,"49,54227","10,235514",772164000,0.8333333333333334,0.16377777777777777,0.113,0
6556,13,10,0.7692307692307693,0,Bergman Deutsche Klinik Aschaffenburg GmbH,42,Bayern,0,Bergman Deutsche Klinik Aschaffenburg GmbH,privat,"49,975277","9,155327",771150000,0.8333333333333334,0.37238095238095237,1.0854761904761905,0
6557,28,15,0.5357142857142857,0,Aschaffenburg,30,Bayern,0,Krankenhaustraeger,privat,"49,978601","9,133113",773702000,,0.2,0.6943333333333332,0
6558,102,82,0.803921568627451,1,Leopoldina-Krankenhaus der Stadt Schweinfurt GmbH,709,Bayern,0,Stadt Schweinfurt,öffentlich,"50,051936","10,243572",771529000,0.5852272727272727,0.5157968970380817,1.2468829337094498,0
6559,76,54,0.7105263157894737,0,Krankenhaus St. Josef,272,Bayern,0,Kongregation der Schwestern des Erlösers,freigemeinnützig,"50,043851","10,225561",771550000,0.6964285714285714,0.3457720588235294,1.0600735294117647,0
6560,175,138,0.7885714285714286,1,Universitätsklinikum Würzburg,1452,Bayern,1,"Universitätsklinikum Würzburg, Anstalt des öffentlichen Rechts",öffentlich,"49,807104","9,958309",773642000,0.07592891760904685,0.8946280991735537,1.431026170798898,1
6561,13,10,0.7692307692307693,0,Klinik König-Ludwig-Haus,184,Bayern,0,Bezirk Unterfranken,öffentlich,"49,782504","9,947813",771896000,0.55,0.49190217391304353,0.8901086956521739,0
6562,34,26,0.7647058823529411,0,Theresienklinik Würzburg,40,Bayern,0,Kongregation der Schwestern des Erlösers,freigemeinnützig,"49,792106","9,931961",773517000,1.0,0.525,1.3824999999999998,0
6563,20,16,0.8,1,Helios OrthoClinic Hammelburg,50,Bayern,0,Helios St. Elisabeth-Krankenhaus Bad Kissingen GmbH,privat,"50,119759","9,898289",773314000,0.8461538461538461,0.318,0.8439999999999999,1
6564,74,53,0.7162162162162162,0,Helios St. Elisabeth-Krankenhaus Bad Kissingen,225,Bayern,0,Helios St. Elisabeth-Krankenhaus Bad Kissingen GmbH,privat,"50,189853","10,08306",773431000,0.9137931034482759,0.37422222222222223,0.9164444444444444,1
6565,5,5,1.0,1,Thoraxzentrum Bezirk Unterfranken,90,Bayern,0,Bezirk Unterfranken,öffentlich,"50,250922","10,178251",773356000,1.0,0.2767777777777778,0.9661111111111111,0
6566,79,49,0.620253164556962,0,Hassberg-Kliniken Haus Haßfurt,150,Bayern,0,"Kommunalunternehmen Haßberg-Kliniken, Anstalt des öffentlichen Rechts des Landkreises Haßberge",öffentlich,"50,040313","10,51481",771093000,0.6857142857142857,0.4786,1.3581333333333334,0
6567,20,10,0.5,0,Hassberg-Kliniken Haus Ebern,50,Bayern,0,"Kommunalunternehmen Haßberg-Kliniken, Anstalt des öffentlichen Rechts des Landkreises Haßberge",öffentlich,"50,097006","10,798469",771094000,0.5,0.28300000000000003,0.5756,0
6568,102,74,0.7254901960784313,0,Klinik Kitzinger Land,200,Bayern,0,Klinik Kitzinger Land - Kommunalunternehmen des Landkreises Kitzingen (AöR),öffentlich,"49,743731","10,139103",773323000,0.14545454545454545,0.5725,1.2209,0
6569,67,54,0.8059701492537313,1,Klinikum Main-Spessart Lohr,220,Bayern,0,Landkreis Main-Spessart,öffentlich,"49,996114","9,57211",771610000,0.6595744680851063,0.4295,1.4864090909090908,0
6571,2,0,0.0,0,BKH Lohr KH für Psychiatrie Psychotherapie und Psychosomatische Medizin,295,Bayern,0,Bezirk Unterfranken,öffentlich,"49,989925","9,567219",771137000,0.6229508196721312,0.2821016949152542,0.8568135593220337,0
6572,2,2,1.0,1,Psychiatrische Klinik Aschaffenburg,50,Bayern,0,Bezirk Unterfranken ,öffentlich,"49,978027","9,189906",773834000,0.1,0.24520000000000003,0.6498,0
6573,86,74,0.8604651162790697,1,Helios Klinik Erlenbach,267,Bayern,0,Kliniken Miltenberg-Erlenbach GmbH,privat,"49,811506","9,166757",771578000,0.5714285714285714,0.4370786516853933,1.0790262172284646,1
6574,6,4,0.6666666666666666,0,Helios Klinik Miltenberg,8,Bayern,0,Kliniken Miltenberg-Erlenbach GmbH,privat,"49,7035","9,228513",771579000,,0.125,0.6124999999999999,1
6575,73,40,0.547945205479452,0,Geomed-Kreisklinik,95,Bayern,0,GEOMED-KREISKLINIK GmbH,öffentlich,"49,900322","10,355721",772867000,1.0,0.312,1.2429473684210526,0
6576,13,8,0.6153846153846154,0,Krankenhaus Markt Werneck,40,Bayern,0,Markt Werneck,öffentlich,"49,981482","10,099646",773610000,,0.25,1.1789999999999998,0
6577,17,16,0.9411764705882353,1,Orthopädisches Krankenhaus Schloss Werneck,100,Bayern,0,Bezirk Unterfranken,öffentlich,"49,980161","10,101362",771351000,0.90625,0.6194,1.2473,0
6579,2,2,1.0,1,Krankenhaus für Psychiatrie Psychotherapie und Psychosomatische Medizin,290,Bayern,0,Bezirk Unterfranken,öffentlich,"49,978693","10,098725",771350000,0.9166666666666666,0.24462068965517242,0.7550689655172412,0
6580,59,40,0.6779661016949152,0,Main-Klinik Ochsenfurt gGmbH,140,Bayern,0,Main-Klinik Ochsenfurt gGmbH,öffentlich,"49,660272","10,088237",772152000,0.8157894736842105,0.6214285714285714,1.2499285714285715,0
6581,2,2,1.0,1,Psychosomatische Klinik Bad Neustadt,251,Bayern,0,RHÖN-KLINIKUM AG,privat,"50,317607","10,224746",771131000,1.0,0.14772908366533863,0.14768924302788844,0
6582,2,2,1.0,1,Vital Klinik Alzenau,42,Bayern,0,Vital Klinik GmbH & Co. KG,privat,"50,100469","9,091821",771322000,1.0,0.2895238095238095,0.49000000000000005,0
6583,24,14,0.5833333333333334,0,Fachklinikum Mainschleife,40,Bayern,0,Fachklinikum Mainschleife,privat,"49,865964","10,22996",771373000,1.0,0.44275000000000003,0.71575,1
6584,27,19,0.7037037037037037,0,HESCURO KLINIK Bad Brückenau,70,Bayern,0,Deutsche Regional Klinik GmbH,privat,"50,307459","9,784848",771526000,1.0,0.22242857142857142,0.942,0
6586,2,2,1.0,1,Fachklinik Heiligenfeld,135,Bayern,0,Heiligenfeld Kliniken GmbH,privat,"50,187505","10,070433",772163000,1.0,0.11081481481481482,0.0905925925925926,0
6587,17,14,0.8235294117647058,1,Rotkreuzklinik Würzburg  gGmbH ,100,Bayern,0,Rotkreuzklinik Würzburg gGmbH,freigemeinnützig,"49,79515","9,938843",773443000,1.0,0.1378,0.9840000000000001,0
6589,2,2,1.0,1,Augenklinik Schweinfurt-Gerolzhofen,7,Bayern,0,OSG Krankenhaus Träger GmbH,privat,"49,900806","10,355852",772192000,0.8,1.1714285714285713,1.0714285714285714,0
6591,161,115,0.7142857142857143,0,Universitätsklinikum Augsburg - Medizincampus,1531,Bayern,1,Freistaat Bayern,öffentlich,"48,384278","10,838583",772997000,0.01867219917012448,0.6854866100587851,1.4159503592423255,1
6592,35,16,0.45714285714285713,0,Universitätsklinikum Augsburg - Medizincampus Süd,168,Bayern,1,Freistaat Bayern,öffentlich,"48,306044","10,916625",773108000,0.0,0.43666666666666665,0.8439880952380951,1
6593,99,60,0.6060606060606061,0,die stadtklinik im diako,135,Bayern,0,Evangelische Diakonissenanstalt Augsburg,freigemeinnützig,"48,368319","10,88834",773618000,0.1,0.45866666666666667,1.1482222222222223,0
6594,40,35,0.875,1,KJF Klinik Josefinum gGmbH,348,Bayern,0,Katholische Jugendfürsorge der Diözese Augsburg e. V.,freigemeinnützig,"48,385065","10,87489",773482000,0.6935483870967742,0.5898850574712644,1.4310919540229883,0
6599,59,42,0.711864406779661,0,Klinik Vincentinum GmbH & Co. KG,248,Bayern,0,Klinik Vincentinum GmbH & Co. KG,privat,"48,374539","10,904046",773673000,1.0,0.26467741935483874,1.3573387096774194,0
6600,17,16,0.9411764705882353,1,Orthopädische Fachkliniken der Hessing Stiftung,160,Bayern,0,Hessing Stiftung,freigemeinnützig,"48,339587","10,865911",773598000,0.5714285714285714,0.7045,1.0835625,0
6601,2,2,1.0,1,Bezirkskrankenhaus Kaufbeuren,202,Bayern,0,Bezirkskliniken Schwaben,öffentlich,"47,883363","10,612119",772201000,0.2222222222222222,0.2845049504950495,0.8398019801980198,0
6602,102,82,0.803921568627451,1,Klinikum Kaufbeuren,434,Bayern,0,Landkreis Ostallgäu und Stadt Kaufbeuren,öffentlich,"47,887953","10,611177",773614000,0.7380952380952381,0.698110599078341,1.471774193548387,0
6603,109,83,0.7614678899082569,0,Klinikverbund Allgäu gGmbH - Klinikum Kempten,510,Bayern,0,Klinikverbund Allgäu gGmbH,öffentlich,"47,732856","10,302372",771222000,0.17040358744394618,0.5962156862745098,1.4233529411764705,0
6604,5,4,0.8,1,Klinikverbund Allgäu gGmbH - Klinik Sonthofen,35,Bayern,0,Klinikverbund Allgäu gGmbH,öffentlich,"47,508741","10,278034",771224000,,0.124,0.8042857142857143,0
6605,121,72,0.5950413223140496,0,Klinikverbund Allgäu gGmbH - Klinik Immenstadt,166,Bayern,0,Klinikverbund Allgäu gGmbH,öffentlich,"47,562595","10,227857",771223000,0.1891891891891892,0.6909036144578313,1.8864457831325303,0
6606,16,13,0.8125,1,Klinikverbund Allgäu gGmbH - Klinik Oberstdorf,70,Bayern,0,Klinikverbund Allgäu gGmbH,öffentlich,"47,410904","10,281992",771225000,0.058823529411764705,0.3947142857142857,0.798,0
6607,127,81,0.6377952755905512,0,Klinikum Memmingen AöR,500,Bayern,0,Stadt Memmingen,öffentlich,"47,982972","10,169085",772549000,0.9512195121951219,0.76,1.768,0
6608,73,45,0.6164383561643836,0,Krankenhaus Aichach,100,Bayern,0,Landkreis Aichach-Friedberg,öffentlich,"48,462053","11,139078",773008000,0.7037037037037037,0.4701000000000001,1.1442,0
6609,99,57,0.5757575757575758,0,Krankenhaus Friedberg,180,Bayern,0,Landkreis Aichach-Friedberg,öffentlich,"48,356108","10,986171",773009000,0.8235294117647058,0.4895555555555556,0.9898888888888889,0
6610,39,37,0.9487179487179487,1,Wertachklinik Bobingen,130,Bayern,0,Gemeinsames Kommunalunternehmen Wertachkliniken Bobingen und Schwabmünchen,öffentlich,"48,281611","10,822922",771588000,0.5833333333333334,0.3332307692307693,1.4122307692307692,0
6611,2,2,1.0,1,Waldhausklinik Deuringen gGmbH,40,Bayern,0,Waldhausklinik Deuringen gGmbH,privat,"48,365481","10,812257",773737000,1.0,0.24500000000000002,0.575,0
6612,57,35,0.6140350877192983,0,Wertachklinik Schwabmünchen,126,Bayern,0,Gemeinsames Kommunalunternehmen Wertachkliniken Bobingen und Schwabmünchen,öffentlich,"48,175829","10,74609",771587000,0.7307692307692307,0.41960317460317464,1.4018253968253969,0
6613,42,34,0.8095238095238095,1,Kreisklinik Wertingen,117,Bayern,0,Landkreis Dillingen a.d. Donau,öffentlich,"48,565653","10,679134",773632000,0.8181818181818182,0.40025641025641023,0.6848717948717948,0
6614,100,73,0.73,0,Kommunalunternehmen Kreiskliniken Günzburg-Krumbach Klinik Günzburg,240,Bayern,0,"Selbständiges Kommunalunternehmen Kreiskliniken Günzburg - Krumbach, Klinik Günzburg",öffentlich,"48,457439","10,293619",771661000,0.6226415094339622,0.409125,1.2157083333333332,0
6615,13,6,0.46153846153846156,0,Bezirkskliniken Schwaben Bezirkskrankenhaus Günzburg,422,Bayern,1,Bezirkskliniken Schwaben,öffentlich,"48,460095","10,291112",772203000,0.6410256410256411,0.3859241706161138,2.9918246445497627,0
6616,104,59,0.5673076923076923,0,Kreisklinik Krumbach,164,Bayern,0,Selbständiges Kommunalunternehmen Kreiskliniken Günzburg - Krumbach,öffentlich,"48,237225","10,365919",771662000,0.9117647058823529,0.4520121951219512,1.3059146341463415,0
6617,54,44,0.8148148148148148,1,Asklepios Klinik Lindau,110,Bayern,0,Asklepios Klinik Lindau GmbH,privat,"47,563715","9,683951",771419000,0.7450980392156863,0.485,1.479090909090909,1
6618,89,56,0.6292134831460674,0,Donauklinik Neu-Ulm,170,Bayern,0,Kreisspitalstiftung Weißenhorn ,öffentlich,"48,393922","9,993973",773273000,1.0,0.49376470588235294,1.5482941176470586,0
6619,59,49,0.8305084745762712,1,Stiftungsklinik Weißenhorn,160,Bayern,0,Kreisspitalstiftung Weißenhorn,öffentlich,"48,311231","10,156311",773274000,1.0,0.5224374999999999,1.4942499999999999,0
6620,70,49,0.7,0,Klinikum St. Josef Buchloe,100,Bayern,0,Landkreis Ostallgäu und Stadt Kaufbeuren,öffentlich,"48,033482","10,723815",773612000,0.9,0.5357999999999999,1.1105,0
6621,84,62,0.7380952380952381,0,Klinik Füssen,120,Bayern,0,Landkreis Ostallgäu und Stadt Kaufbeuren,öffentlich,"47,566906","10,70469",773613000,0.8235294117647058,0.5324166666666666,1.3654166666666667,0
6622,2,2,1.0,1,Fachklinik Enzensberg,174,Bayern,0,m&i-Klinikbetriebsgesellschaft GmbH,privat,"47,613594","10,689737",772229000,0.7222222222222222,0.24482758620689657,0.47126436781609193,0
6623,44,34,0.7727272727272727,1,St. Vinzenz Klinik Pfronten im Allgäu GmbH,115,Bayern,0,St. Vinzenz Klinik-Beteiligungen GmbH,privat,"47,584494","10,55749",771379000,0.8387096774193549,0.4005217391304348,0.8810434782608696,0
6624,87,62,0.7126436781609196,0,Klinikverbund Allgäu gGmbH - Klinik Mindelheim,135,Bayern,0,Klinikverbund Allgäu gGmbH,öffentlich,"48,041051","10,493581",773547000,0.07317073170731707,0.4706666666666667,1.5078518518518516,0
6625,83,37,0.4457831325301205,0,Klinikverbund Allgäu gGmbH - Klinik Ottobeuren,118,Bayern,0,Klinikverbund Allgäu gGmbH,öffentlich,"47,943611","10,293265",773548000,0.125,0.44508474576271184,1.3358474576271187,0
6626,6,3,0.5,0,Bezirkskrankenhaus Kempten,120,Bayern,0,Bezirkskliniken Schwaben,öffentlich,"47,731907","10,30336",772257000,0.7407407407407407,0.2901666666666667,0.8659999999999999,0
6627,2,2,1.0,1,Hochgrat Klinik,105,Bayern,0,Hochgrat Klinik,privat,"47,581673","10,008473",773564000,0.7272727272727273,0.0818095238095238,0.09723809523809525,0
6628,2,1,0.5,0,Bezirkskrankenhaus Augsburg Klinik für Psychiatrie Psychotherapie und Psychosomatik der Universität Augsburg,326,Bayern,0,"Bezirkskliniken Schwaben, Geschwister-Schönert-Str. 4, 86156 Augsburg",öffentlich,"48,385964","10,833917",772615000,0.5151515151515151,0.2393558282208589,0.8240184049079754,0
6629,2,1,0.5,0,Fachklinik Ichenhausen,138,Bayern,0,m&i-Klinikgesellschaft in Ichenhausen GmbH,privat,"48,365735","10,308442",772227000,0.07692307692307693,0.31376811594202897,0.8746376811594203,0
6630,2,1,0.5,0,Therapiezentrum Burgau,87,Bayern,0,Gemeinnützige Gesellschaft zur neurologischen Rehabilitation nach erworbenen cerebralen Schäden mbH,freigemeinnützig,"48,43512","10,406088",772527000,1.0,0.3551724137931035,1.6574712643678162,0
6631,2,2,1.0,1,Adula Klinik,146,Bayern,0,"Adula Klinik, Klinik für Psychosomatik und Psychotherapie",privat,"47,415177","10,260926",773565000,0.7777777777777778,0.12294520547945205,0.12068493150684932,0
6632,11,5,0.45454545454545453,0,Bezirkskrankenhaus Memmingen Klinik für Psychiatrie Psychotherapie und Psychosomatik am Klinikum Memmingen,52,Bayern,0,Bezirk Schwaben,freigemeinnützig,"47,982983","10,169143",772200000,0.5,0.28634615384615386,0.6536538461538461,0
6633,2,2,1.0,1,Bezirkskliniken Schwaben Bezirkskrankenhaus Donauwörth,40,Bayern,0,Bezirkskliniken Schwaben,öffentlich,"48,724084","10,754581",772250000,0.6666666666666666,0.26075,0.9014999999999999,0
6634,106,55,0.5188679245283019,0,Kreisklinik St. Elisabeth,200,Bayern,0,Landkreis Dillingen a. d. Donau,öffentlich,"48,575521","10,478584",773625000,0.7692307692307693,0.39675,0.48699999999999993,0
6636,2,2,1.0,1,Zweckverband Krankenhaus St. Camillus Ursberg,28,Bayern,0,Zweckverband Krankenhaus St. Camillus,öffentlich,"48,271647","10,448603",773742000,0.8333333333333334,0.23714285714285713,1.0010714285714286,0
6637,76,61,0.8026315789473685,1,Donau-Ries Klinik Donauwörth,255,Bayern,0,"Gemeinsames Kommunalunternehmen (gKU) Donau-Ries Kliniken und Seniorenheime des Landkreises Donau-Ries und der Stadt Nördlingen, Anstalt des öffentlichen Rechts",öffentlich,"48,724111","10,754439",773619000,0.2777777777777778,0.5052156862745099,0.9731764705882354,0
6638,86,56,0.6511627906976745,0,Stiftungskrankenhaus Nördlingen,172,Bayern,0,"Gemeinsames Kommunalunternehmen (gKU) Donau-Ries Kliniken und Seniorenheime des Landkreises Donau-Ries und der Stadt Nördlingen, Anstalt des öffentlichen Rechts",öffentlich,"48,837037","10,498657",773620000,1.0,0.5742441860465117,1.3980813953488371,0
6639,15,7,0.4666666666666667,0,Donau-Ries-Klinik Oettingen,62,Bayern,0,"Gemeinsames Kommunalunternehmen (gKU) Donau-Ries Kliniken und Seniorenheime des Landkreises Donau-Ries und der Stadt Nördlingen, Anstalt des öffentlichen Rechts",öffentlich,"48,956966","10,59731",773621000,0.6,0.25064516129032255,1.3664516129032258,0
6640,118,100,0.847457627118644,1,Klinikum Saarbrücken,603,Saarland,0,Klinikum Saarbrücken gGmbH,öffentlich,"49,221066","6,996766",771100000,0.5059523809523809,0.5630016583747928,1.1074958540630182,0
6641,2,2,1.0,1,SHG-Kliniken Sonnenberg,404,Saarland,0,Saarland Heilstätten GmbH,öffentlich,"49,200518","7,011464",771021000,0.7254901960784313,0.2337871287128713,0.881509900990099,0
6644,101,81,0.801980198019802,1,SHG-Kliniken Völklingen,414,Saarland,0,Saarland Heilstätten GmbH,öffentlich,"49,257505","6,852072",772376000,0.6057692307692307,0.5761352657004831,1.3119323671497585,0
6645,40,35,0.875,1,Klinikum Merzig gGmbH,413,Saarland,0,Klinikum Merzig gemeinnützige GmbH,öffentlich,"49,457252","6,633047",773407000,0.6212121212121212,0.27619854721549636,1.0136077481840193,0
6646,2,1,0.5,0,Fliedner Krankenhaus Neunkirchen,149,Saarland,0,"Stiftung kreuznacher diakonie, Kirchliche Stiftung des öffentlichen Rechts",,"49,348339","7,18576",773223000,0.0,0.12899328859060402,0.7670469798657719,0
6647,66,48,0.7272727272727273,0,Krankenhaus Saarlouis vom DRK,221,Saarland,0,"DRK gemeinnützige Krankenhaus GmbH Saarland, Saarlouis",freigemeinnützig,"49,313775","6,74425",772610000,0.7209302325581395,0.5052941176470588,1.343710407239819,0
6648,110,94,0.8545454545454545,1,Marienhaus Klinikum St. Elisabeth Saarlouis,413,Saarland,0,Marienhaus Kliniken GmbH,freigemeinnützig,"49,315198","6,756521",771167000,0.8055555555555556,0.4857142857142857,0.8697578692493946,0
6649,61,24,0.39344262295081966,0,Caritas-Krankenhaus Lebach,208,Saarland,0,cusanus trägergesellschaft trier mbH (ctt),freigemeinnützig,"49,419164","6,889798",773436000,0.5510204081632653,0.4182692307692308,0.5604326923076923,0
6650,2,2,1.0,1,St. Nikolaus Hospital Wallerfangen,144,Saarland,0,Adolf von Galhau&prime;sche Sophienstiftung,freigemeinnützig,"49,32945","6,712543",772161000,1.0,0.1748611111111111,0.7172916666666667,0
6652,190,152,0.8,1,Universitätsklinikum des Saarlandes,1466,Saarland,1,Land Saarland,öffentlich,"49,308912","7,345732",771261000,0.007009345794392523,0.6973738062755799,1.332905866302865,1
6653,25,24,0.96,1,Kreiskrankenhaus St. Ingbert GmbH,181,Saarland,0,Saarpfalz-Kreis,öffentlich,"49,29055","7,113415",772682000,0.2631578947368421,0.4595580110497237,0.6835359116022098,0
6654,98,75,0.7653061224489796,0,Marienhaus Klinikum St. Wendel - Ottweiler,396,Saarland,0,Marienhauskliniken im Landkreis Neunkirchen GmbH,freigemeinnützig,"49,454134","7,178329",772400000,0.7049180327868853,0.33325757575757575,1.2458838383838384,0
6655,58,41,0.7068965517241379,0,Knappschaftsklinikum Saar GmbH Krankenhaus Püttlingen,430,Saarland,0,Knappschaftsklinikum Saar GmbH (KBS),öffentlich,"49,276884","6,868356",772950000,0.3793103448275862,0.3953488372093023,1.1793023255813955,0
6656,76,64,0.8421052631578947,1,Knappschaftsklinikum Saar GmbH Krankenhaus Sulzbach ,305,Saarland,0,Knappschaftsklinikum Saar GmbH (KBS),öffentlich,"49,298186","7,055253",772951000,0.23943661971830985,0.5724590163934427,1.4859016393442623,0
6657,5,5,1.0,1,DRK Klinik Mettlach für Geriatrie und Rehabilitation,35,Saarland,0,"DRK Gesellschaft für Geriatrie und Rehabilitation mbH, Saarlouis",freigemeinnützig,"49,495555","6,596163",772609000,0.3333333333333333,0.22971428571428568,0.7988571428571429,1
6658,57,50,0.8771929824561403,1,Marienhaus Klinikum Neunkirchen,184,Saarland,0,"Marienhauskliniken im Landkreis Neunkirchen GmbH, ein Unternehmen der Marienhaus-Gruppe",freigemeinnützig,"49,317814","7,227322",772663000,0.7735849056603774,0.45157608695652174,2.044891304347826,0
6659,121,103,0.8512396694214877,1,CaritasKlinikum Saarbrücken Standort St. Theresia,499,Saarland,0,Caritas Trägergesellschaft Saarbrücken mbH (cts),freigemeinnützig,"49,247909","6,959429",773075000,0.6788990825688074,0.595310621242485,1.2414028056112225,0
6660,47,21,0.44680851063829785,0,CaritasKlinikum Saarbrücken Standort St. Josef,118,Saarland,0,Caritas Trägergesellschaft Saarbrücken mbH (cts),freigemeinnützig,"49,277282","7,041062",773616000,0.6363636363636364,0.31601694915254236,0.6159322033898306,0
6662,81,36,0.4444444444444444,0,Diakonie Klinikum Neunkirchen gemeinnützige GmbH,281,Saarland,0,"Stiftung kreuznacher diakonie, Kirchliche Stiftung des öffentlichen Rechts",,"49,340972","7,18325",772974000,0.0,0.32448398576512455,1.323879003558719,0
6663,61,29,0.47540983606557374,0,Evangelische Elisabeth Klinik,145,Berlin,0,Evangelische Elisabeth Klinik Krankenhausbetriebs gGmbH,freigemeinnützig,"52,503591","13,364198",773370000,0.6794871794871795,0.7609655172413793,1.6136551724137933,0
6664,33,22,0.6666666666666666,0,DRK Kliniken Berlin Mitte,260,Berlin,0,Deutsches Rotes Kreuz Schwesternschaft Berlin Gemeinnütziges Krankenhaus GmbH,freigemeinnützig,"52,557387","13,376277",773109000,0.2962962962962963,0.5130769230769231,0.7871923076923076,1
6665,33,18,0.5454545454545454,0,Franziskus-Krankenhaus Berlin,185,Berlin,0,St. Joseph Krankenhaus Berlin Tempelhof GmbH,freigemeinnützig,"52,506387","13,345418",771918000,0.4666666666666667,0.47540540540540543,1.2750270270270272,0
6666,119,80,0.6722689075630253,0,Jüdisches Krankenhaus Berlin - Stiftung des bürgerlichen Rechts,384,Berlin,0,Jüdisches Krankenhaus Berlin - Stiftung des bürgerlichen Rechts,freigemeinnützig,"52,555279","13,370569",772386000,0.6785714285714286,0.3808072916666667,0.9029427083333333,0
6667,29,18,0.6206896551724138,0,Sana Paulinenkrankenhaus gGmbH,148,Berlin,0,Sana Paulinenkrankenhaus gGmbH,,"52,508026","13,233627",771112000,0.1,0.32094594594594594,1.108581081081081,0
6668,91,70,0.7692307692307693,0,Schlosspark-Klinik GmbH,340,Berlin,0,Schlosspark-Klinik GmbH,privat,"52,521791","13,289496",773174000,0.5285714285714286,0.5867352941176471,1.2650000000000001,0
6669,5,4,0.8,1,Wichernkrankenhaus gGmbH,99,Berlin,0,Wichernkrankenhaus gGmbH,freigemeinnützig,"52,569411","13,192335",771908000,0.4444444444444444,0.25727272727272726,0.7883838383838384,0
6670,146,104,0.7123287671232876,0,Evangelisches Waldkrankenhaus Spandau,514,Berlin,0,Evangelisches Waldkrankenhaus Spandau Krankenhausbetriebs gGmbH,freigemeinnützig,"52,562405","13,157562",771637000,0.4957983193277311,0.6508365758754864,1.018443579766537,0
6671,17,14,0.8235294117647058,1,Havelklinik GmbH & Co. KG,91,Berlin,0,Havelklinik Verwaltungs GmbH,privat,"52,502823","13,18025",772862000,1.0,0.5428571428571428,0.7043956043956044,0
6672,146,103,0.7054794520547946,0,Martin Luther Krankenhaus Berlin,275,Berlin,0,Johannesstift Diakonie gAG,freigemeinnützig,"52,491269","13,292227",772079000,0.9916666666666667,0.961890909090909,1.9056,0
6673,109,90,0.8256880733944955,1,Sankt Gertrauden-Krankenhaus GmbH,384,Berlin,0,Sankt Gertrauden-Krankenhaus GmbH,freigemeinnützig,"52,481245","13,317198",772557000,0.6548672566371682,0.6487239583333334,0.7376822916666668,0
6675,83,69,0.8313253012048193,1,Evangelisches Krankenhaus Hubertus Krankenhausbetriebs gGmbH,207,Berlin,0,Johannesstift Diakonie gAG,freigemeinnützig,"52,431348","13,219186",771221000,0.23076923076923078,0.5416908212560386,1.048502415458937,0
6676,49,38,0.7755102040816326,1,Krankenhaus Waldfriede e.V.,175,Berlin,0,Verein Krankenhaus Waldfriede e.V.,freigemeinnützig,"52,444185","13,240225",771653000,0.18867924528301888,0.857542857142857,1.3489142857142857,0
6677,2,2,1.0,1,Kliniken im Theodor-Wenzel-Werk,335,Berlin,0,Theodor-Wenzel-Werk e.V.,freigemeinnützig,"52,423615","13,20468",772463000,0.475,0.22367164179104476,0.6460298507462687,0
6679,13,10,0.7692307692307693,0,Immanuel Krankenhaus Berlin - Standort Wannsee,190,Berlin,0,Immanuel-Krankenhaus GmbH,freigemeinnützig,"52,419559","13,164233",772972000,0.9032258064516129,0.4092631578947369,0.5219473684210526,0
6680,5,3,0.6,0,Immanuel Krankenhaus Berlin - Standort Buch,85,Berlin,0,Immanuel-Krankenhaus GmbH,freigemeinnützig,"52,632977","13,50351",772973000,0.6875,0.26094117647058823,0.5638823529411765,0
6681,13,10,0.7692307692307693,0,Westklinik Dahlem Betriebsgesellschaft mbH,30,Berlin,0,Westklinik Dahlem Besitzgesellschaft mbH,privat,"52,449569","13,268579",772330000,1.0,0.9,1.2429999999999999,0
6682,61,29,0.47540983606557374,0,Krankenhaus Bethel Berlin,255,Berlin,0,Krankenhaus Bethel Berlin gGmbH,freigemeinnützig,"52,432553","13,325927",772328000,0.7317073170731707,0.3827058823529412,1.0398431372549017,0
6683,49,35,0.7142857142857143,0,St. Marien-Krankenhaus Berlin,274,Berlin,0,St. Marien e. V.,freigemeinnützig,"52,424283","13,348082",771804000,0.8461538461538461,0.3732481751824817,0.6511313868613139,0
6684,104,76,0.7307692307692307,0,St.Joseph Krankenhaus,506,Berlin,0,St. Joseph Krankenhaus Berlin-Tempelhof GmbH,freigemeinnützig,"52,478649","13,372828",771917000,0.5,0.5989723320158102,1.3170948616600788,0
6685,24,23,0.9583333333333334,1,Caritas-Klinik Dominikus,240,Berlin,0,Caritas-Klinik Dominikus Berlin-Reinickendorf gGmbH,freigemeinnützig,"52,624685","13,295364",771567000,0.8703703703703703,0.3857916666666667,0.9571249999999999,0
6686,120,82,0.6833333333333333,0,Caritas-Klinik Maria Heimsuchung Berlin-Pankow,245,Berlin,0,Caritas Gesundheit Berlin gGmbH,freigemeinnützig,"52,571388","13,413936",772045000,0.717948717948718,0.5493469387755102,1.2697551020408164,0
6687,167,116,0.6946107784431138,0,Charité - Universitätsmedizin Berlin,3011,Berlin,1,Land Berlin,öffentlich,"52,52367","13,37823",772563000,0.06815816857440167,1.1054931916306874,1.8852208568581865,0
6688,138,93,0.6739130434782609,0,DRK Kliniken Berlin Köpenick,564,Berlin,0,Zweite Gemeinnützige Krankenhaus GmbH Deutsches Rotes Kreuz Schwesternschaft Berlin,freigemeinnützig,"52,440262","13,595805",772832000,0.28125,0.5509751773049646,1.1402659574468086,1
6690,2,1,0.5,0,Alexianer St. Joseph-Krankenhaus Berlin-Weißensee,323,Berlin,0,Alexianer St. Joseph Berlin-Weißensee GmbH,freigemeinnützig,"52,550778","13,467878",771675000,0.6944444444444444,0.26123839009287925,0.6782043343653251,0
6691,146,100,0.684931506849315,0,Helios Klinikum Berlin-Buch,1223,Berlin,0,Helios Klinikum Berlin-Buch GmbH,privat,"52,631419","13,511302",773608000,0.5666666666666667,0.5581357318070319,1.0206050695012265,1
6692,82,60,0.7317073170731707,0,Ev. Krankenhaus Königin Elisabeth Herzberge,698,Berlin,0,Evangelisches Krankenhaus Königin Elisabeth Herzberge gGmbH,freigemeinnützig,"52,526881","13,508368",773680000,0.2839506172839506,0.4086246418338109,0.8220487106017191,0
6695,14,11,0.7857142857142857,1,Evangelische Lungenklinik,161,Berlin,0,Evangelische Lungenklinik Berlin Krankenhausbetriebs gGmbH,freigemeinnützig,"52,631861","13,505311",773105000,0.5357142857142857,0.572670807453416,1.1659627329192546,0
6696,138,99,0.717391304347826,0,Sana Klinikum Lichtenberg,672,Berlin,0,Sana Kliniken Berlin-Brandenburg GmbH,privat,"52,514034","13,494809",773403000,0.4968944099378882,0.4424553571428571,1.1577678571428571,1
6697,138,96,0.6956521739130435,0,DRK Kliniken Berlin Westend,590,Berlin,0,Deutsches Rotes Kreuz Schwesternschaft Berlin Gemeinnützige Krankenhaus GmbH,freigemeinnützig,"52,518886","13,277062",773065000,0.3742690058479532,0.5692372881355932,0.9820169491525423,1
6698,5,5,1.0,1,Caritas-Klinik St. Anna (vormals Malteser-Krankenhaus Berlin-Charlottenburg),113,Berlin,0,Malteser-Werk Berlin e.V. - ab 22.11.2023 Caritas-Klinik St. Anna gGmbH im Gesellschafterverbund der Caritas Gesundheit Berlin gGmbH,freigemeinnützig,"52,508791","13,251347",771341000,0.8333333333333334,0.1820353982300885,0.7967256637168142,0
6699,88,66,0.75,0,Park-Klinik Weißensee,370,Berlin,0,Park-Klinik Weißensee GmbH,privat,"52,554889","13,45185",773227000,0.48148148148148145,0.5286486486486486,1.1246486486486487,0
6700,119,79,0.6638655462184874,0,BG Klinikum Unfallkrankenhaus Berlin gGmbH,588,Berlin,0,BG Klinikum Unfallkrankenhaus Berlin gGmbH,öffentlich,"52,519049","13,566016",771923000,0.46586345381526106,0.7323979591836735,1.8390986394557824,0
6701,13,12,0.9230769230769231,1,Klinik für MIC,64,Berlin,0,Johannisstift Diakonie gAG,privat,"52,430563","13,217684",772147000,1.0,0.2996875,0.6696875,0
6703,134,87,0.6492537313432836,0,Vivantes Klinikum im Friedrichshain,956,Berlin,0,Vivantes - Netzwerk für Gesundheit GmbH (Eigentümer: Land Berlin),öffentlich,"52,524481","13,438961",773179000,0.5111940298507462,0.6011297071129706,1.1436715481171547,0
6704,145,93,0.6413793103448275,0,Vivantes Klinikum Am Urban,607,Berlin,0,Vivantes - Netzwerk für Gesundheit GmbH (Eigentümer: Land Berlin),öffentlich,"52,494627","13,40902",773181000,0.5222929936305732,0.5272158154859967,1.2344810543657332,0
6705,86,70,0.813953488372093,1,Vivantes Klinikum Kaulsdorf,477,Berlin,0,Vivantes - Netzwerk für Gesundheit GmbH (Eigentümer: Land Berlin),öffentlich,"52,505881","13,592644",773182000,0.5066666666666667,0.36775681341719074,0.9272536687631029,0
6706,133,92,0.6917293233082706,0,Vivantes Klinikum Neukölln,1377,Berlin,0,Vivantes - Netzwerk für Gesundheit GmbH (Eigentümer: Land Berlin),öffentlich,"52,438175","13,458397",773183000,0.47491638795986624,0.4666957153231663,0.8036456063907045,0
6707,109,82,0.7522935779816514,0,Vivantes Auguste-Viktoria-Klinikum,742,Berlin,0,Vivantes - Netzwerk für Gesundheit GmbH (Eigentümer: Land Berlin),öffentlich,"52,463039","13,345513",773184000,0.4357142857142857,0.5174258760107817,1.4194204851752021,0
6708,59,24,0.4067796610169492,0,Vivantes Wenckebach-Klinikum,308,Berlin,0,Vivantes - Netzwerk für Gesundheit GmbH (Eigentümer: Land Berlin),öffentlich,"52,458933","13,389266",773185000,0.6521739130434783,0.15594155844155844,0.5375649350649351,0
6709,100,71,0.71,0,Vivantes Humboldt-Klinikum,788,Berlin,0,Vivantes - Netzwerk für Gesundheit GmbH (Eigentümer: Land Berlin),öffentlich,"52,589849","13,308975",773186000,0.5405405405405406,0.40411167512690355,0.9327538071065989,0
6710,89,69,0.7752808988764045,1,Vivantes Klinikum Spandau,708,Berlin,0,Vivantes - Netzwerk für Gesundheit GmbH (Eigentümer: Land Berlin),öffentlich,"52,550157","13,206897",773187000,0.6347826086956522,0.39264124293785313,1.0325282485875706,0
6718,2,1,0.5,0,Friedrich von Bodelschwingh-Klinik,163,Berlin,0,Friedrich von Bodelschwingh-Klinik gGmbH im Verbund der v. Bodelschwinghschen Stiftungen Bethel,freigemeinnützig,"52,489795","13,32896",773678000,0.42857142857142855,0.2036196319018405,0.5693865030674847,0
6720,5,5,1.0,1,Vitanas Klinik & Tagesklinik für Geriatrie,105,Berlin,0,Vitanas GmbH & Co.KGaA,privat,"52,604878","13,355978",772592000,1.0,0.16523809523809524,0.5099047619047619,0
6722,83,70,0.8433734939759037,1,Bundeswehrkrankenhaus Berlin,367,Berlin,0,Bundesministerium der Verteidigung,öffentlich,"52,534919","13,369843",772478000,0.21897810218978103,1.0572207084468666,0.8610354223433242,0
6723,5,5,1.0,1,Vivantes Ida-Wolff-Krankenhaus GmbH,148,Berlin,0,Vivantes - Netzwerk für Gesundheit GmbH (Eigentümer: Land Berlin),öffentlich,"52,434621","13,457399",773194000,0.6666666666666666,0.1381081081081081,0.7077027027027026,0
6724,2,2,1.0,1,"MEDIAN Klinik Berlin Kladow
Fachkrankenhaus für Neurologische Frührehabilitation",35,Berlin,0,MEDIAN Klinik Berlin-Kladow GmbH &amp; Co. KG Berlin (IK- Nr. 261102389),privat,"52,462407","13,161751",773477000,0.0,0.3711428571428571,0.9994285714285713,1
6726,5,2,0.4,0,ARONA Klinik für Altersmedizin &amp Tagesklinik für Geriatrie,70,Berlin,0,DZG Berlin Betriebs GmbH &amp; Co. KG ,privat,"52,515287","13,563624",773748000,0.5,0.22257142857142856,0.8342857142857143,0
6728,76,63,0.8289473684210527,1,Krankenhaus Hedwigshöhe,456,Berlin,0,Alexianer St. Hedwig Kliniken Berlin GmbH,freigemeinnützig,"52,405909","13,569913",771892000,0.6811594202898551,0.3795614035087719,1.0899122807017543,0
6729,54,19,0.35185185185185186,0,St. Hedwig-Krankenhaus Berlin,427,Berlin,0,Alexianer St. Hedwig Kliniken Berlin GmbH,freigemeinnützig,"52,525902","13,397046",771893000,0.6547619047619048,0.4628103044496487,1.1519906323185012,0
6731,30,2,0.06666666666666667,0,Tagesklinik für Psychosomatik und Psychotherapie,30,Berlin,0,Alexianer St. Hedwig Kliniken Berlin GmbH,freigemeinnützig,"52,463657","13,513985",771895000,0.5,0.16133333333333333,0.09166666666666666,0
6732,112,78,0.6964285714285714,0,Gemeinschaftskrankenhaus Havelhöhe,400,Berlin,0,Gemeinnütziger Verein zur Förderung und Entwicklung anthroposophisch erweiterter Heilkunst e.V. Berlin,freigemeinnützig,"52,461717","13,160882",772788000,0.8275862068965517,0.40814999999999996,0.7014,0
6734,119,77,0.6470588235294118,0,HELIOS Klinikum Emil von Behring GmbH,507,Berlin,0,HELIOS Klinikum Emil von Behring GmbH,privat,"52,422884","13,252992",772955000,0.4594594594594595,0.6335305719921104,1.069033530571992,1
6735,70,50,0.7142857142857143,0,Klinik Ernst von Bergmann Bad Belzig gGmbH,173,Brandenburg,0,Klinik Ernst von Bergmann Bad Belzig gemeinnützige GmbH,öffentlich,"52,140473","12,598607",772196000,0.32142857142857145,0.3243352601156069,1.0917919075144509,0
6736,69,52,0.7536231884057971,0,Evangelisches Krankenhaus Ludwigsfelde Teltow,245,Brandenburg,0,Evangelisches Krankenhaus Ludwigsfelde-Teltow gemeinnützige GmbH,freigemeinnützig,"52,311265","13,258243",772949000,0.6388888888888888,0.2957959183673469,0.6834285714285714,0
6737,102,83,0.8137254901960784,1,Kreiskrankenhaus Prignitz gemeinnützige GmbH,387,Brandenburg,0,Kreiskrankenhaus Prignitz gemeinnützige GmbH,öffentlich,"53,074801","11,873124",772034000,0.75,0.4280361757105943,0.9197157622739017,0
6739,69,25,0.36231884057971014,0,GLG MSZ Uckermark gGmbH Kreiskrankenhaus Prenzlau,101,Brandenburg,0,GLG Medizinisch-Soziales Zentrum Uckermark gGmbH,öffentlich,"53,334065","13,868694",771172000,0.8235294117647058,0.6147524752475247,0.8160396039603961,0
6740,13,12,0.9230769230769231,1,Oberlinklinik gGmbH  Orthopädisches Fachklinik,145,Brandenburg,0,Verein Oberlinhaus,freigemeinnützig,"52,393653","13,089562",771860000,0.22580645161290322,0.4571034482758621,0.6862758620689654,0
6741,2,2,1.0,1,Psychiatrische Tagesklinik Kyritz,28,Brandenburg,1,Landkreis Ostprignitz-Ruppin,öffentlich,"52,947614","12,393671",771989000,1.0,0.18571428571428572,0.10714285714285714,0
6742,2,2,1.0,1,Psychiatrische Tagesklinik Wittstock,22,Brandenburg,1,Landkreis Ostprignitz-Ruppin,öffentlich,"53,161307","12,486701",771990000,1.0,0.09090909090909091,0.1309090909090909,0
6743,102,79,0.7745098039215687,1,St. Josefs-Krankenhaus Potsdam-Sanssouci,248,Brandenburg,0,Alexianer St. Josef Potsdam GmbH,freigemeinnützig,"52,399278","13,042797",771342000,0.7,0.5880645161290323,0.8341532258064516,0
6744,146,99,0.678082191780822,0,Universitätsklinikum Ruppin-Brandenburg,816,Brandenburg,1,Landkreis Ostprignitz-Ruppin,öffentlich,"52,906364","12,797665",771991000,1.0,0.40549019607843134,1.2581985294117648,0
6745,40,34,0.85,1,Krankenhaus Märkisch-Oderland GmbH,133,Brandenburg,0,Krankenhaus Märkisch - Oderland GmbH,öffentlich,"52,72159","14,127299",771737000,0.8928571428571429,0.45586466165413536,1.0236842105263158,0
6746,60,36,0.6,0,Krankenhaus Märkisch Oderland GmbH,167,Brandenburg,0,Krankenhaus Märkisch - Oderland GmbH,öffentlich,"52,589038","13,900925",771738000,0.7741935483870968,0.47305389221556887,1.0054491017964071,0
6747,2,2,1.0,1,Klinikum Ernst von Bergmann gemeinnützige GmbH Klinik für Psychiatrie und Psychotherapie am Standort In der Aue,128,Brandenburg,0,"Klinikum Ernst von Bergmann gemeinnützige GmbH, Standort Potsdam",öffentlich,"52,384657","13,136722",772761000,0.2,0.279140625,0.794921875,0
6748,146,96,0.6575342465753424,0,Klinikum Ernst von Bergmann gemeinnützige GmbH Standort Potsdam,1070,Brandenburg,0,"Klinikum Ernst von Bergmann gemeinnützige GmbH, Standort Potsdam",öffentlich,"52,400413","13,064532",772760000,0.36875,0.5580841121495327,1.0714579439252336,0
6752,22,10,0.45454545454545453,0,Asklepios Fachklinikum Teupitz,239,Brandenburg,0,Asklepios Fachkliniken Brandenburg GmbH,privat,"52,132199","13,616511",773425000,0.9411764705882353,0.23635983263598329,0.872887029288703,1
6753,121,79,0.6528925619834711,0,Asklepios Klinikum Uckermark GmbH,384,Brandenburg,0,Asklepios Klinikum Uckermark GmbH,privat,"53,052767","14,275909",771340000,0.6707317073170732,0.4115625,0.723125,1
6754,112,90,0.8035714285714286,1,Städtisches Krankenhaus Eisenhüttenstadt GmbH,396,Brandenburg,0,Städtisches Krankenhaus Eisenhüttenstadt GmbH,öffentlich,"52,141629","14,625185",772454000,0.4605263157894737,0.29260101010101014,0.521590909090909,0
6755,87,70,0.8045977011494253,1,Oder-Spree Krankenhaus GmbH,124,Brandenburg,0,Oder-Spree Krankenhaus GmbH,öffentlich,"52,170148","14,241642",771103000,0.5862068965517241,0.32112903225806444,0.8456451612903224,0
6756,5,2,0.4,0,Sana Krankenhaus Gottesfriede Woltersdorf gGmbH,137,Brandenburg,0,Sana Krankenhaus Gottesfriede Woltersdorf gGmbH,privat,"52,44776","13,762338",773383000,0.0,0.2281021897810219,0.8328467153284672,1
6759,154,111,0.7207792207792207,0,Immanuel Klinikum Bernau Herzzentrum Brandenburg,290,Brandenburg,1,"Krankenhaus Bernau GmbH, eine Gesellschaft der Immanuel Albertinen Diakonie",freigemeinnützig,"52,683152","13,582614",773116000,0.11363636363636363,0.6198965517241379,1.7667241379310346,0
6760,121,101,0.8347107438016529,1,GLG Werner Forßmann Klinikum Eberswalde GmbH,474,Brandenburg,0,GLG Werner Forßmann Klinikum Eberswalde GmbH,öffentlich,"52,827704","13,790816",771508000,0.6140350877192983,0.6087552742616034,0.6841139240506329,0
6763,91,50,0.5494505494505495,0,Immanuel Klinik Rüdersdorf,412,Brandenburg,1,Krankenhaus und Poliklinik Rüdersdorf GmbH,freigemeinnützig,"52,453584","13,772193",773115000,0.7142857142857143,0.389247572815534,0.9080339805825243,0
6768,52,18,0.34615384615384615,0,Stroke Unit am GLG Werner Forßmann Klinikum Eberswalde,397,Brandenburg,0,GLG Martin Gropius Krankenhaus GmbH,öffentlich,"52,828253","13,790147",771296000,,,0.05365239294710328,0
6769,2,2,1.0,1,GLG Martin Gropius Krankenhaus GmbH,270,Brandenburg,0,GLG Martin Gropius Krankenhaus GmbH,öffentlich,"52,845323","13,828362",771297000,0.8372093023255814,0.25459259259259265,0.6950740740740742,0
6771,35,7,0.2,0,GLG MSZ Uckermark gGmbH Krankenhaus Angermünde,113,Brandenburg,0,"GLG Medizinisch-Soziales Zentrum Uckermark gGmbH, Krankenhaus Angermünde",öffentlich,"53,013137","13,989123",771369000,0.9230769230769231,0.294070796460177,0.6713274336283186,0
6774,43,39,0.9069767441860465,1,Oberhavel Kliniken GmbH / Klinik Oranienburg,203,Brandenburg,0,Oberhavel Kliniken GmbH,öffentlich,"52,743078","13,24215",771029000,0.1794871794871795,0.5506403940886699,0.907487684729064,0
6775,82,61,0.7439024390243902,0,Oberhavel Kliniken GmbH / Klinik Hennigsdorf,458,Brandenburg,0,Oberhavel Kliniken GmbH,öffentlich,"52,655553","13,190437",771030000,0.23376623376623376,0.45253275109170304,0.7712663755458515,0
6776,146,92,0.6301369863013698,0,Universitätsklinikum Brandenburg an der Havel GmbH,492,Brandenburg,1,Universitätsklinikum Brandenburg an der Havel GmbH,öffentlich,"52,413582","12,546369",772221000,0.7443609022556391,0.595,1.4870934959349593,0
6778,33,5,0.15151515151515152,0,Asklepios Fachklinikum Lübben,289,Brandenburg,0,Asklepios Fachkliniken Brandenburg GmbH,privat,"51,93518","13,886969",773268000,0.75,0.1927681660899654,0.7982006920415226,1
6781,2,2,1.0,1,Epilepsieklinik Tabor,56,Brandenburg,0,Hoffnungstaler Stiftung Lobetal,freigemeinnützig,"52,683079","13,583165",772390000,0.2,0.3055357142857143,0.52125,0
6782,112,94,0.8392857142857143,1,Havelland Kliniken GmbH Klinik Nauen,322,Brandenburg,0,Havelland Kliniken GmbH,öffentlich,"52,600539","12,87571",772643000,0.6623376623376623,0.4254968944099379,0.6516459627329193,0
6783,41,29,0.7073170731707317,0,Havelland Kliniken GmbH Klinik Rathenow,171,Brandenburg,0,Havelland Kliniken GmbH,öffentlich,"52,607107","12,348217",772644000,0.9,0.3650877192982456,0.7430994152046784,0
6785,113,84,0.7433628318584071,0,2023 - Luckenwalde,259,Brandenburg,0,KMG Klinikum Thüringen Brandenburg GmbH,privat,"52,099866","13,179556",773341000,0.35,0.41505791505791506,0.4198841698841699,1
6786,24,20,0.8333333333333334,1,Naemi-Wilke-Stift,161,Brandenburg,0,Naemi-Wilke-Stift,freigemeinnützig,"51,945978","14,714146",772604000,0.8181818181818182,0.35472049689440993,0.7915527950310559,0
6789,40,37,0.925,1,Krankenhaus Spremberg,205,Brandenburg,0,Spremberger Krankenhausgesellschaft mbH,öffentlich,"51,564913","14,373823",771472000,0.7619047619047619,0.24214634146341463,0.8615121951219513,0
6790,2,2,1.0,1,Krankenhaus Spremberg Tagesklinik Spremberg,0,Brandenburg,0,Spremberger Krankenhausgesellschaft mbH,öffentlich,"51,566435","14,371382",773798000,0.0,,,0
6791,23,15,0.6521739130434783,0,Evangelisches Krankenhaus Luckau gGmbH,153,Brandenburg,0,Evangelisches Krankenhaus Luckau gGmbH,freigemeinnützig,"51,8538","13,703354",772710000,1.0,0.28169934640522876,0.7980392156862745,0
6792,5,3,0.6,0,Standort Frankfurt (Oder),111,Brandenburg,0,Lutherstift gGmbH,freigemeinnützig,"52,332714","14,535572",773434000,1.0,0.12036036036036035,0.4135135135135135,0
6794,10,6,0.6,0,Asklepios Fachklinikum Brandenburg,401,Brandenburg,0,Asklepios Fachkliniken Brandenburg GmbH,privat,"52,425905","12,481304",773119000,0.8333333333333334,0.19491271820448877,0.7666583541147133,1
6799,5,3,0.6,0,Caritas-Klinik St. Marien,158,Brandenburg,0,Caritas Gesundheit Berlin gGmbH,freigemeinnützig,"52,415127","12,551787",772844000,0.7,0.16778481012658228,0.715126582278481,0
6800,146,94,0.6438356164383562,0,Carl-Thiem-Klinikum Cottbus gGmbH,926,Brandenburg,0,Gesellschafter: Stadt Cottbus (hält 100 % der Gesellschafteranteile),öffentlich,"51,743885","14,322839",773088000,0.6234817813765182,0.5314794816414686,0.8857667386609072,0
6801,2,2,1.0,1,Brandenburgklinik Berlin-Brandenburg,143,Brandenburg,0,"Michels Kliniken, Brandenburgklinik Berlin-Brandenburg GmbH ",privat,"52,729412","13,489617",773363000,1.0,0.19202797202797203,1.0741958041958042,0
6802,115,60,0.5217391304347826,0,Sana Kliniken Niederlausitz gGmbH,320,Brandenburg,0,Sana Kliniken AG,privat,"51,527581","14,001065",773388000,0.14035087719298245,0.3160625,0.8947499999999999,0
6803,33,26,0.7878787878787878,1,Sana Kliniken Niederlausitz gGmbH,222,Brandenburg,0,Sana Kliniken AG ,privat,"51,498336","13,789122",773389000,0.11428571428571428,0.31450450450450446,0.8437837837837837,0
6804,90,72,0.8,1,Sana-Herzzentrum Cottbus GmbH,89,Brandenburg,0,Sana Kliniken AG,privat,"51,743979","14,318938",771683000,0.6538461538461539,0.810561797752809,1.2684269662921348,1
6805,5,4,0.8,1,Evangelisches Zentrum für Altersmedizin GmbH,76,Brandenburg,0,Evangelisches Zentrum für Altersmedizin GmbH,freigemeinnützig,"52,403639","13,045837",773427000,0.5,0.2552631578947368,0.39999999999999997,0
6807,16,12,0.75,0,Johanniter GmbH Johanniter-Krankenhaus Treuenbrietzen,372,Brandenburg,0,"Johanniter GmbH, Johanniter-Krankenhaus Treuenbrietzen",freigemeinnützig,"52,081285","12,875868",771780000,0.8225806451612904,0.31620967741935485,0.6697043010752689,0
6809,2,1,0.5,0,Neurologisches Fachkrankenhaus für Bewegungsstörungen/Parkinson,102,Brandenburg,0,Kliniken Beelitz GmbH,privat,"52,25607","12,928702",771556000,0.5,0.28009803921568627,0.5098039215686274,0
6810,25,16,0.64,0,Asklepios Klinik Birkenwerder,127,Brandenburg,0,Asklepios Klinik Wiesbaden GmbH,privat,"52,691478","13,298515",772496000,0.05405405405405406,0.36559055118110234,1.047795275590551,1
6811,48,33,0.6875,0,Lausitz Klinik Forst GmbH,166,Brandenburg,0,Lausitz Klinik Forst GmbH,öffentlich,"51,754308","14,639822",772198000,0.65,0.3241566265060241,1.0957831325301204,0
6812,3,2,0.6666666666666666,0,Geriatrische Tagesklinik Spremberg,20,Brandenburg,0,Lausitz Klinik Forst GmbH,öffentlich,"51,570853","14,370222",772199000,1.0,0.637,1.9465,0
6813,19,4,0.21052631578947367,0,Klinikum Frankfurt (Oder) GmbH Tagesklinik Frankfurt (Oder),20,Brandenburg,0,"Klinikum Frankfurt (Oder) GmbH, Tochtergesellschaft der RHÖN-KLINIKUM AG",privat,"52,341764","14,541898",771633000,0.8333333333333334,0.02,0.13999999999999999,0
6814,120,94,0.7833333333333333,1,Klinikum Frankfurt (Oder) GmbH,775,Brandenburg,0,"Klinikum Frankfurt (Oder) GmbH, Tochtergesellschaft der RHÖN-KLINIKUM AG",privat,"52,301203","14,483436",771632000,0.33519553072625696,0.5479225806451613,0.656683870967742,0
6817,2,2,1.0,1,MEDIAN-Klinik Grünheide,164,Brandenburg,0,MEDIAN Kliniken GmbH,privat,"52,424283","13,81352",771902000,0.16666666666666666,0.2682926829268293,0.848780487804878,1
6818,74,43,0.581081081081081,0,Sana Krankenhaus Templin,96,Brandenburg,0,Sana Kliniken Berlin-Brandenburg GmbH,privat,"53,119523","13,505944",772401000,0.6666666666666666,0.32479166666666665,1.2972916666666665,1
6819,13,13,1.0,1,Sana Kliniken Sommerfeld,287,Brandenburg,0,Sana Kliniken Berlin-Brandenburg GmbH,privat,"52,810865","13,038773",771474000,0.6862745098039216,0.36595818815331005,0.7788501742160279,1
6820,2,2,1.0,1,Kliniken Beelitz GmbH / Fachkrankenhaus für Neurologische Frührehabilitation,151,Brandenburg,0,Kliniken Beelitz GmbH,privat,"52,267193","12,924351",771645000,0.7727272727272727,0.25728476821192053,1.112913907284768,0
6821,40,28,0.7,0,Elbe-Elster Klinikum GmbH Krankenhaus Finsterwalde,171,Brandenburg,0,Landkreis Elbe-Elster,öffentlich,"51,63538","13,698357",772542000,0.9,0.2875438596491228,0.7943859649122808,0
6822,65,47,0.7230769230769231,0,Elbe-Elster Klinikum GmbH Krankenhaus Herzberg,149,Brandenburg,0,Landkreis Elbe-Elster,öffentlich,"51,685228","13,207792",772543000,0.8461538461538461,0.39671140939597316,0.8190604026845638,0
6823,42,28,0.6666666666666666,0,Elbe-Elster Klinikum GmbH,124,Brandenburg,0,Landkreis Elbe-Elster,öffentlich,"51,455926","13,521653",772544000,0.6666666666666666,0.3779032258064516,0.8661290322580646,0
6824,60,45,0.75,0,KMG Klinikum Nordbrandenburg GmbH - Standort Wittstock,135,Brandenburg,0,KMG Klinikum Nordbrandenburg,privat,"53,170618","12,484153",771598000,0.8125,0.24733333333333335,0.7499999999999999,1
6825,39,34,0.8717948717948718,1,KMG Klinikum Nordbrandenburg GmbH - Standort Pritzwalk,128,Brandenburg,0,KMG Klinikum Nordbrandenburg GmbH,privat,"53,14854","12,169219",771599000,0.9565217391304348,0.3896875,1.1575,1
6826,61,37,0.6065573770491803,0,KMG Klinikum Nordbrandenburg GmbH - Standort Kyritz,144,Brandenburg,0,KMG Klinikum Nordbrandenburg GmbH,privat,"52,948244","12,388838",771600000,0.6585365853658537,0.5138888888888888,1.3422916666666667,1
6827,146,105,0.7191780821917808,0,HELIOS Klinikum Bad Saarow,629,Brandenburg,0,HELIOS Klinikum Bad Saarow GmbH,privat,"52,284713","14,063544",771839000,0.656934306569343,0.5103338632750397,1.163275039745628,1
6828,75,42,0.56,0,Oberhavel Klinik Gransee GmbH,68,Brandenburg,0,Oberhavel Klinik Gransee GmbH,öffentlich,"52,99912","13,144248",771052000,0.23076923076923078,0.516029411764706,0.9050000000000001,0
6829,95,78,0.8210526315789474,1,Spreewaldklinik Lübben,181,Brandenburg,0,Klinikum Dahme Spreewald GmbH,öffentlich,"51,944171","13,875671",772820000,0.9384615384615385,0.5498342541436464,1.3769613259668507,0
6830,121,100,0.8264462809917356,1,Achenbach Krankenhaus Königs Wusterhausen,267,Brandenburg,0,Klinikum Dahme Spreewald GmbH,öffentlich,"52,303516","13,628643",772821000,0.961038961038961,0.46764044943820227,1.3198876404494382,0
6831,2,2,1.0,1,GLG Fachklinik Wolletzsee GmbH,20,Brandenburg,0,GLG Gesellschaft für Leben und Gesundheit mbH,öffentlich,"53,025067","13,907483",771153000,1.0,0.3,1.4655,0
6832,20,17,0.85,1,Klinikum Westbrandenburg GmbH - Standort Potsdam,64,Brandenburg,0,Klinikum Westbrandenburg GmbH,öffentlich,"52,401383","13,065049",772305000,0.5526315789473685,0.864375,1.98125,0
6833,8,8,1.0,1,Klinikum Westbrandenburg GmbH - Standort Brandenburg,31,Brandenburg,0,Klinikum Westbrandenburg GmbH,öffentlich,"52,413841","12,545167",772306000,0.4444444444444444,0.707741935483871,1.6938709677419357,0
6834,2,2,1.0,1,VAMED Klinik Hohenstücken [BRBH],45,Brandenburg,0,VAMED Klinik Hohenstücken GmbH,privat,"52,433432","12,512802",773566000,1.0,0.19555555555555557,0.9888888888888889,1
6835,78,56,0.717948717948718,0,Krankenhaus Seelow GmbH,90,Brandenburg,0,Krankenhaus Märkisch-Oderland GmbH,öffentlich,"52,537375","14,375371",773787000,0.8461538461538461,0.25866666666666666,0.9215555555555556,0
6837,70,50,0.7142857142857143,0,MediClin Müritz-Klinikum,203,Mecklenburg-Vorpommern,0,MediClin GmbH & Co. KG Zweigniederlassung Waren (Müritz),privat,"53,522303","12,685998",773471000,0.06557377049180328,0.5257142857142857,0.8267980295566503,1
6838,2,2,1.0,1,MediClin Müritz-Klinikum,103,Mecklenburg-Vorpommern,0,MediClin GmbH & Co. KG Zweigniederlassung Waren (Müritz),privat,"53,370461","12,602226",773599000,0.13333333333333333,0.22223300970873788,0.6612621359223301,1
6840,121,102,0.8429752066115702,1,Klinikum Südstadt Rostock,513,Mecklenburg-Vorpommern,0,Hanse- und Universitätsstadt Rostock,öffentlich,"54,071751","12,107268",771003000,0.7435897435897436,0.7335282651072125,0.923625730994152,0
6841,79,62,0.7848101265822784,1,Westmecklenburg Klinikum Helene von Bülow,160,Mecklenburg-Vorpommern,0,Westmecklenburg Klinikum Helene von Bülow GmbH,freigemeinnützig,"53,331157","11,498287",772799000,0.42857142857142855,0.48637499999999995,1.8809999999999998,0
6842,58,46,0.7931034482758621,1,Westmecklenburg Klinikum Helene von Bülow,165,Mecklenburg-Vorpommern,0,Westmecklenburg Klinikum Helene von Bülow GmbH,freigemeinnützig,"53,434521","11,18237",772800000,0.75,0.5317575757575758,0.7933939393939393,0
6843,100,80,0.8,1,Kreiskrankenhaus Demmin GmbH,203,Mecklenburg-Vorpommern,0,Kreiskrankenhaus Demmin GmbH,öffentlich,"53,902698","13,041573",772074000,0.4634146341463415,0.4439901477832512,1.1088177339901477,0
6844,83,66,0.7951807228915663,1,DRK-Krankenhaus Teterow gGmbH,95,Mecklenburg-Vorpommern,0,DRK-Landesverband Mecklenburg-Vorpommern,freigemeinnützig,"53,776842","12,571375",771339000,0.6666666666666666,0.5006315789473684,0.7205263157894737,0
6846,144,99,0.6875,0,Universitätsmedizin Greifswald - Körperschaft des öffentlichen Rechts,930,Mecklenburg-Vorpommern,1,Universitätsmedizin Greifswald - Körperschaft des öffentlichen Rechts,öffentlich,"54,088501","13,404547",773589000,0.2163265306122449,0.7713870967741935,1.15105376344086,1
6847,140,102,0.7285714285714285,0,Helios Kliniken Schwerin,1039,Mecklenburg-Vorpommern,0,Helios Kliniken Schwerin GmbH,privat,"53,651229","11,40659",772916000,0.4827586206896552,0.6234841193455245,1.2252165543792108,1
6848,49,33,0.673469387755102,0,DRK-Krankenhaus Grimmen GmbH,106,Mecklenburg-Vorpommern,0,DRK Landesverband Mecklenburg-Vorpommern e.V.,freigemeinnützig,"54,120131","13,107434",772445000,0.21739130434782608,0.3813207547169811,0.915188679245283,1
6849,53,36,0.6792452830188679,0,BODDEN-KLINIKEN Ribnitz-Damgarten GmbH,154,Mecklenburg-Vorpommern,0,Landkreis Vorpommern-Rügen,öffentlich,"54,236468","12,444334",773034000,0.8484848484848485,0.6081818181818182,1.0572077922077923,0
6850,121,92,0.7603305785123967,0,2023 Güstrow,451,Mecklenburg-Vorpommern,0,KMG Klinikum Güstrow GmbH,privat,"53,811287","12,199012",772987000,0.6344086021505376,0.4623059866962306,1.1063858093126386,1
6851,35,31,0.8857142857142857,1,Warnow Klinik Bützow gGmbH,71,Mecklenburg-Vorpommern,0,ROSKO MED GmbH/Stadt Bützow,freigemeinnützig,"53,843853","11,974855",773272000,1.0,0.7490140845070422,1.0536619718309859,0
6852,107,80,0.7476635514018691,0,Sana-Krankenhaus Rügen GmbH,206,Mecklenburg-Vorpommern,0,Sana Kliniken AG,privat,"54,419653","13,42882",772096000,0.6388888888888888,0.2804854368932039,1.5554368932038836,1
6853,82,50,0.6097560975609756,0,DRK-Krankenhaus Mecklenburg-Strelitz gGmbH,164,Mecklenburg-Vorpommern,0,DRK-Landesverband Mecklenburg-Vorpommern e.V.,freigemeinnützig,"53,380588","13,052484",773039000,1.0,0.44707317073170727,1.3129268292682927,1
6854,4,3,0.75,0,Sana HANSE-Klinikum Wismar- Tagesklinik Grevesmühlen,17,Mecklenburg-Vorpommern,0,Sana Kliniken AG,privat,"53,868057","11,182023",773231000,1.0,0.09411764705882353,0.09588235294117646,1
6856,143,105,0.7342657342657343,0,Sana HANSE-Klinikum Wismar GmbH,422,Mecklenburg-Vorpommern,0,Sana Kliniken AG,privat,"53,884771","11,438175",773325000,0.8152173913043478,0.41938388625592415,0.5796208530805688,1
6857,2,2,1.0,1,HELIOS Hanseklinikum Stralsund,198,Mecklenburg-Vorpommern,0,HELIOS Hanseklinikum Stralsund GmbH,privat,"54,301382","13,045606",771437000,0.8461538461538461,0.14949494949494951,0.8984848484848486,1
6858,120,100,0.8333333333333334,1,Helios Hanseklinikum Stralsund,467,Mecklenburg-Vorpommern,0,HELIOS Hanseklinikum Stralsund GmbH,privat,"54,328989","13,079764",771436000,0.7652173913043478,0.5550321199143469,1.111134903640257,1
6864,35,27,0.7714285714285715,1,LUP-Klinikum am Crivitzer See gGmbH,80,Mecklenburg-Vorpommern,0,LUP-Klinikum am Crivitzer See gGmbH,freigemeinnützig,"53,575004","11,648213",773306000,0.9130434782608695,0.60575,1.246,1
6865,42,29,0.6904761904761905,0,DRK-Krankenhaus Grevesmühlen gGmbH,122,Mecklenburg-Vorpommern,0,DRK-Landesverband Mecklenburg-Vorpommern e.V.,freigemeinnützig,"53,86842","11,183156",771028000,0.76,0.4088524590163934,1.0932786885245902,1
6866,49,27,0.5510204081632653,0,Dependance Herzchirurgie der Universitätsmedizin Rostock an den Helios Kliniken Schwerin GmbH,9,Mecklenburg-Vorpommern,1,Universitätsmedizin Rostock - rechtsfähige Teilkörperschaft der Universität Rostock,öffentlich,"53,651237","11,406677",772185000,,1.1477777777777778,0.0,1
6868,5,4,0.8,1,Universitätsmedizin Rostock - Zentrum für Nervenheilkunde,265,Mecklenburg-Vorpommern,1,Universitätsmedizin Rostock - rechtsfähige Teilkörperschaft der Universität Rostock,öffentlich,"54,101674","12,131371",772940000,0.5185185185185185,0.36018867924528297,1.036,1
6869,5,2,0.4,0,Universitätsmedzin Rostock - Zentrum für Radiologie - Klinik  und Poliklinik für Strahlentherapie,44,Mecklenburg-Vorpommern,1,Universitätsmedizin Rostock - rechtsfähige Teilkörperschaft der Universität Rostock,öffentlich,"54,073234","12,104605",772942000,0.6923076923076923,0.4231818181818182,0.6129545454545454,1
6871,36,25,0.6944444444444444,0,Kreiskrankenhaus Wolgast gGmbH,155,Mecklenburg-Vorpommern,0,Kreiskrankenhaus Wolgast gGmbH,öffentlich,"54,052706","13,765961",773476000,,0.31038709677419357,1.0424516129032257,0
6872,153,104,0.6797385620915033,0,Universitätsmedizin Rostock - Teilkörperschaft der Universität Rostock,724,Mecklenburg-Vorpommern,1,Universitätsmedizin Rostock - rechtsfähige Teilkörperschaft der Universität Rostock,öffentlich,"54,085559","12,101712",773084000,0.517799352750809,0.8452900552486188,1.255511049723757,1
6873,2,2,1.0,1,Helios Kliniken Schwerin - Psychiatrie,355,Mecklenburg-Vorpommern,0,Helios Kliniken Schwerin GmbH,privat,"53,652603","11,409309",773148000,0.5098039215686274,0.23183098591549295,0.5850704225352112,1
6878,101,81,0.801980198019802,1,KLINIKUM KARLSBURG der Klinikgruppe Dr. Guth GmbH & Co. KG,236,Mecklenburg-Vorpommern,0,Klinikgruppe Dr. Guth GmbH & Co. KG,privat,"53,970694","13,609633",771446000,0.39215686274509803,0.5166525423728814,0.748135593220339,0
6879,5,5,1.0,1,Klinik Amsee,50,Mecklenburg-Vorpommern,0,Klinik Amsee GmbH,privat,"53,5419","12,687936",772559000,0.42857142857142855,0.35259999999999997,1.7748,0
6880,65,44,0.676923076923077,0,MediClin Krankenhaus Plau am See,204,Mecklenburg-Vorpommern,0,"MediClin GmbH & Co.KG, Zweigniederlassung Plau am See",privat,"53,478477","12,284199",771841000,0.46875,0.5132352941176471,1.035294117647059,1
6881,95,79,0.8315789473684211,1,AKG Klinik Parchim GmbH,135,Mecklenburg-Vorpommern,0,Asklepios Kliniken GmbH & Co. KGaA,privat,"53,429704","11,854413",773601000,0.71875,0.4126666666666667,0.906,0
6882,45,31,0.6888888888888889,0,Sana Krankenhaus Bad Doberan GmbH,134,Mecklenburg-Vorpommern,0,Sana Krankenhaus Bad Doberan GmbH,privat,"54,090705","11,90574",773177000,0.7368421052631579,0.3330597014925373,0.5261940298507463,1
6883,2,2,1.0,1,BDH-Klinik Greifswald gGmbH,66,Mecklenburg-Vorpommern,0,BDH Bundesverband Rehabilitation e.V.,,"54,08995","13,41003",773510000,1.0,0.45212121212121215,1.5251515151515151,0
6884,2,1,0.5,0,Helios Klinik Leezen GmbH,203,Mecklenburg-Vorpommern,0,Helios Klinik Leezen GmbH,privat,"53,660304","11,49137",771360000,0.5384615384615384,0.23103448275862068,1.1985221674876847,1
6885,102,82,0.803921568627451,1,Asklepios Klinik Pasewalk,185,Mecklenburg-Vorpommern,0,Asklepios Klinik Pasewalk GmbH,privat,"53,489376","13,984294",773369000,0.6136363636363636,0.5190810810810811,1.4945945945945946,1
6886,40,24,0.6,0,AMEOS Klinikum Ueckermünde,219,Mecklenburg-Vorpommern,0,AMEOS Krankenhausgesellschaft Vorpommern mbH,privat,"53,740201","14,022625",773374000,0.78125,0.34748858447488584,1.1251141552511417,1
6887,47,31,0.6595744680851063,0,Anklam,101,Mecklenburg-Vorpommern,0,AMEOS Krankenhausgesellschaft Vorpommern mbH,privat,"53,848626","13,699017",773375000,0.6956521739130435,0.47029702970297027,1.3373267326732672,1
6892,2,2,1.0,1,Evangelisches Krankenhaus Bethanien Greifswald,262,Mecklenburg-Vorpommern,0,Evangelisches Krankenhaus Bethanien gGmbH,freigemeinnützig,"54,078223","13,381947",771948000,0.46808510638297873,0.18595419847328243,0.5909923664122138,0
6893,2,1,0.5,0,Fachkliniken Waldeck GmbH,56,Mecklenburg-Vorpommern,0,Fachkliniken Waldeck GmbH,privat,"53,92871","12,121255",771644000,1.0,0.32142857142857145,0.7892857142857144,0
6894,2,2,1.0,1,Short Care Klinik Greifswald GmbH,22,Mecklenburg-Vorpommern,0,Short Care Klinik Greifswald GmbH,privat,"54,087835","13,412669",773549000,,0.06818181818181818,0.860909090909091,0
6897,69,50,0.7246376811594203,0,KMG Klinik Boizenburg GmbH,48,Mecklenburg-Vorpommern,0,KMG Klinik Boizenburg GmbH,privat,"53,377157","10,71787",771830000,1.0,0.455,0.5464583333333334,1
6898,20,17,0.85,1,Dietrich-Bonhoeffer-Klinikum Standort Altentreptow,100,Mecklenburg-Vorpommern,0,Diakonie Klinikum Dietrich Bonhoeffer GmbH,freigemeinnützig,"53,696822","13,252726",772894000,0.5714285714285714,0.35810000000000003,0.8748,0
6899,114,98,0.8596491228070176,1,Dietrich-Bonhoeffer-Klinikum Standort Neubrandenburg,851,Mecklenburg-Vorpommern,0,Diakonie Klinikum Dietrich Bonhoeffer GmbH,freigemeinnützig,"53,544754","13,294242",772893000,0.6573426573426573,0.5629612220916569,1.157990599294947,0
6900,37,19,0.5135135135135135,0,Dietrich-Bonhoeffer-Klinikum Standort Malchin,100,Mecklenburg-Vorpommern,0,Diakonie Klinikum Dietrich Bonhoeffer GmbH,freigemeinnützig,"53,736703","12,755626",772895000,1.0,0.3811,0.9197,0
6902,67,50,0.746268656716418,0,St.Johannes Krankenhaus,160,Sachsen,0,St. Johannes Krankenhaus GmbH,privat,"51,264083","14,123152",772142000,1.0,0.372875,0.8076874999999999,0
6903,64,47,0.734375,0,Krankenhaus St. Joseph-Stift Dresden GmbH,250,Sachsen,0,Krankenhaus St. Joseph-Stift Dresden GmbH,freigemeinnützig,"51,047261","13,761894",771043000,0.7835051546391752,0.58012,1.43076,0
6904,87,66,0.7586206896551724,0,Diakonissenkrankenhaus Dresden,220,Sachsen,0,Ev.-Luth. Diakonissenanstalt Dresden e.V.,freigemeinnützig,"51,062785","13,761286",771783000,0.36363636363636365,0.634,1.3965454545454545,0
6905,48,31,0.6458333333333334,0,Krankenhaus Emmaus Niesky,100,Sachsen,0,Ev.-Luth. Diakonissenanstalt Dresden e.V.,freigemeinnützig,"51,294188","14,817899",771784000,0.5882352941176471,0.3476000000000001,1.1609,0
6906,64,53,0.828125,1,Pleißental-Klinik GmbH,240,Sachsen,0,Pleißental-Klinik GmbH,öffentlich,"50,741936","12,366416",772433000,0.7659574468085106,0.34629166666666666,0.814,0
6907,82,59,0.7195121951219512,0,Rudolf Virchow Klinikum Glauchau,320,Sachsen,0,Landkreis Zwickau,öffentlich,"50,809498","12,5517",772880000,1.0,0.4299375,0.9368749999999999,0
6909,58,42,0.7241379310344828,0,Zeisigwaldkliniken Bethanien Chemnitz,300,Sachsen,0,Bethanien Krankenhaus Chemnitz gemeinnützige GmbH,freigemeinnützig,"50,840604","12,962685",772659000,1.0,0.4568666666666667,1.4165333333333334,0
6910,28,22,0.7857142857142857,1,Erzgebirgsklinikum gGmbH Haus Olbernhau,90,Sachsen,0,Erzgebirgsklinikum gGmbH,öffentlich,"50,65421","13,347657",772267000,0.8666666666666667,0.2837777777777778,0.9263333333333333,0
6911,64,51,0.796875,1,DIAKOMED Diakoniekrankenhaus Chemnitzer Land gGmbH,210,Sachsen,0,DIAKOMED-Diakoniekrankenhaus Chemnitzer Land gGmbH,freigemeinnützig,"50,882905","12,792462",771840000,0.8,0.3719047619047619,1.0746190476190476,0
6912,8,7,0.875,1,Heinrich-Braun-Klinikum gemeinnützige GmbH Standort Kirchberg,70,Sachsen,0,Heinrich-Braun-Klinikum gemeinnützige GmbH mit den Gesellschaftern Stadt Zwickau und Landkreis Zwickau,öffentlich,"50,626359","12,561133",772364000,0.5,0.24414285714285713,1.1228571428571428,0
6913,127,81,0.6377952755905512,0,Heinrich-Braun-Klinikum gemeinnützige GmbH Standort Zwickau,892,Sachsen,0,Heinrich-Braun-Klinikum gemeinnützige GmbH,öffentlich,"50,722951","12,434323",772365000,0.5023255813953489,0.5768273542600897,1.2573430493273543,0
6914,36,30,0.8333333333333334,1,Heinrich-Braun-Klinikum Zwickau Standort Werdauer Straße,171,Sachsen,0,Heinrich-Braun-Klinikum gemeinnützige GmbH mit den Gesellschaftern Stadt Zwickau und Landkreis Zwickau,öffentlich,"50,722442","12,471149",772531000,0.16,0.5146198830409356,1.312456140350877,0
6915,8,5,0.625,0,Heinrich-Braun-Klinikum gemeinnützige GmbH Standort Glauchau,10,Sachsen,0,Heinrich-Braun-Klinikum gemeinnützige GmbH Standort Glauchau,öffentlich,"50,809488","12,55179",773622000,0.3333333333333333,0.422,1.042,0
6916,96,66,0.6875,0,Klinikum Obergöltzsch Rodewisch,290,Sachsen,0,Vogtlandkreis,öffentlich,"50,52291","12,410663",771157000,0.7228915662650602,0.48734482758620684,1.1851724137931035,0
6917,61,52,0.8524590163934426,1,Erzgebirgsklinikum gGmbH Haus Stollberg,215,Sachsen,0,Erzgebirgsklinikum gGmbH,öffentlich,"50,717486","12,788592",773096000,0.65,0.3581395348837209,0.8711162790697675,0
6918,36,32,0.8888888888888888,1,Deutsches Rotes Kreuz Krankenhaus Lichtenstein Gemeinnützige GmbH,155,Sachsen,0,Deutsches Rotes Kreuz Krankenhaus Lichtenstein Gemeinnützige GmbH,freigemeinnützig,"50,748188","12,635739",771040000,0.7560975609756098,0.4816774193548387,0.9061290322580644,0
6919,5,5,1.0,1,Sächsisches Krankenhaus Rodewisch,252,Sachsen,0,Freistaat Sachsen vertreten durch das Staatsministerium für Soziales und Gesellschaftlichen Zusammenhalt,öffentlich,"50,531806","12,4011",771367000,1.0,0.20595238095238097,0.904484126984127,0
6920,65,53,0.8153846153846154,1,COLLM KLINIK OSCHATZ GmbH,210,Sachsen,0,Landkreis Nordsachsen und Asklepios Kliniken GmbH & Co. KGaA,,"51,291734","13,114279",773062000,0.8461538461538461,0.3944285714285714,0.9991428571428571,0
6921,46,34,0.7391304347826086,0,HELIOS Klinik Leisnig,175,Sachsen,0,HELIOS Klinik Leisnig GmbH,privat,"51,155714","12,920709",771389000,0.627906976744186,0.44171428571428567,0.9891428571428573,1
6922,127,82,0.6456692913385826,0,Klinikum St. Georg gGmbH,842,Sachsen,0,Stadt Leipzig,öffentlich,"51,383359","12,380169",772884000,0.5875486381322957,0.7345011876484561,1.1157125890736341,0
6924,9,7,0.7777777777777778,1,Klinikum St. Georg gGmbH,188,Sachsen,0,Stadt Leipzig,öffentlich,"51,317788","12,301916",772886000,0.5555555555555556,0.14627659574468085,0.38882978723404255,0
6928,71,48,0.676056338028169,0,Muldentalkliniken GmbH Gemeinnützige Gesellschaft Standort Grimma,145,Sachsen,0,Landkreis Leipzig,öffentlich,"51,237706","12,717505",772622000,0.8148148148148148,0.5637931034482758,1.0411724137931035,0
6929,71,54,0.7605633802816901,0,Muldentalkliniken GmbH Gemeinnützige Gesellschaft Standort Wurzen,145,Sachsen,0,Landkreis Leipzig,öffentlich,"51,378712","12,732268",772623000,0.8,0.5361379310344827,1.1235862068965516,0
6932,5,4,0.8,1,Fachkrankenhaus Hubertusburg gGmbH,194,Sachsen,0,Fachkrankenhaus Hubertusburg gGmbH,öffentlich,"51,274474","12,941995",773222000,0.17391304347826086,0.2613917525773196,0.5847938144329897,0
6933,17,17,1.0,1,MEDICLIN Waldkrankenhaus Bad Düben,125,Sachsen,0,"MEDICLIN GmbH & Co.KG, Zweigniederlassung MEDICLIN Waldkrankenhaus Bad Düben",privat,"51,598074","12,581506",771856000,0.08333333333333333,0.4104,0.8940000000000001,1
6934,75,51,0.68,0,Kreiskrankenhaus Weißwasser gGmbH,180,Sachsen,0,Kreiskrankenhaus Weißwasser gemeinnützige GmbH,öffentlich,"51,502859","14,630972",772890000,0.5757575757575758,0.36194444444444446,0.44527777777777783,0
6935,101,86,0.8514851485148515,1,Lausitzer Seenland Klinikum GmbH,410,Sachsen,0,Lausitzer Seenland Klinikum GmbH,öffentlich,"51,441829","14,272666",773221000,0.8674698795180723,0.48934146341463414,1.0554878048780487,0
6936,100,81,0.81,1,ELBLANDKLINIKEN Stiftung & Co. KG ELBLANDKLINIKUM Riesa,330,Sachsen,0,ELBLANDKLINIKEN Stiftung & Co. KG,öffentlich,"51,296177","13,310297",771429000,0.7391304347826086,0.6404242424242425,1.4094242424242425,0
6937,40,32,0.8,1,Oberlausitz-Kliniken gGmbH/ Krankenhaus Bischofswerda,150,Sachsen,0,"Oberlausitz-Kliniken gGmbH/ Kamenzer Str. 55, 01877 Bischofswerda",öffentlich,"51,136189","14,178502",771694000,1.0,0.33320000000000005,0.7819333333333334,0
6938,93,63,0.6774193548387096,0,Klinikum Oberlausitzer Bergland gemeinnützige GmbH,236,Sachsen,0,Klinikum Oberlausitzer Bergland gemeinnützige GmbH,öffentlich,"50,899258","14,820977",772442000,0.5576923076923077,0.4204661016949153,1.046271186440678,0
6939,85,63,0.7411764705882353,0,Klinikum Oberlausitzer Bergland gemeinnützige GmbH,168,Sachsen,0,Klinikum Oberlausitzer Bergland gemeinnützige GmbH,öffentlich,"51,005067","14,569732",772443000,0.6904761904761905,0.4011904761904762,1.1102380952380952,0
6940,32,21,0.65625,0,St. Carolus Krankenhaus Görlitz,120,Sachsen,0,St. Carolus Krankenhaus GmbH,privat,"51,144223","14,939102",772279000,0.6666666666666666,0.4155,0.8389166666666668,0
6941,102,82,0.803921568627451,1,Erzgebirgsklinikum gGmbH - Haus Annaberg,375,Sachsen,0,Erzgebirgsklinikum gGmbH,öffentlich,"50,592155","13,006987",771961000,0.782608695652174,0.37176,0.7170666666666666,0
6942,85,58,0.6823529411764706,0,Erzgebirgsklinikum gGmbH Haus Zschopau,320,Sachsen,0,Erzgebirgsklinikum gGmbH Haus Zschopau,freigemeinnützig,"50,735087","13,078994",772266000,0.7777777777777778,0.382125,0.95253125,0
6943,55,45,0.8181818181818182,1,Helios Park-Klinikum Leipzig,670,Sachsen,0,Helios Park-Klinikum Leipzig GmbH,privat,"51,308332","12,436152",771139000,0.4444444444444444,0.3561641791044776,0.8032835820895523,1
6945,66,55,0.8333333333333334,1,ELBLANDKLINIKEN Stiftung & Co. KG ELBLANDKLINIKUM Radebeul,345,Sachsen,0,ELBLANDKLINIKEN Stiftung & Co. KG,öffentlich,"51,108145","13,651184",771534000,0.7529411764705882,0.5455652173913044,0.9860289855072464,0
6946,5,5,1.0,1,Sächsisches Krankenhaus Arnsdorf,320,Sachsen,0,"Freistaat Sachsen, vertreten durch das Sächsische Staatsministerium für Soziales und Gesellschaftlichen Zusammenhalt",öffentlich,"51,095022","13,997343",771257000,0.14285714285714285,0.24621875000000001,0.72934375,0
6948,119,72,0.6050420168067226,0,Helios Klinikum Pirna,410,Sachsen,0,Helios Klinikum Pirna GmbH,privat,"50,958528","13,953896",771818000,0.6101694915254238,0.4814634146341464,1.0759756097560977,1
6952,2,2,1.0,1,SKH Großschweidnitz,324,Sachsen,0,Sächsisches Staatsministerium für Soziales und gesellschaftlichen Zusammenhalt,öffentlich,"51,075455","14,644254",773417000,0.6052631578947368,0.12395061728395061,0.6980246913580247,0
6953,41,31,0.7560975609756098,0,Städtisches Klinikum Dresden - Standort Weißer Hirsch,218,Sachsen,0,Landeshauptstadt Dresden,öffentlich,"51,065206","13,835476",772840000,0.8181818181818182,0.23889908256880732,0.6119266055045871,0
6954,76,61,0.8026315789473685,1,Städtisches Klinikum Dresden - Standort Neustadt/Trachau,336,Sachsen,0,Landeshauptstadt Dresden,öffentlich,"51,089996","13,709002",772841000,0.784,0.5144345238095238,1.1830654761904764,0
6955,110,71,0.6454545454545455,0,Städtisches Klinikum Dresden - Standort Friedrichstadt,1003,Sachsen,0,Landeshauptstadt Dresden,öffentlich,"51,05952","13,718164",772842000,0.7773109243697479,0.5363808574277169,1.0659322033898306,0
6956,13,10,0.7692307692307693,0,Orthopädisches Zentrum Martin-Ulbrich-Haus Rothenburg gGmbH,90,Sachsen,0,Orthopädisches Zentrum Martin-Ulbrich-Haus Rothenburg gGmbH,freigemeinnützig,"51,328451","14,965003",771636000,0.8,0.23800000000000002,0.5707777777777778,0
6957,102,83,0.8137254901960784,1,Kreiskrankenhaus Freiberg,335,Sachsen,0,Kreiskrankenhaus Freiberg gemeinnützige GmbH,öffentlich,"50,920547","13,350871",772957000,0.4891304347826087,0.5240298507462687,1.0645074626865672,0
6960,5,3,0.6,0,Sächsisches Krankenhaus Altscherbitz,295,Sachsen,0,Sächsisches Staatsministerium für Soziales und Gesellschaftlichen Zusammenhalt,öffentlich,"51,393646","12,233552",771654000,1.0,0.21108474576271188,0.7220677966101695,0
6961,26,18,0.6923076923076923,0,Helios Weißeritztal-Kliniken Klinik Dippoldiswalde,64,Sachsen,0,Helios Weißeritztal-Kliniken,privat,"50,90141","13,667824",771985000,1.0,0.11843749999999999,0.35625,1
6962,10,7,0.7,0,Helios Weißeritztal Kliniken Außenstelle Klinikum Pirna/ Klinik für Kinder- und Jugendmedizin,18,Sachsen,0,Helios Weißeritztal-Kliniken GmbH,privat,"50,958515","13,952973",771987000,1.0,0.37777777777777777,0.4111111111111111,1
6963,85,67,0.788235294117647,1,Helios Weißeritztal Kliniken Klinikum Freital,280,Sachsen,0,Helios Weißeritztal-Kliniken GmbH,privat,"50,991661","13,645339",771986000,0.7066666666666667,0.5828571428571429,1.7449999999999999,1
6964,124,101,0.8145161290322581,1,Universitätsklinikum Carl Gustav Carus Dresden an der Technischen Universität Dresden Anstalt des öffentlichen Rechts des Freistaates Sachsen,1410,Sachsen,1,Freistaat Sachsen,öffentlich,"51,056819","13,781291",773444000,0.5659025787965616,1.0277021276595744,1.8893333333333333,1
6965,101,73,0.7227722772277227,0,Oberlausitz-Kliniken gGmbH/ Krankenhaus Bautzen,415,Sachsen,0,"Oberlausitz-Kliniken gGmbH/ Am Stadtwall 3, 02625 Bautzen",öffentlich,"51,184841","14,430271",771695000,0.8020833333333334,0.5040481927710844,0.940409638554217,0
6966,31,18,0.5806451612903226,0,Sana Kliniken Leipziger Land GmbH - Klinik Zwenkau,59,Sachsen,0,Sana Kliniken AG,privat,"51,22029","12,330017",771015000,0.4,0.39084745762711864,0.782542372881356,1
6967,167,124,0.7425149700598802,0,Universitätsklinikum Leipzig Anstalt öffentlichen Rechts,1451,Sachsen,1,Freistaat Sachsen,öffentlich,"51,331383","12,386209",771392000,0.18625954198473282,0.8673880082701585,1.6013783597518951,1
6968,101,85,0.8415841584158416,1,Sana Kliniken Leipziger Land GmbH - Klinikum Borna,508,Sachsen,0,Sana Kliniken AG,privat,"51,134329","12,504938",771016000,0.5472636815920398,0.682755905511811,1.327007874015748,1
6969,2,2,1.0,1,St.-Marien-Krankenhaus Dresden,210,Sachsen,0,Caritasverband für das Bistum Dresden-Meißen e. V.,freigemeinnützig,"51,121113","13,783346",772059000,0.717948717948718,0.24342857142857144,0.6572857142857143,0
6972,2,1,0.5,0,Fachkrankenhaus Bethanien Hochweitzschen,121,Sachsen,0,Fachkrankenhaus Bethanien Hochweitzschen gemeinnützige GmbH,freigemeinnützig,"51,142052","13,033817",773263000,1.0,0.20223140495867767,0.7357851239669422,0
6973,58,54,0.9310344827586207,1,St. Elisabeth-Krankenhaus Leipzig,374,Sachsen,0,Katholischer Kirchenlehen St. Trinitatis Leipzig,freigemeinnützig,"51,303198","12,378562",771805000,0.7383177570093458,0.6359625668449198,1.4072994652406419,0
6974,70,46,0.6571428571428571,0,Ev. Diakonissenkrankenhaus Leipzig gGmbH,250,Sachsen,0,Ev. Diakonissenkrankenhaus Leipzig gemeinnützige GmbH,freigemeinnützig,"51,343124","12,320683",772555000,1.0,0.54648,1.53612,0
6975,127,82,0.6456692913385826,0,Städtisches Klinikum Görlitz gGmbH,550,Sachsen,0,Stadt Görlitz,öffentlich,"51,161541","14,969681",772378000,0.6165413533834586,0.5091636363636364,1.2393272727272726,0
6976,43,33,0.7674418604651163,0,Paracelsus-Klinik Adorf/Schöneck -Standort Schöneck-,275,Sachsen,0,Paracelsus-Kliniken Deutschland GmbH & Co. KGaA,privat,"50,396886","12,336252",773386000,0.5882352941176471,0.17454545454545456,0.444,0
6977,25,18,0.72,0,Paracelsus-Klinik Adorf/Schöneck -Standort Adorf -,275,Sachsen,0,Paracelsus-Kliniken Deutschland GmbH & Co. KGaA,privat,"50,328893","12,289963",773387000,0.6111111111111112,0.07745454545454544,0.4429090909090909,0
6978,2,0,0.0,0,VAMED Klinik Schloss Pulsnitz GmbH: Krankenhausbereich enthalten sind nur die Daten der Patientinnen/Patienten der Besonderen Einrichtung ohne Patientinnen/Patienten aus dem Reha-Bereich,137,Sachsen,0,VAMED Klinik Schloss Pulsnitz GmbH,privat,"51,179914","14,014127",772369000,0.9090909090909091,0.1905109489051095,1.063941605839416,1
6979,6,6,1.0,1,Krankenhaus Bethanien Plauen,50,Sachsen,0,Bethanien Krankenhaus Chemnitz gemeinnützige GmbH,freigemeinnützig,"50,502013","12,122547",772797000,1.0,0.4646,0.9894,0
6980,2,1,0.5,0,Asklepios Fachklinikum Wiesen,166,Sachsen,0,Fachklinikum Wiesen GmbH,privat,"50,648441","12,559296",772618000,0.8181818181818182,0.20283132530120482,0.6212048192771084,1
6981,92,73,0.7934782608695652,1,Helios Klinikum Aue,580,Sachsen,0,Helios Klinikum Aue GmbH,privat,"50,592479","12,715272",773446000,0.7578125,0.4953448275862069,1.0760344827586208,1
6982,92,68,0.7391304347826086,0,Herzzentrum Leipzig GmbH,440,Sachsen,0,Helios Kliniken GmbH,privat,"51,307606","12,436903",771136000,0.40993788819875776,0.9070681818181818,1.4759090909090908,1
6983,22,15,0.6818181818181818,0,Klinikum Chemnitz gGmbH,401,Sachsen,0,Stadt Chemnitz,öffentlich,"50,85117","12,954741",772793000,0.6206896551724138,0.23209476309226934,0.8235411471321694,0
6984,127,86,0.6771653543307087,0,Klinikum Chemnitz gGmbH,1384,Sachsen,0,Stadt Chemnitz,öffentlich,"50,844501","12,886337",772794000,0.5275590551181102,0.43317196531791907,1.239934971098266,0
6985,92,63,0.6847826086956522,0,Kliniken Erlabrunn GmbH,340,Sachsen,0,Kliniken Erlabrunn GmbH,privat,"50,47386","12,708372",771591000,0.6481481481481481,0.3435294117647059,0.8682941176470588,0
6986,81,71,0.8765432098765432,1,KH Mittweida,195,Sachsen,0,Landkreis Mittweida Krankenhaus gGmbH,öffentlich,"50,981106","12,984505",772815000,0.7391304347826086,0.5012820512820513,1.1178974358974358,0
6987,74,63,0.8513513513513513,1,Deutsches Rotes Kreuz Krankenhaus Chemnitz-Rabenstein,297,Sachsen,0,Deutsches Rotes Kreuz Gemeinnützige Krankenhaus GmbH Sachsen,freigemeinnützig,"50,820971","12,825703",771039000,0.9746835443037974,0.5481144781144781,1.0143771043771044,0
6988,127,78,0.6141732283464567,0,Helios Vogtland-Klinikum Plauen,668,Sachsen,0,Helios Vogtland-Klinikum Plauen GmbH,privat,"50,492359","12,15283",771537000,0.7482993197278912,0.38502994011976044,0.8916167664670659,1
6989,13,13,1.0,1,Asklepios Orthopädische Fachklinik Hohwald,105,Sachsen,0,Asklepios Kliniken GmbH & Co. KGaA,privat,"51,046812","14,290974",772023000,1.0,0.39638095238095244,1.0495238095238095,1
6990,5,5,1.0,1,Lungenzentrum Coswig,171,Sachsen,0,Fachkrankenhaus Coswig GmbH - Lungenzentrum,privat,"51,13122","13,593594",771328000,0.13157894736842105,0.4111111111111112,0.7232748538011696,0
6991,43,36,0.8372093023255814,1,Sächsische Schweiz Klinik Sebnitz,130,Sachsen,0,Sächsische Schweiz Kliniken GmbH,privat,"50,98295","14,266479",772986000,1.0,0.24115384615384616,1.0376153846153848,0
6992,60,48,0.8,1,Asklepios-ASB Klinik Radeberg,145,Sachsen,0,Asklepios-ASB Klinik Radeberg,privat,"51,123693","13,930238",773270000,1.0,0.3253103448275862,0.6628275862068965,1
6993,2,2,1.0,1,Epilepsiezentrum Kleinwachau gemeinnützige GmbH Fachkrankenhaus für Neurologie,53,Sachsen,0,Epilepsiezentrum Kleinwachau gemeinnützige GmbH,freigemeinnützig,"51,141348","13,901382",771181000,0.7857142857142857,0.3609433962264151,1.1667924528301887,0
6994,92,71,0.7717391304347826,1,ELBLANDKLINIKEN Stiftung & Co. KG ELBLANDKLINIKUM Meißen,355,Sachsen,0,ELBLANDKLINIKEN Stiftung & Co. KG,öffentlich,"51,174052","13,505173",771831000,0.8181818181818182,0.5325633802816901,1.0061126760563381,0
6995,83,63,0.7590361445783133,0,Herzzentrum Dresden GmbH,181,Sachsen,1,Sana Kliniken AG,privat,"51,058087","13,777707",771303000,0.847457627118644,1.008950276243094,1.941325966850829,0
6996,79,57,0.7215189873417721,0,Kreiskrankenhaus Johann Kentmann gGmbH,230,Sachsen,0,Kreiskrankenhaus Torgau &quot;Johann Kentmann&quot;gGmbH,öffentlich,"51,561519","12,984613",771248000,0.8888888888888888,0.4250434782608696,0.6699130434782608,0
6997,5,3,0.6,0,Diakonie Kliniken Zschadraß - Fachkrankenhaus für Psychiatrie Psychotherapie und Neurologie,165,Sachsen,0,Diakoniewerk Zschadraß gemeinnützige GmbH,freigemeinnützig,"51,139772","12,819279",771821000,0.15789473684210525,0.192,0.588121212121212,0
6998,62,52,0.8387096774193549,1,HELIOS Klinik Schkeuditz GmbH,150,Sachsen,0,HELIOS Klinik Schkeuditz GmbH,privat,"51,394704","12,230795",771525000,0.7966101694915254,0.5266666666666666,0.8793333333333332,1
7002,69,55,0.7971014492753623,1,Klinikum Döbeln,210,Sachsen,0,Klinikum Döbeln GmbH,privat,"51,119088","13,13093",771199000,0.2413793103448276,0.44147619047619047,1.0742380952380952,0
7003,2,2,1.0,1,Neurologisches Rehabilitationszentrum Leipzig,70,Sachsen,0,"Michels Kliniken, Sachsenklinik GmbH",privat,"51,349507","12,646517",772602000,1.0,0.2267142857142857,1.8807142857142858,0
7004,2,2,1.0,1,MediClin Klinik am Brunnenberg,20,Sachsen,0,"MediClin GmbH & Co. KG, Zweigniederlassung Bad Elster",privat,"50,278125","12,246096",773322000,0.6666666666666666,0.36,1.1869999999999998,1
7005,10,4,0.4,0,Neurologisches Fachkrankenhaus Zscheckwitz,15,Sachsen,0,Neurologisches Rehabilitationszentrum für Kinder und Jugendliche Klinik Bavaria Kreischa gGmbH,privat,"50,954326","13,754699",773353000,1.0,0.30666666666666664,0.466,0
7006,5,4,0.8,1,Fachkrankenhaus Kreischa,150,Sachsen,0,Rudolf Presl GmbH & Co. Klinik Bavaria Rehabilitations KG,privat,"50,947148","13,767353",773332000,0.8076923076923077,0.5084000000000001,2.2950666666666666,0
7007,2,1,0.5,0,Fachkrankenhaus für Geriatrie,55,Sachsen,0,Fachkliniken für Geriatrie Radeburg GmbH,privat,"51,210814","13,723827",772837000,0.5,0.2776363636363636,0.6049090909090908,0
7008,2,2,1.0,1,ELBLAND Rehabilitationsklinik Großenhain,50,Sachsen,0,ELBLAND Reha- und Präventions-GmbH,öffentlich,"51,28718","13,539129",771418000,1.0,0.28859999999999997,1.4702000000000002,0
7009,65,34,0.5230769230769231,0,Kreiskrankenhaus Delitszch GmbH,135,Sachsen,0,Kreiskrankenhaus Delitzsch GmbH,öffentlich,"51,459966","12,620405",771664000,0.8275862068965517,0.5011851851851852,0.862,0
7010,31,23,0.7419354838709677,0,Kreiskrankenhaus Delitzsch GmbH,135,Sachsen,0,Kreiskrankenhaus Delitzsch GmbH,öffentlich,"51,526558","12,337979",771665000,0.8,0.4693333333333333,0.6072592592592592,0
7011,143,99,0.6923076923076923,0,Johanniter GmbH - Zweigniederlassung Stendal - Johanniter Krankenhaus Stendal,357,Sachsen-Anhalt,0,Johanniter GmbH - Zweigniederlassung Stendal - Johanniter Krankenhaus Stendal,freigemeinnützig,"52,611667","11,853255",773125000,0.8222222222222222,0.5315966386554621,0.7436134453781513,0
7012,5,5,1.0,1,Diakonie-Krankenhaus Elbingerode,108,Sachsen-Anhalt,0,Diakonie-Krankenhaus Harz GmbH,freigemeinnützig,"51,772448","10,790894",773575000,1.0,0.22592592592592592,0.5046296296296297,0
7013,85,66,0.7764705882352941,1,Helios Bördeklinik,182,Sachsen-Anhalt,0,Helios Bördeklinik GmbH,privat,"52,065479","11,189955",772232000,1.0,0.510989010989011,0.5582417582417583,1
7014,35,7,0.2,0,Lungenklinik Lostau,170,Sachsen-Anhalt,0,Pfeiffersche Stiftungen Magdeburg,freigemeinnützig,"52,215771","11,727942",771182000,0.11764705882352941,0.33352941176470585,0.8554117647058823,0
7017,2,2,1.0,1,AWO Fachkrankenhaus Jerichow,170,Sachsen-Anhalt,0,AWO Krankenhausbetriebsgesellschaft mbH,freigemeinnützig,"52,500774","12,036698",773159000,0.7,0.19676470588235295,0.6937647058823528,0
7018,5,3,0.6,0,Saale-Krankenhaus Calbe,108,Sachsen-Anhalt,0,Saale-Krankenhaus Calbe GmbH,privat,"51,903924","11,76807",773629000,1.0,0.12037037037037036,0.741111111111111,0
7019,70,31,0.44285714285714284,0,Helios Klinik Zerbst/Anhalt ,157,Sachsen-Anhalt,0,Helios Klinik Zerbst/Anhalt GmbH,privat,"51,960539","12,093541",771770000,1.0,0.43121019108280256,0.8452229299363059,1
7020,89,70,0.7865168539325843,1,Gesundheitszentrum Bitterfeld/Wolfen gGmbH,411,Sachsen-Anhalt,0,Landkreis Anhalt-Bitterfeld,öffentlich,"51,633728","12,333818",772352000,0.4117647058823529,0.36007299270072995,0.9416301703163017,0
7022,9,8,0.8888888888888888,1,Klinik des Westens GmbH,10,Sachsen-Anhalt,0,Klinik des Westens GmbH,privat,"52,137326","11,624528",773560000,,0.2,1.232,0
7023,66,32,0.48484848484848486,0,Universitätsklinikum Magdeburg A.ö.R. - Standort: Gerhart-Hauptmann-Straße ,107,Sachsen-Anhalt,1,Land Sachsen-Anhalt,öffentlich,"52,129391","11,616834",773666000,0.7894736842105263,0.6298130841121495,1.4133644859813084,1
7024,151,116,0.7682119205298014,0,Universitätsklinikum Magdeburg A. ö. R. - Standort Leipziger Straße ,842,Sachsen-Anhalt,1,Land Sachsen-Anhalt,öffentlich,"52,101739","11,61999",773667000,0.8184357541899442,0.9567220902612827,1.6732541567695964,1
7025,50,38,0.76,0,Altmark Klinikum Gardelegen,156,Sachsen-Anhalt,0,Salus Altmark Holding gGmbH,öffentlich,"52,522739","11,382514",773354000,0.7916666666666666,0.47647435897435897,0.6426282051282052,0
7026,90,71,0.7888888888888889,1,Altmark Klinikum Salzwedel,177,Sachsen-Anhalt,0,Salus Altmark Holding gGmbH,öffentlich,"52,856469","11,145435",773355000,0.75,0.5585875706214689,0.6010734463276837,0
7027,35,18,0.5142857142857142,0,Diakoniekrankenhaus Halle gGmbH,198,Sachsen-Anhalt,0,Diakoniekrankenhaus Halle gGmbH,freigemeinnützig,"51,493879","11,960052",773014000,0.6333333333333333,0.3757070707070707,0.8967171717171716,0
7028,49,12,0.24489795918367346,0,AMEOS Klinikum Staßfurt,106,Sachsen-Anhalt,0,AMEOS,privat,"51,852872","11,592323",772967000,0.8333333333333334,0.23622641509433961,0.3282075471698113,1
7029,117,96,0.8205128205128205,1,AMEOS Klinikum Aschersleben,215,Sachsen-Anhalt,0,AMEOS,privat,"51,74596","11,457869",772968000,0.9285714285714286,0.6957209302325581,1.2237209302325582,1
7030,2,2,1.0,1,Klinik Bosse Wittenberg,164,Sachsen-Anhalt,0,Alexianer Sachsen-Anhalt GmbH,freigemeinnützig,"51,869928","12,631443",771073000,0.8,0.2301829268292683,0.598048780487805,0
7031,98,58,0.5918367346938775,0,SRH Klinikum Klinikum Naumburg,468,Sachsen-Anhalt,0,SRH Gesundheit GmbH ,privat,"51,160972","11,814169",773081000,0.6532258064516129,0.4049145299145299,0.8108119658119658,1
7032,78,38,0.48717948717948717,0,SRH Klinikum Zeitz,293,Sachsen-Anhalt,0,SRH Gesundheit GmbH,privat,"51,031208","12,159295",773082000,0.7878787878787878,0.35764505119453927,0.8212969283276451,1
7033,93,70,0.7526881720430108,0,Klinikum in den Pfeifferschen Stiftungen,270,Sachsen-Anhalt,0,Pfeiffersche Stiftungen Magdeburg,freigemeinnützig,"52,115986","11,666217",771087000,0.05660377358490566,0.5331111111111111,1.025037037037037,0
7034,45,30,0.6666666666666666,0,AMEOS Klinikum Bernburg,175,Sachsen-Anhalt,0,AMEOS Klinikum Bernburg,privat,"51,782026","11,735441",773085000,0.8787878787878788,0.5057714285714286,0.6982857142857142,1
7036,144,102,0.7083333333333334,0,Carl-von-Basedow-Klinikum Saalekreis gGmbH,413,Sachsen-Anhalt,0,Carl-von-Basedow-Klinikum Saalekreis gGmbH,öffentlich,"51,366283","11,994037",772911000,0.6666666666666666,0.541452784503632,0.8897578692493946,0
7037,61,33,0.5409836065573771,0,Carl-von-Basedow-Klinikum Saalekreis gGmbH,213,Sachsen-Anhalt,0,Carl-von-Basedow-Klinikum Saalekreis gGmbH,öffentlich,"51,370392","11,607375",773445000,0.7142857142857143,0.3092957746478873,0.7267136150234741,0
7038,73,57,0.7808219178082192,1,AMEOS Klinikum Schönebeck Standort Bad Salzelmen ,112,Sachsen-Anhalt,0,AMEOS Gruppe,privat,"51,996042","11,716983",773418000,0.75,0.2914285714285714,0.7959821428571429,1
7039,59,34,0.576271186440678,0,AMEOS Klinikum Schönebeck,88,Sachsen-Anhalt,0,AMEOS Gruppe,privat,"52,012511","11,737147",773578000,0.8709677419354839,0.7632954545454546,1.5690909090909093,1
7040,33,26,0.7878787878787878,1,BG Klinikum Bergmannstrost Halle,452,Sachsen-Anhalt,0,BG Klinikum Bergmannstrost Halle gGmbH,öffentlich,"51,460258","11,984917",771678000,0.5276073619631901,0.449004424778761,1.3343141592920353,0
7041,96,77,0.8020833333333334,1,Helios Klinik Köthen GmbH,210,Sachsen-Anhalt,0,Helios Klinik Köthen GmbH,privat,"51,746567","11,972611",773269000,0.9565217391304348,0.560952380952381,1.2719047619047616,1
7042,141,98,0.6950354609929078,0,KLINIKUM MAGDEBURG gemeinnützige GmbH,791,Sachsen-Anhalt,0,Landeshauptstadt Magdeburg,öffentlich,"52,157545","11,582456",773244000,0.09090909090909091,0.44082174462705437,1.2240834386852086,0
7043,130,93,0.7153846153846154,0,Paul Gerhardt Diakonie Krankenhaus und Pflege GmbH,300,Sachsen-Anhalt,0,Paul Gerhardt Diakonie Krankenhaus und Pflege GmbH,freigemeinnützig,"51,870511","12,656023",773668000,0.1095890410958904,0.5371333333333334,0.8505999999999999,0
7044,33,19,0.5757575757575758,0,Krankenhaus St. Elisabeth und St. Barbara Halle (Saale) GmbH / St. Barbara - Barbarastraße,82,Sachsen-Anhalt,0,Elisabeth Vinzenz Verbund (EVV),freigemeinnützig,"51,4595","11,978287",772511000,0.5625,0.4631707317073171,0.5406097560975609,0
7045,105,86,0.819047619047619,1,Krankenhaus St. Elisabeth und St. Barbara Halle (Saale) GmbH / St. Elisabeth - Mauerstraße,476,Sachsen-Anhalt,0,Elisabeth Vinzenz Verbund (EVV),freigemeinnützig,"51,478082","11,969156",772512000,0.9454545454545454,0.553235294117647,0.9902731092436975,0
7046,2,2,1.0,1,St. Joseph-Krankenhaus Dessau,100,Sachsen-Anhalt,0,Alexianer Sachsen-Anhalt GmbH,freigemeinnützig,"51,81746","12,197298",771500000,0.3333333333333333,0.16519999999999999,0.5481,0
7049,177,138,0.7796610169491526,1,Universitätsklinikum Halle (Saale),815,Sachsen-Anhalt,1,"Land Sachsen-Anhalt, vertreten durch das Ministerium für Wissenschaft, Energie, Klimaschutz und Umwelt, Vorsitzender des Aufsichtsrates: Minister Prof. Dr. Armin Willingmann",öffentlich,"51,501065","11,934981",773513000,0.6299694189602446,0.9361472392638037,1.8531165644171779,1
7050,53,26,0.49056603773584906,0,Universitätsklinikum Halle (Saale) - Medizin-Campus Steintor,105,Sachsen-Anhalt,1,"Land Sachsen-Anhalt, vertreten durch das Ministerium für Wissenschaft, Energie, Klimaschutz und Umwelt, Vorsitzender des Aufsichtsrates: Minister Prof. Dr. Armin Willingmann",öffentlich,"51,485247","11,979891",773515000,0.4883720930232558,1.0094285714285713,0.8783809523809524,1
7051,2,2,1.0,1,AWO Psychiatriezentrum Halle GmbH,100,Sachsen-Anhalt,0,AWO Psychiatriezentrum Halle GmbH,freigemeinnützig,"51,47297","11,917284",771977000,0.75,0.2328,0.7953999999999999,0
7052,115,84,0.7304347826086957,0,Helios Klinik Jerichower Land,240,Sachsen-Anhalt,0,Helios Klinik Jerichower Land GmbH,privat,"52,264669","11,832811",772243000,1.0,0.48541666666666666,0.49583333333333335,1
7053,113,92,0.8141592920353983,1,Städtisches Klinikum Dessau,728,Sachsen-Anhalt,0,Stadt Dessau-Roßlau,öffentlich,"51,815734","12,197617",771701000,0.48031496062992124,0.6256318681318682,0.8011950549450549,0
7054,85,65,0.7647058823529411,0,Krankenhaus Martha-Maria Halle-Dölau,510,Sachsen-Anhalt,0,Martha-Maria Krankenhaus Halle-Dölau gemeinnützige GmbH,freigemeinnützig,"51,50353","11,877162",771903000,0.6901408450704225,0.5554313725490195,1.1062745098039217,0
7055,82,63,0.7682926829268293,0,Helios Klinik Lutherstadt Eisleben,252,Sachsen-Anhalt,0,HELIOS Kliniken Mansfeld-Südharz GmbH,privat,"51,532625","11,54169",771957000,0.5882352941176471,0.37222222222222223,0.8055555555555557,1
7056,21,5,0.23809523809523808,0,Helios Klinik Hettstedt,128,Sachsen-Anhalt,0,Helios Kliniken Mansfeld-Südharz GmbH,privat,"51,660287","11,493652",771959000,0.46153846153846156,0.17578125,0.5,1
7057,109,65,0.5963302752293578,0,HELIOS Klinik Sangerhausen,259,Sachsen-Anhalt,0,HELIOS Kliniken Mansfeld-Südharz GmbH,privat,"51,472159","11,309538",771960000,0.6428571428571429,0.4332046332046332,0.7347490347490347,1
7059,103,65,0.6310679611650486,0,Harzklinikum Dorothea Christiane Erxleben Standort Quedlinburg,298,Sachsen-Anhalt,0,Landkreis Harz,öffentlich,"51,795329","11,163533",771011000,1.0,0.48822147651006714,1.266241610738255,0
7060,71,50,0.704225352112676,0,Harzklinikum Dorothea Christiane Erxleben Standort Wernigerode,273,Sachsen-Anhalt,0,Landkreis Harz,öffentlich,"51,835429","10,774409",771012000,0.6666666666666666,0.6448717948717949,1.4721611721611723,0
7061,2,1,0.5,0,Harzklinikum Dorothea Christiane Erxleben GmbH Standort Blankenburg,154,Sachsen-Anhalt,0,Landkreis Harz,öffentlich,"51,792862","10,955031",771014000,1.0,0.16305194805194806,0.724935064935065,0
7062,81,57,0.7037037037037037,0,AMEOS Klinikum Haldensleben,196,Sachsen-Anhalt,0,AMEOS Gruppe,privat,"52,285077","11,377712",773305000,1.0,0.6673979591836735,1.1634183673469387,1
7063,2,2,1.0,1,Salus gGmbH Fachklinikum Bernburg,353,Sachsen-Anhalt,0,Salus gGmbH,öffentlich,"51,786312","11,728993",773316000,0.6129032258064516,0.1573371104815864,0.7523512747875354,0
7064,89,76,0.8539325842696629,1,MediClin Herzzentrum Coswig,113,Sachsen-Anhalt,0,"MediClin GmbH & Co.KG, Zweigniederlassung Coswig",privat,"51,877968","12,477287",773066000,0.696969696969697,0.6495575221238938,1.8221238938053097,1
7065,102,80,0.7843137254901961,1,Asklepios Klinik Weißenfels,410,Sachsen-Anhalt,0,Asklepios Klinik Weißenfels GmbH,privat,"51,193821","11,956809",772392000,0.759493670886076,0.3686829268292683,0.8536585365853658,1
7066,34,23,0.6764705882352942,0,KRANKENHAUS SEEHAUSEN,114,Sachsen-Anhalt,0,Krankenhaus Seehausen gGmbH,freigemeinnützig,"52,882021","11,747452",772528000,0.9090909090909091,0.29140350877192983,0.5421052631578948,1
7067,2,2,1.0,1,Salus gGmbH Fachklinikum Uchtspringe,398,Sachsen-Anhalt,0,Salus gGmbH,öffentlich,"52,538757","11,596204",773315000,0.7619047619047619,0.17902010050251257,0.697638190954774,0
7068,13,12,0.9230769230769231,1,Helios Fachklinik Vogelsang-Gommern ,155,Sachsen-Anhalt,0,Helios Fachklinik Vogelsang-Gommern GmbH,privat,"52,084316","11,780572",772240000,1.0,0.4361290322580645,0.6081935483870968,1
7069,2,2,1.0,1,MEDIAN Klinik NRZ Magdeburg,100,Sachsen-Anhalt,0,NRZ Magdeburg MEDIAN Kliniken GmbH &amp; Co. KG,privat,"52,086289","11,638071",773465000,1.0,0.1773,1.1936,1
7070,51,38,0.7450980392156863,0,Krankenhaus St. Marienstift Magdeburg GmbH,174,Sachsen-Anhalt,0,Krankenhaus St. Marienstift Magdeburg GmbH,freigemeinnützig,"52,137062","11,600403",773310000,0.8113207547169812,0.6970689655172413,0.8160344827586208,0
7071,2,2,1.0,1,AMEOS Klinikum Haldensleben GmbH,235,Sachsen-Anhalt,0,AMEOS Gruppe ,privat,"52,284021","11,370514",773580000,0.3333333333333333,0.15859574468085108,0.6031914893617021,1
7072,117,87,0.7435897435897436,0,AMEOS Klinikum Halberstadt,331,Sachsen-Anhalt,0,AMEOS Klinikum Halberstadt GmbH,privat,"51,901057","11,05419",773419000,0.859375,0.6517824773413897,0.9774622356495469,1
7073,93,69,0.7419354838709677,0,Elisabeth Klinikum Schmalkalden GmbH,164,Thüringen,0,Kreiswerke Schmalkalden-Meiningen GmbH,öffentlich,"50,722267","10,441876",772165000,0.2692307692307692,0.3806707317073171,1.0745731707317072,0
7075,117,90,0.7692307692307693,0,Klinikum Bad Salzungen GmbH,433,Thüringen,0,Klinikum Bad Salzungen GmbH (Träger: Wartburgkreis),öffentlich,"50,803813","10,218077",772539000,0.7105263157894737,0.45184757505773676,1.0077136258660508,0
7079,2,2,1.0,1,Helios Fachkliniken Hildburghausen,349,Thüringen,0,Helios Fachkliniken Hildburghausen GmbH,privat,"50,425687","10,744765",772327000,0.03225806451612903,0.16189111747851004,0.6065902578796561,1
7080,49,29,0.5918367346938775,0,Thüringen-Kliniken &quotGeorgius Agricola&quot GmbH,95,Thüringen,0,Landkreis Saalfeld-Rudolstadt,öffentlich,"50,69818","11,590433",772255000,0.75,0.49694736842105264,1.149578947368421,0
7081,45,29,0.6444444444444445,0,Thüringen-Kliniken &quotGeorgius Agricola&quot GmbH Standort Rudolstadt,182,Thüringen,0,Landkreis Saalfeld-Rudolstadt,öffentlich,"50,707051","11,315633",772256000,0.5,0.21406593406593408,0.6515934065934066,0
7082,121,102,0.8429752066115702,1,Thüringen-Kliniken &quotGeorgius Agricola&quot GmbH,547,Thüringen,0,Landkreis Saalfeld-Rudolstadt,öffentlich,"50,644161","11,343892",772621000,0.20535714285714285,0.4727787934186472,1.1319744058500913,0
7083,13,10,0.7692307692307693,0,Marienstift Arnstadt -Fachklinik für Orthopädie,106,Thüringen,0,Marienstift Arnstadt,freigemeinnützig,"50,837851","10,945123",772937000,1.0,0.3938679245283019,0.6554716981132075,0
7084,13,10,0.7692307692307693,0,HELIOS Klinik Bleicherode GmbH,101,Thüringen,0,HELIOS Klinik Bleicherode GmbH,privat,"51,443249","10,566653",772367000,0.6666666666666666,0.29504950495049503,0.6564356435643564,1
7085,97,76,0.7835051546391752,1,SRH Krankenhaus Waltershausen-Friedrichroda GmbH,171,Thüringen,0,SRH Krankenhaus Waltershausen-Friedrichroda GmbH,privat,"50,860803","10,560185",772664000,0.8409090909090909,0.5474853801169591,1.2109941520467835,1
7086,31,28,0.9032258064516129,1,Waldkliniken Eisenberg,204,Thüringen,0,Saale-Holzland-Kreis und Universitätsklinikum Jena,öffentlich,"50,957496","11,882683",771652000,0.6111111111111112,0.6176470588235294,1.4408823529411765,0
7087,85,70,0.8235294117647058,1,Kreiskrankenhaus Greiz-Ronneburg GmbH - IHRE KLINIK in Greiz,229,Thüringen,0,Landkreis Greiz,öffentlich,"50,66352","12,197972",772698000,0.5957446808510638,0.37580786026200874,1.0973799126637556,0
7088,138,95,0.6884057971014492,0,Katholisches Krankenhaus St. Johann Nepomuk Erfurt,419,Thüringen,0,Katholische Hospitalvereinigung Thüringen gGmbH,freigemeinnützig,"50,947253","11,085595",772251000,0.1485148514851485,0.44000000000000006,1.2178042959427207,0
7089,31,24,0.7741935483870968,1,HELIOS Klinik Blankenhain,104,Thüringen,0,HELIOS Klinik Blankenhain GmbH,privat,"50,859854","11,339337",772244000,0.6875,0.5596153846153846,1.189423076923077,1
7090,117,71,0.6068376068376068,0,Robert-Koch-Krankenhaus Apolda GmbH,177,Thüringen,0,Kreis Weimarer Land (100 %iger Gesellschafter),,"51,012816","11,512378",772860000,0.7450980392156863,0.5827118644067797,0.8841242937853108,0
7091,121,99,0.8181818181818182,1,Südharz Klinikum Nordhausen gGmbH,817,Thüringen,0,Landkreis und Stadt Nordhausen,öffentlich,"51,515688","10,795015",771941000,0.6363636363636364,0.3678090575275398,0.7026315789473684,0
7092,5,5,1.0,1,Lungenklinik Neustadt GmbH,81,Thüringen,0,Lungenklinik Neustadt GmbH,privat,"51,560001","10,839836",771547000,0.75,0.3208641975308642,1.0413580246913579,0
7100,5,5,1.0,1,Ökumenisches Hainich Klinikum gGmbH,631,Thüringen,0,Ökumenische Kliniken für Psychiatrie gGmbH Gotha,freigemeinnützig,"51,20807","10,40539",772003000,0.4794520547945205,0.1102852614896989,0.5651505546751189,0
7101,5,4,0.8,1,Kompetenzzentrum St. Elisabeth Fachklinik für Geriatrie,114,Thüringen,0,Katholischen Hospitalvereinigung Thüringen gGmbH,freigemeinnützig,"51,212995","10,219035",772709000,1.0,0.15175438596491225,0.6114035087719298,0
7102,105,68,0.6476190476190476,0,Hufeland Klinikum GmbH Standort Mühlhausen,283,Thüringen,0,Hufeland Klinikum GmbH,öffentlich,"51,201242","10,467689",771235000,0.08333333333333333,0.5377031802120142,1.1434628975265018,0
7103,95,84,0.8842105263157894,1,Hufeland Klinikum GmbH Standort Bad Langensalza,122,Thüringen,0,Hufeland Klinikum GmbH,öffentlich,"51,105295","10,649082",771236000,0.11363636363636363,0.7761475409836065,1.6158196721311475,0
7104,139,102,0.7338129496402878,0,SRH Wald-Klinikum Gera GmbH,965,Thüringen,0,SRH Gesundheit GmbH,privat,"50,868588","12,052146",773690000,0.7046413502109705,0.4890777202072539,1.012155440414508,1
7106,5,5,1.0,1,Kreiskrankenhaus Greiz-Ronneburg GmbH - IHRE FACHKLINIK FÜR GERIATRIE in Ronneburg,113,Thüringen,0,Landkreis Greiz,öffentlich,"50,867014","12,187804",771431000,0.2,0.10964601769911506,0.3965486725663717,0
7107,2,2,1.0,1,Klinik für Psychiatrie Psychotherapie und Psychosomatik Altenburg,130,Thüringen,0,Evangelische Lukas-Stiftung Altenburg,freigemeinnützig,"50,988087","12,425814",771714000,0.5,0.20407692307692307,0.5901538461538461,0
7108,121,74,0.6115702479338843,0,Klinikum Altenburger Land GmbH,419,Thüringen,0,Klinikum Altenburger Land GmbH,öffentlich,"50,971664","12,439656",773479000,0.967741935483871,0.4819331742243437,1.0232458233890216,0
7109,121,104,0.859504132231405,1,Zentralklinik Bad Berka GmbH,647,Thüringen,0,"RHÖN-KLINIKUM AG (87,5%) und Stadt Bad Berka (12,5% Gesellschafteranteile)",privat,"50,889709","11,266986",771973000,0.7772511848341233,0.6289489953632148,0.7672488408037094,0
7110,2,2,1.0,1,Universitätsklinikum Jena,233,Thüringen,1,Universitätsklinikum Jena,öffentlich,"50,928851","11,579304",772875000,0.5333333333333333,0.47832618025751067,0.7921030042918455,1
7111,196,156,0.7959183673469388,1,Universitätsklinikum Jena,1218,Thüringen,1,Universitätsklinikum Jena,öffentlich,"50,885269","11,621469",772874000,0.5855670103092784,0.8716174055829229,1.466584564860427,1
7112,2,2,1.0,1,Klinik an der Weißenburg,42,Thüringen,0,Klinik an der Weißenburg GmbH,privat,"50,730851","11,449115",772017000,0.6,0.2630952380952381,0.4135714285714286,0
7114,111,90,0.8108108108108109,1,MEDINOS Kliniken des Landkreises Sonneberg GmbH,245,Thüringen,0,MEDINOS Kliniken des Landkreises Sonneberg GmbH,freigemeinnützig,"50,354186","11,163157",771725000,0.6129032258064516,0.49387755102040815,1.0877551020408163,0
7115,26,14,0.5384615384615384,0,MEDINOS Kliniken des Landkreises Sonneberg GmbH,60,Thüringen,0,MEDINOS Kliniken des Landkreises Sonneberg GmbH,freigemeinnützig,"50,510926","11,130498",771726000,1.0,0.29333333333333333,1.185,0
7116,116,94,0.8103448275862069,1,HELIOS Klinikum Meiningen,441,Thüringen,0,HELIOS Klinikum Meiningen GmbH,privat,"50,557756","10,397241",771095000,0.8831168831168831,0.519501133786848,1.0811791383219953,1
7117,134,101,0.753731343283582,0,Helios Klinikum Gotha,341,Thüringen,0,Helios Klinikum Gotha GmbH,privat,"50,928446","10,678104",772368000,0.7475728155339806,0.5507331378299121,1.2023460410557185,1
7119,5,5,1.0,1,Geriatrische Fachklinik Georgenhaus,124,Thüringen,0,Sozialwerk Meiningen gGmbH,freigemeinnützig,"50,580026","10,422623",771059000,0.8,0.11096774193548387,0.5075,0
7120,73,52,0.7123287671232876,0,Henneberg-Kliniken-Hildburghausen GmbH ,141,Thüringen,0,Henneberg-Kliniken-Hildburghausen GmbH,öffentlich,"50,428978","10,727969",771721000,0.8333333333333334,0.3659574468085106,1.124113475177305,0
7121,140,103,0.7357142857142858,0,SRH Zentralklinikum Suhl GmbH,519,Thüringen,0,SRH Gesundheit GmbH Heidelberg,privat,"50,602328","10,708874",773357000,0.43478260869565216,0.5860308285163776,0.8929865125240849,1
7122,121,95,0.7851239669421488,1,Sophien- und Hufeland-Klinikum gGmbH,582,Thüringen,0,Sophien- und Hufeland-Klinikum gGmbH,freigemeinnützig,"50,96144","11,322626",771939000,0.7569444444444444,0.4145017182130584,0.6946563573883162,0
7125,2,1,0.5,0,m&i-Fachklinik Bad Liebenstein,75,Thüringen,0,m&i-Klinikgesellschaft Bad Liebenstein GmbH,privat,"50,813941","10,353299",771875000,1.0,0.34266666666666673,1.3679999999999999,0
7126,2,1,0.5,0,MEDIAN Klinik Bad Tennstedt,75,Thüringen,0,MEDIAN Kliniken GmbH,privat,"51,155796","10,841631",772954000,1.0,0.27199999999999996,1.252,1
7127,2,2,1.0,1,Gräfliche Kliniken Moritz Klinik GmbH & Co. KG,52,Thüringen,0,Gräfliche Kliniken Moritz Klinik GmbH & Co. KG,privat,"50,917962","11,860561",772184000,0.7142857142857143,0.2321153846153846,1.8132692307692306,0
7128,97,79,0.8144329896907216,1,Eichsfeld Klinikum gGmbH,238,Thüringen,0,Eichsfeld Klinikum gGmbH,freigemeinnützig,"51,376775","10,141372",772741000,0.896551724137931,0.39155462184873946,0.7558403361344539,0
7129,24,14,0.5833333333333334,0,Eichsfeld Klinikum gGmbH,113,Thüringen,0,Eichsfeld Klinikum gGmbH,freigemeinnützig,"51,347249","10,363153",772743000,0.8260869565217391,0.4320353982300885,0.8632743362831858,0
7130,137,93,0.6788321167883211,0,HELIOS Klinikum Erfurt,1261,Thüringen,0,Helios Klinikum Erfurt GmbH,privat,"50,994088","11,011599",771835000,0.6677316293929713,0.5455987311657414,1.1565424266455195,1
7131,2,1,0.5,0,MEDIAN Heinrich-Mann-Klinik,64,Thüringen,0,MEDIAN Unternehmensgruppe B.V. &amp; Co. KG,privat,"50,810453","10,351993",773554000,0.2727272727272727,0.379375,1.42671875,1
7135,2,2,1.0,1,Asklepios Fachklinikum Stadtroda,383,Thüringen,0,Asklepios Fachklinikum Stadtroda GmbH,privat,"50,861857","11,725882",773048000,0.7419354838709677,0.2031331592689295,0.7825065274151436,1
7136,121,104,0.859504132231405,1,St. Georg Klinikum Eisenach gemeinnützige GmbH,461,Thüringen,0,St. Georg Klinikum Eisenach gemeinnützige GmbH,freigemeinnützig,"50,988709","10,315022",772308000,0.6212121212121212,0.4475488069414317,1.1828416485900217,0
7137,105,84,0.8,1,KMG Klinikum Sömmerda,179,Thüringen,0,KMG Klinikum Thüringen Brandenburg GmbH,privat,"51,162401","11,121487",773338000,0.1,0.366145251396648,1.3556983240223464,1
7138,26,12,0.46153846153846156,0,KMG Manniske Klinik Bad Frankenhausen,65,Thüringen,0,KMG Klinikum Thüringen Brandenburg GmbH,privat,"51,358376","11,095455",773339000,0.0,0.18538461538461537,0.7896923076923077,1
7139,40,36,0.9,1,KMG Klinikum Sondershausen,166,Thüringen,0,KMG Klinikum Thüringen Brandenburg GmbH,privat,"51,373153","10,879312",773340000,0.06060606060606061,0.3513855421686747,1.393734939759036,1
7140,81,63,0.7777777777777778,1,Ilm-Kreis-Kliniken Arnstadt-Ilmenau gGmbH,180,Thüringen,0,Landkreis Ilm-Kreis,öffentlich,"50,679082","10,917115",773583000,0.08333333333333333,0.3716111111111111,1.0011666666666668,0
7141,118,99,0.8389830508474576,1,Ilm-Kreis-Kliniken Arnstadt-Ilmenau gGmbH,193,Thüringen,0,Landkreis Ilm-Kreis,öffentlich,"50,839433","10,941328",773594000,0.06666666666666667,0.5441450777202073,1.3521243523316062,0
7142,25,9,0.36,0,Universitätsmedizin Essen Ruhrlandklinik - Westdeutsches Lungenzentrum,229,Nordrhein-Westfalen,1,Ruhrlandklinik - Westdeutsches Lungenzentrum am Universitätsklinikum Essen gGmbH - Universitätsklinik -,öffentlich,"51,362842","6,989072",772248000,0.9137931034482759,0.5763318777292578,0.9604366812227074,1
7143,15,9,0.6,0,Klinik Donaustauf,120,Bayern,0,Caritas- Krankenhaus St. Maria,öffentlich,"49,036665","12,207828",773628000,0.34615384615384615,0.375,0.7099166666666666,0
7144,5,5,1.0,1,LungenClinic Grosshansdorf,179,Schleswig-Holstein,0,"Deutsche Rentenversicherung Nord, Lübeck",freigemeinnützig,"53,660951","10,280925",772417000,0.06060606060606061,0.4436312849162011,0.7751955307262569,0
7146,24,10,0.4166666666666667,0,Thoraxklinik Heidelberg,310,Baden-Württemberg,0,Thoraxklinik Heidelberg gGmbH,öffentlich,"49,377396","8,689905",771217000,1.0,0.5077096774193548,0.7640645161290323,0
7168,2,2,1.0,1,SRH Fachkrankenhaus Neresheim GmbH,64,Baden-Württemberg,0,SRH Fachkrankenhaus Neresheim GmbH,privat,"48,756548","10,335907",771075000,1.0,0.24828125,1.18359375,1
7171,2,2,1.0,1,Hegau-Jugendwerk GmbH,38,Baden-Württemberg,0,HBK- gemeinnützige Krankenhausbetriebsgesellschaft Hegau-Bodensee-Klinikum mbH und der gemeinnützige Verein Neurologisches Rehabilitationszentrum Jugendwerk Gailingen e.V.,freigemeinnützig,"47,690091","8,767244",773367000,0.2857142857142857,0.17894736842105263,0.9918421052631579,0
7178,2,2,1.0,1,Mariaberg - Fachkrankenhaus Kinder- und Jugendpsychiatrie gGmbH,32,Baden-Württemberg,0,Mariaberg - Fachkrankenhaus Kinder- und Jugendpsychiatrie gGmbH,freigemeinnützig,"48,273985","9,210514",772354000,0.3333333333333333,0.1875,0.22,0
7179,2,2,1.0,1,BlausteinKLINIK GmbH,20,Baden-Württemberg,0,BlausteinKLINIK GmbH,privat,"48,411234","9,941408",773335000,1.0,0.2,0.2535,0
7182,5,4,0.8,1,Evangelisches Geriatriezentrum Berlin gGmbH (EGZB),192,Berlin,0,Johannesstift Diakonie gAG,freigemeinnützig,"52,554379","13,362907",771907000,0.2727272727272727,0.14687499999999998,0.88734375,0
